{
  "scenario": "cam-both-rcs-mjpeg-decoded-rtp",
  "duration_s": 15,
  "warmup_frames": 60,
  "expected_after_warmup": 390,
  "stream": {
    "count": 329,
    "expected": 390,
    "frame_loss": 0.1564102564102564,
    "fps_effective": 29.995818755707216,
    "mean_ms": 5.8360794760289885,
    "stddev_ms": 0.47311135876146265,
    "p50_ms": 5.805379561135371,
    "p95_ms": 6.505201561135371,
    "p99_ms": 7.012752161135364,
    "max_ms": 9.132909561135373,
    "p50_ms_raw": 7.485529,
    "p95_ms_raw": 8.185350999999999,
    "p99_ms_raw": 8.692901599999992,
    "mean_ms_raw": 7.516228914893617,
    "max_ms_raw": 10.813059,
    "producer_encode_mean_ms": 1.6801494388646288,
    "first_id": 129,
    "last_id": 457,
    "gap_count": 0,
    "seen": 389,
    "decoded": 389,
    "decoded_ratio": 1.0
  },
  "ros_raw": {
    "count": 329,
    "expected": 390,
    "frame_loss": 0.1564102564102564,
    "fps_effective": 30.000347171700486,
    "mean_ms": 4.811542469949961,
    "stddev_ms": 0.7575609456898798,
    "p50_ms": 4.595676561135372,
    "p95_ms": 6.936439561135371,
    "p99_ms": 7.779855441135357,
    "max_ms": 9.081912561135372,
    "p50_ms_raw": 6.275826,
    "p95_ms_raw": 8.616589,
    "p99_ms_raw": 9.460004879999985,
    "mean_ms_raw": 6.49169190881459,
    "max_ms_raw": 10.762062,
    "producer_encode_mean_ms": 1.6801494388646288,
    "first_id": 129,
    "last_id": 457,
    "gap_count": 0,
    "seen": 389,
    "decoded": 389,
    "decoded_ratio": 1.0
  },
  "ros_jpeg": {
    "count": 0,
    "expected": 390,
    "frame_loss": null,
    "fps_effective": null,
    "mean_ms": null,
    "stddev_ms": null,
    "p50_ms": null,
    "p95_ms": null,
    "p99_ms": null,
    "max_ms": null,
    "p50_ms_raw": null,
    "p95_ms_raw": null,
    "p99_ms_raw": null,
    "mean_ms_raw": null,
    "max_ms_raw": null,
    "producer_encode_mean_ms": 1.6801494388646288,
    "first_id": null,
    "last_id": null,
    "gap_count": null,
    "seen": null,
    "decoded": null,
    "decoded_ratio": null
  },
  "cpu_stack": {
    "ros2": {
      "mean_pct": 0.0,
      "p95_pct": 0.0,
      "n": 26
    },
    "camera_server_s": {
      "mean_pct": 15.23076923076923,
      "p95_pct": 23.5,
      "n": 26
    },
    "_total": {
      "mean_pct": 15.23076923076923,
      "p95_pct": 23.5,
      "n": 26
    }
  },
  "producer": {
    "frames_produced": 458,
    "underruns": 0,
    "underrun_total_late_ms": 0,
    "base_video_frames": 1100,
    "base_video_catch_up_reuses": 0,
    "encode_count": 458,
    "encode_total_ns": 769508443,
    "encode_max_ns": 4874596
  }
}