{
  "scenario": "cam-both-rcs-mjpeg-decoded-rtp",
  "duration_s": 30,
  "warmup_frames": 60,
  "expected_after_warmup": 840,
  "stream": {
    "count": 815,
    "expected": 840,
    "frame_loss": 0.029761904761904767,
    "fps_effective": 29.997885288757885,
    "mean_ms": 9.119054291627988,
    "stddev_ms": 0.5574722486485445,
    "p50_ms": 9.104341712486884,
    "p95_ms": 9.953640612486884,
    "p99_ms": 10.417594312486885,
    "max_ms": 11.269342712486884,
    "p50_ms_raw": 12.402503,
    "p95_ms_raw": 13.2518019,
    "p99_ms_raw": 13.715755600000001,
    "mean_ms_raw": 12.417215579141104,
    "max_ms_raw": 14.567504,
    "producer_encode_mean_ms": 3.2981612875131163,
    "first_id": 137,
    "last_id": 951,
    "gap_count": 0,
    "seen": 875,
    "decoded": 875,
    "decoded_ratio": 1.0
  },
  "ros_raw": {
    "count": 815,
    "expected": 840,
    "frame_loss": 0.029761904761904767,
    "fps_effective": 30.000319481657776,
    "mean_ms": 8.92878959101449,
    "stddev_ms": 0.5898250307379445,
    "p50_ms": 8.858788712486884,
    "p95_ms": 9.446098612486884,
    "p99_ms": 11.43101475248689,
    "max_ms": 15.443228712486883,
    "p50_ms_raw": 12.15695,
    "p95_ms_raw": 12.7442599,
    "p99_ms_raw": 14.729176040000006,
    "mean_ms_raw": 12.226950878527607,
    "max_ms_raw": 18.74139,
    "producer_encode_mean_ms": 3.2981612875131163,
    "first_id": 137,
    "last_id": 951,
    "gap_count": 0,
    "seen": 875,
    "decoded": 875,
    "decoded_ratio": 1.0
  },
  "ros_jpeg": {
    "count": 0,
    "expected": 840,
    "frame_loss": null,
    "fps_effective": null,
    "mean_ms": null,
    "stddev_ms": null,
    "p50_ms": null,
    "p95_ms": null,
    "p99_ms": null,
    "max_ms": null,
    "p50_ms_raw": null,
    "p95_ms_raw": null,
    "p99_ms_raw": null,
    "mean_ms_raw": null,
    "max_ms_raw": null,
    "producer_encode_mean_ms": 3.2981612875131163,
    "first_id": null,
    "last_id": null,
    "gap_count": null,
    "seen": null,
    "decoded": null,
    "decoded_ratio": null
  },
  "cpu_stack": {
    "ros2": {
      "mean_pct": 0.0,
      "p95_pct": 0.0,
      "n": 56
    },
    "camera_server_s": {
      "mean_pct": 21.214285714285715,
      "p95_pct": 24.0,
      "n": 56
    },
    "_total": {
      "mean_pct": 21.214285714285715,
      "p95_pct": 24.0,
      "n": 56
    }
  },
  "producer": {
    "frames_produced": 953,
    "underruns": 0,
    "underrun_total_late_ms": 0,
    "base_video_frames": 1439,
    "base_video_catch_up_reuses": 0,
    "encode_count": 953,
    "encode_total_ns": 3143147707,
    "encode_max_ns": 13684332
  }
}