{
  "scenario": "cam-both-rcs-yuv-rtp",
  "duration_s": 15,
  "warmup_frames": 60,
  "expected_after_warmup": 390,
  "stream": {
    "count": 332,
    "expected": 390,
    "frame_loss": 0.14871794871794874,
    "fps_effective": 29.999768123544502,
    "mean_ms": 5.2738270018981845,
    "stddev_ms": 0.31842791354883176,
    "p50_ms": 5.292093266958425,
    "p95_ms": 5.736874716958425,
    "p99_ms": 6.096888966958424,
    "max_ms": 6.490206266958425,
    "p50_ms_raw": 5.568814,
    "p95_ms_raw": 6.01359545,
    "p99_ms_raw": 6.373609699999999,
    "mean_ms_raw": 5.55054773493976,
    "max_ms_raw": 6.766927,
    "producer_encode_mean_ms": 0.27672073304157546,
    "first_id": 125,
    "last_id": 456,
    "gap_count": 0,
    "seen": 392,
    "decoded": 392,
    "decoded_ratio": 1.0
  },
  "ros_raw": {
    "count": 333,
    "expected": 390,
    "frame_loss": 0.1461538461538462,
    "fps_effective": 29.999875867381103,
    "mean_ms": 3.3305972429344,
    "stddev_ms": 0.623541684820046,
    "p50_ms": 3.1653722669584243,
    "p95_ms": 4.837347466958424,
    "p99_ms": 6.242232386958425,
    "max_ms": 6.435905266958425,
    "p50_ms_raw": 3.442093,
    "p95_ms_raw": 5.114068199999999,
    "p99_ms_raw": 6.51895312,
    "mean_ms_raw": 3.6073179759759757,
    "max_ms_raw": 6.712626,
    "producer_encode_mean_ms": 0.27672073304157546,
    "first_id": 124,
    "last_id": 456,
    "gap_count": 0,
    "seen": 393,
    "decoded": 393,
    "decoded_ratio": 1.0
  },
  "ros_jpeg": {
    "count": 0,
    "expected": 390,
    "frame_loss": null,
    "fps_effective": null,
    "mean_ms": null,
    "stddev_ms": null,
    "p50_ms": null,
    "p95_ms": null,
    "p99_ms": null,
    "max_ms": null,
    "p50_ms_raw": null,
    "p95_ms_raw": null,
    "p99_ms_raw": null,
    "mean_ms_raw": null,
    "max_ms_raw": null,
    "producer_encode_mean_ms": 0.27672073304157546,
    "first_id": null,
    "last_id": null,
    "gap_count": null,
    "seen": null,
    "decoded": null,
    "decoded_ratio": null
  },
  "cpu_stack": {
    "ros2": {
      "mean_pct": 0.0,
      "p95_pct": 0.0,
      "n": 26
    },
    "camera_server_s": {
      "mean_pct": 13.692307692307692,
      "p95_pct": 17.5,
      "n": 26
    },
    "_total": {
      "mean_pct": 13.692307692307692,
      "p95_pct": 17.5,
      "n": 26
    }
  },
  "producer": {
    "frames_produced": 457,
    "underruns": 0,
    "underrun_total_late_ms": 0,
    "base_video_frames": 1100,
    "base_video_catch_up_reuses": 0,
    "encode_count": 457,
    "encode_total_ns": 126461375,
    "encode_max_ns": 765689
  }
}