{
  "scenario": "cam-both-rcs-yuv-rtp",
  "duration_s": 30,
  "warmup_frames": 60,
  "expected_after_warmup": 840,
  "stream": {
    "count": 824,
    "expected": 840,
    "frame_loss": 0.01904761904761909,
    "fps_effective": 29.99885944299947,
    "mean_ms": 10.556034287828933,
    "stddev_ms": 0.5838051568717497,
    "p50_ms": 10.480667083945436,
    "p95_ms": 11.238594183945436,
    "p99_ms": 12.871474933945436,
    "max_ms": 13.907254083945435,
    "p50_ms_raw": 11.120716,
    "p95_ms_raw": 11.8786431,
    "p99_ms_raw": 13.51152385,
    "mean_ms_raw": 11.196083203883497,
    "max_ms_raw": 14.547303,
    "producer_encode_mean_ms": 0.6400489160545645,
    "first_id": 128,
    "last_id": 951,
    "gap_count": 0,
    "seen": 884,
    "decoded": 884,
    "decoded_ratio": 1.0
  },
  "ros_raw": {
    "count": 825,
    "expected": 840,
    "frame_loss": 0.017857142857142905,
    "fps_effective": 30.00034990165381,
    "mean_ms": 6.595051708187859,
    "stddev_ms": 0.20500367703043623,
    "p50_ms": 6.558869083945435,
    "p95_ms": 6.924543683945435,
    "p99_ms": 7.243270123945435,
    "max_ms": 8.244330083945435,
    "p50_ms_raw": 7.198918,
    "p95_ms_raw": 7.5645926,
    "p99_ms_raw": 7.88331904,
    "mean_ms_raw": 7.235100624242424,
    "max_ms_raw": 8.884379,
    "producer_encode_mean_ms": 0.6400489160545645,
    "first_id": 127,
    "last_id": 951,
    "gap_count": 0,
    "seen": 885,
    "decoded": 885,
    "decoded_ratio": 1.0
  },
  "ros_jpeg": {
    "count": 0,
    "expected": 840,
    "frame_loss": null,
    "fps_effective": null,
    "mean_ms": null,
    "stddev_ms": null,
    "p50_ms": null,
    "p95_ms": null,
    "p99_ms": null,
    "max_ms": null,
    "p50_ms_raw": null,
    "p95_ms_raw": null,
    "p99_ms_raw": null,
    "mean_ms_raw": null,
    "max_ms_raw": null,
    "producer_encode_mean_ms": 0.6400489160545645,
    "first_id": null,
    "last_id": null,
    "gap_count": null,
    "seen": null,
    "decoded": null,
    "decoded_ratio": null
  },
  "cpu_stack": {
    "ros2": {
      "mean_pct": 0.0,
      "p95_pct": 0.0,
      "n": 56
    },
    "camera_server_s": {
      "mean_pct": 24.142857142857142,
      "p95_pct": 26.0,
      "n": 56
    },
    "_total": {
      "mean_pct": 24.142857142857142,
      "p95_pct": 26.0,
      "n": 56
    }
  },
  "producer": {
    "frames_produced": 953,
    "underruns": 0,
    "underrun_total_late_ms": 0,
    "base_video_frames": 1439,
    "base_video_catch_up_reuses": 0,
    "encode_count": 953,
    "encode_total_ns": 609966617,
    "encode_max_ns": 2178345
  }
}