{
  "scenario": "cam-both-usb_cam+gst_bridge-mjpeg-rtp",
  "duration_s": 15,
  "warmup_frames": 60,
  "expected_after_warmup": 390,
  "stream": {
    "count": 343,
    "expected": 390,
    "frame_loss": 0.12051282051282053,
    "fps_effective": 29.99909971649151,
    "mean_ms": 9.712539039280935,
    "stddev_ms": 0.510411474287902,
    "p50_ms": 9.619558838114754,
    "p95_ms": 10.591403938114754,
    "p99_ms": 11.574438258114755,
    "max_ms": 13.409657838114754,
    "p50_ms_raw": 11.330361,
    "p95_ms_raw": 12.3022061,
    "p99_ms_raw": 13.285240420000001,
    "mean_ms_raw": 11.423341201166181,
    "max_ms_raw": 15.12046,
    "producer_encode_mean_ms": 1.710802161885246,
    "first_id": 145,
    "last_id": 487,
    "gap_count": 0,
    "seen": 403,
    "decoded": 403,
    "decoded_ratio": 1.0
  },
  "ros_raw": {
    "count": 403,
    "expected": 390,
    "frame_loss": 0.0,
    "fps_effective": 30.00652697048217,
    "mean_ms": 4.204166431166864,
    "stddev_ms": 0.39840820973570823,
    "p50_ms": 4.149588838114754,
    "p95_ms": 4.778274238114753,
    "p99_ms": 5.953796218114757,
    "max_ms": 7.104941838114755,
    "p50_ms_raw": 5.860391,
    "p95_ms_raw": 6.489076399999999,
    "p99_ms_raw": 7.664598380000003,
    "mean_ms_raw": 5.91496859305211,
    "max_ms_raw": 8.815744,
    "producer_encode_mean_ms": 1.710802161885246,
    "first_id": 85,
    "last_id": 487,
    "gap_count": 0,
    "seen": 463,
    "decoded": 463,
    "decoded_ratio": 1.0
  },
  "ros_jpeg": {
    "count": 0,
    "expected": 390,
    "frame_loss": null,
    "fps_effective": null,
    "mean_ms": null,
    "stddev_ms": null,
    "p50_ms": null,
    "p95_ms": null,
    "p99_ms": null,
    "max_ms": null,
    "p50_ms_raw": null,
    "p95_ms_raw": null,
    "p99_ms_raw": null,
    "mean_ms_raw": null,
    "max_ms_raw": null,
    "producer_encode_mean_ms": 1.710802161885246,
    "first_id": null,
    "last_id": null,
    "gap_count": null,
    "seen": null,
    "decoded": null,
    "decoded_ratio": null
  },
  "cpu_stack": {
    "ros2": {
      "mean_pct": 0.0,
      "p95_pct": 0.0,
      "n": 26
    },
    "usb_cam_node_ex": {
      "mean_pct": 10.923076923076923,
      "p95_pct": 12.0,
      "n": 26
    },
    "gst-launch-1.0": {
      "mean_pct": 10.384615384615385,
      "p95_pct": 12.0,
      "n": 26
    },
    "_total": {
      "mean_pct": 21.307692307692307,
      "p95_pct": 23.5,
      "n": 26
    }
  },
  "producer": {
    "frames_produced": 488,
    "underruns": 0,
    "underrun_total_late_ms": 0,
    "base_video_frames": 1100,
    "base_video_catch_up_reuses": 0,
    "encode_count": 488,
    "encode_total_ns": 834871455,
    "encode_max_ns": 4554958
  }
}