{
  "scenario": "cam-both-usb_cam+gst_bridge-mjpeg-rtp",
  "duration_s": 30,
  "warmup_frames": 60,
  "expected_after_warmup": 840,
  "stream": {
    "count": 838,
    "expected": 840,
    "frame_loss": 0.0023809523809523725,
    "fps_effective": 29.99883430228605,
    "mean_ms": 17.817209583828728,
    "stddev_ms": 0.6425939839887358,
    "p50_ms": 17.757387817718943,
    "p95_ms": 18.80492181771894,
    "p99_ms": 19.972281597718943,
    "max_ms": 22.241955817718942,
    "p50_ms_raw": 21.072375,
    "p95_ms_raw": 22.119909,
    "p99_ms_raw": 23.28726878,
    "mean_ms_raw": 21.132196766109786,
    "max_ms_raw": 25.556943,
    "producer_encode_mean_ms": 3.314987182281059,
    "first_id": 144,
    "last_id": 981,
    "gap_count": 0,
    "seen": 898,
    "decoded": 898,
    "decoded_ratio": 1.0
  },
  "ros_raw": {
    "count": 845,
    "expected": 840,
    "frame_loss": 0.0,
    "fps_effective": 29.99930111012081,
    "mean_ms": 7.732729221269238,
    "stddev_ms": 0.41573116719599695,
    "p50_ms": 7.70263981771894,
    "p95_ms": 8.302534417718942,
    "p99_ms": 9.02010325771894,
    "max_ms": 11.28553781771894,
    "p50_ms_raw": 11.017627,
    "p95_ms_raw": 11.6175216,
    "p99_ms_raw": 12.335090439999998,
    "mean_ms_raw": 11.047716403550297,
    "max_ms_raw": 14.600525,
    "producer_encode_mean_ms": 3.314987182281059,
    "first_id": 137,
    "last_id": 981,
    "gap_count": 0,
    "seen": 905,
    "decoded": 905,
    "decoded_ratio": 1.0
  },
  "ros_jpeg": {
    "count": 0,
    "expected": 840,
    "frame_loss": null,
    "fps_effective": null,
    "mean_ms": null,
    "stddev_ms": null,
    "p50_ms": null,
    "p95_ms": null,
    "p99_ms": null,
    "max_ms": null,
    "p50_ms_raw": null,
    "p95_ms_raw": null,
    "p99_ms_raw": null,
    "mean_ms_raw": null,
    "max_ms_raw": null,
    "producer_encode_mean_ms": 3.314987182281059,
    "first_id": null,
    "last_id": null,
    "gap_count": null,
    "seen": null,
    "decoded": null,
    "decoded_ratio": null
  },
  "cpu_stack": {
    "ros2": {
      "mean_pct": 0.0,
      "p95_pct": 0.0,
      "n": 56
    },
    "usb_cam_node_ex": {
      "mean_pct": 19.571428571428573,
      "p95_pct": 20.5,
      "n": 56
    },
    "gst-launch-1.0": {
      "mean_pct": 20.821428571428573,
      "p95_pct": 22.0,
      "n": 56
    },
    "_total": {
      "mean_pct": 40.392857142857146,
      "p95_pct": 42.5,
      "n": 56
    }
  },
  "producer": {
    "frames_produced": 982,
    "underruns": 0,
    "underrun_total_late_ms": 0,
    "base_video_frames": 1440,
    "base_video_catch_up_reuses": 0,
    "encode_count": 982,
    "encode_total_ns": 3255317413,
    "encode_max_ns": 8383101
  }
}