{
  "scenario": "cam-both-rcs-mjpeg-rtp",
  "duration_s": 30,
  "warmup_frames": 60,
  "expected_after_warmup": 840,
  "stream": {
    "count": 818,
    "expected": 840,
    "frame_loss": 0.02619047619047621,
    "fps_effective": 29.999506991333384,
    "mean_ms": 8.846338747339278,
    "stddev_ms": 0.5364126500943446,
    "p50_ms": 8.776482161764704,
    "p95_ms": 9.731734661764705,
    "p99_ms": 10.587049951764708,
    "max_ms": 11.629289161764707,
    "p50_ms_raw": 12.173471,
    "p95_ms_raw": 13.1287235,
    "p99_ms_raw": 13.984038790000003,
    "mean_ms_raw": 12.243327585574573,
    "max_ms_raw": 15.026278,
    "producer_encode_mean_ms": 3.396988838235294,
    "first_id": 134,
    "last_id": 951,
    "gap_count": 0,
    "seen": 878,
    "decoded": 878,
    "decoded_ratio": 1.0
  },
  "ros_raw": {
    "count": 0,
    "expected": 840,
    "frame_loss": null,
    "fps_effective": null,
    "mean_ms": null,
    "stddev_ms": null,
    "p50_ms": null,
    "p95_ms": null,
    "p99_ms": null,
    "max_ms": null,
    "p50_ms_raw": null,
    "p95_ms_raw": null,
    "p99_ms_raw": null,
    "mean_ms_raw": null,
    "max_ms_raw": null,
    "producer_encode_mean_ms": 3.396988838235294,
    "first_id": null,
    "last_id": null,
    "gap_count": null,
    "seen": null,
    "decoded": null,
    "decoded_ratio": null
  },
  "ros_jpeg": {
    "count": 819,
    "expected": 840,
    "frame_loss": 0.025000000000000022,
    "fps_effective": 29.999829760868252,
    "mean_ms": 2.6540604792250235,
    "stddev_ms": 0.3810199687668014,
    "p50_ms": 2.6176491617647057,
    "p95_ms": 3.2227891617647018,
    "p99_ms": 4.150055601764702,
    "max_ms": 5.618883161764706,
    "p50_ms_raw": 6.014638,
    "p95_ms_raw": 6.619777999999996,
    "p99_ms_raw": 7.547044439999996,
    "mean_ms_raw": 6.0510493174603175,
    "max_ms_raw": 9.015872,
    "producer_encode_mean_ms": 3.396988838235294,
    "first_id": 133,
    "last_id": 951,
    "gap_count": 0,
    "seen": 879,
    "decoded": 879,
    "decoded_ratio": 1.0
  },
  "cpu_stack": {
    "ros2": {
      "mean_pct": 0.0,
      "p95_pct": 0.0,
      "n": 56
    },
    "camera_server_s": {
      "mean_pct": 3.6785714285714284,
      "p95_pct": 6.0,
      "n": 56
    },
    "_total": {
      "mean_pct": 3.6785714285714284,
      "p95_pct": 6.0,
      "n": 56
    }
  },
  "producer": {
    "frames_produced": 952,
    "underruns": 0,
    "underrun_total_late_ms": 0,
    "base_video_frames": 1439,
    "base_video_catch_up_reuses": 0,
    "encode_count": 952,
    "encode_total_ns": 3233933374,
    "encode_max_ns": 7769143
  }
}