{
  "scenario": "cam-both-rcs-mjpeg-rtp",
  "duration_s": 15,
  "warmup_frames": 60,
  "expected_after_warmup": 390,
  "stream": {
    "count": 329,
    "expected": 390,
    "frame_loss": 0.1564102564102564,
    "fps_effective": 29.999733792606136,
    "mean_ms": 5.634239605208319,
    "stddev_ms": 0.4270921310035575,
    "p50_ms": 5.606262061135371,
    "p95_ms": 6.3069248611353705,
    "p99_ms": 6.614929461135371,
    "max_ms": 8.446812061135372,
    "p50_ms_raw": 7.248422,
    "p95_ms_raw": 7.9490848,
    "p99_ms_raw": 8.2570894,
    "mean_ms_raw": 7.276399544072948,
    "max_ms_raw": 10.088972,
    "producer_encode_mean_ms": 1.6421599388646289,
    "first_id": 129,
    "last_id": 457,
    "gap_count": 0,
    "seen": 389,
    "decoded": 389,
    "decoded_ratio": 1.0
  },
  "ros_raw": {
    "count": 0,
    "expected": 390,
    "frame_loss": null,
    "fps_effective": null,
    "mean_ms": null,
    "stddev_ms": null,
    "p50_ms": null,
    "p95_ms": null,
    "p99_ms": null,
    "max_ms": null,
    "p50_ms_raw": null,
    "p95_ms_raw": null,
    "p99_ms_raw": null,
    "mean_ms_raw": null,
    "max_ms_raw": null,
    "producer_encode_mean_ms": 1.6421599388646289,
    "first_id": null,
    "last_id": null,
    "gap_count": null,
    "seen": null,
    "decoded": null,
    "decoded_ratio": null
  },
  "ros_jpeg": {
    "count": 329,
    "expected": 390,
    "frame_loss": 0.1564102564102564,
    "fps_effective": 30.001181245290006,
    "mean_ms": 2.007883665998593,
    "stddev_ms": 0.33301375361820024,
    "p50_ms": 1.973730061135371,
    "p95_ms": 2.5143470611353704,
    "p99_ms": 3.261908621135367,
    "max_ms": 4.795684061135371,
    "p50_ms_raw": 3.61589,
    "p95_ms_raw": 4.1565069999999995,
    "p99_ms_raw": 4.904068559999996,
    "mean_ms_raw": 3.650043604863222,
    "max_ms_raw": 6.437844,
    "producer_encode_mean_ms": 1.6421599388646289,
    "first_id": 129,
    "last_id": 457,
    "gap_count": 0,
    "seen": 389,
    "decoded": 389,
    "decoded_ratio": 1.0
  },
  "cpu_stack": {
    "ros2": {
      "mean_pct": 0.0,
      "p95_pct": 0.0,
      "n": 26
    },
    "camera_server_s": {
      "mean_pct": 6.230769230769231,
      "p95_pct": 11.0,
      "n": 26
    },
    "_total": {
      "mean_pct": 6.230769230769231,
      "p95_pct": 11.0,
      "n": 26
    }
  },
  "producer": {
    "frames_produced": 458,
    "underruns": 0,
    "underrun_total_late_ms": 0,
    "base_video_frames": 1100,
    "base_video_catch_up_reuses": 0,
    "encode_count": 458,
    "encode_total_ns": 752109252,
    "encode_max_ns": 3418298
  }
}