{
  "scenario": "cam-both-gscam+gst_bridge-yuv-rtp",
  "duration_s": 15,
  "warmup_frames": 60,
  "expected_after_warmup": 390,
  "stream": {
    "count": 343,
    "expected": 390,
    "frame_loss": 0.12051282051282053,
    "fps_effective": 29.996641094538028,
    "mean_ms": 8.909014240566602,
    "stddev_ms": 0.5874086167592265,
    "p50_ms": 8.793089010245902,
    "p95_ms": 9.995911910245901,
    "p99_ms": 11.0276684502459,
    "max_ms": 13.626426010245902,
    "p50_ms_raw": 9.055375,
    "p95_ms_raw": 10.258197899999999,
    "p99_ms_raw": 11.289954439999997,
    "mean_ms_raw": 9.1713002303207,
    "max_ms_raw": 13.888712,
    "producer_encode_mean_ms": 0.26228598975409834,
    "first_id": 145,
    "last_id": 487,
    "gap_count": 0,
    "seen": 403,
    "decoded": 403,
    "decoded_ratio": 1.0
  },
  "ros_raw": {
    "count": 404,
    "expected": 390,
    "frame_loss": 0.0,
    "fps_effective": 29.99977084418219,
    "mean_ms": 3.4681409805429313,
    "stddev_ms": 0.36449069890696423,
    "p50_ms": 3.3990395102459017,
    "p95_ms": 4.113673310245901,
    "p99_ms": 4.738440800245897,
    "max_ms": 7.0836120102459015,
    "p50_ms_raw": 3.6613255000000002,
    "p95_ms_raw": 4.3759593,
    "p99_ms_raw": 5.000726789999995,
    "mean_ms_raw": 3.73042697029703,
    "max_ms_raw": 7.345898,
    "producer_encode_mean_ms": 0.26228598975409834,
    "first_id": 84,
    "last_id": 487,
    "gap_count": 0,
    "seen": 464,
    "decoded": 464,
    "decoded_ratio": 1.0
  },
  "ros_jpeg": {
    "count": 0,
    "expected": 390,
    "frame_loss": null,
    "fps_effective": null,
    "mean_ms": null,
    "stddev_ms": null,
    "p50_ms": null,
    "p95_ms": null,
    "p99_ms": null,
    "max_ms": null,
    "p50_ms_raw": null,
    "p95_ms_raw": null,
    "p99_ms_raw": null,
    "mean_ms_raw": null,
    "max_ms_raw": null,
    "producer_encode_mean_ms": 0.26228598975409834,
    "first_id": null,
    "last_id": null,
    "gap_count": null,
    "seen": null,
    "decoded": null,
    "decoded_ratio": null
  },
  "cpu_stack": {
    "ros2": {
      "mean_pct": 0.0,
      "p95_pct": 0.0,
      "n": 26
    },
    "gscam_node": {
      "mean_pct": 8.384615384615385,
      "p95_pct": 10.0,
      "n": 26
    },
    "gst-launch-1.0": {
      "mean_pct": 10.23076923076923,
      "p95_pct": 12.0,
      "n": 26
    },
    "_total": {
      "mean_pct": 18.615384615384617,
      "p95_pct": 21.5,
      "n": 26
    }
  },
  "producer": {
    "frames_produced": 488,
    "underruns": 0,
    "underrun_total_late_ms": 0,
    "base_video_frames": 1100,
    "base_video_catch_up_reuses": 0,
    "encode_count": 488,
    "encode_total_ns": 127995563,
    "encode_max_ns": 1021962
  }
}