{
  "scenario": "cam-both-gscam+gst_bridge-yuv-rtp",
  "duration_s": 30,
  "warmup_frames": 60,
  "expected_after_warmup": 840,
  "stream": {
    "count": 837,
    "expected": 840,
    "frame_loss": 0.0035714285714285587,
    "fps_effective": 29.998703855404028,
    "mean_ms": 20.03556890642354,
    "stddev_ms": 0.5849579654254446,
    "p50_ms": 19.97348967344863,
    "p95_ms": 20.976464073448625,
    "p99_ms": 22.221470553448626,
    "max_ms": 23.410516673448626,
    "p50_ms_raw": 20.605084,
    "p95_ms_raw": 21.608058399999997,
    "p99_ms_raw": 22.853064879999998,
    "mean_ms_raw": 20.66716323297491,
    "max_ms_raw": 24.042111,
    "producer_encode_mean_ms": 0.6315943265513734,
    "first_id": 145,
    "last_id": 981,
    "gap_count": 0,
    "seen": 897,
    "decoded": 897,
    "decoded_ratio": 1.0
  },
  "ros_raw": {
    "count": 847,
    "expected": 840,
    "frame_loss": 0.0,
    "fps_effective": 30.000054266055606,
    "mean_ms": 9.92533874310624,
    "stddev_ms": 0.30392710444686893,
    "p50_ms": 9.891308673448625,
    "p95_ms": 10.328703473448625,
    "p99_ms": 10.765367933448625,
    "max_ms": 13.324619673448625,
    "p50_ms_raw": 10.522903,
    "p95_ms_raw": 10.9602978,
    "p99_ms_raw": 11.396962259999999,
    "mean_ms_raw": 10.556933069657614,
    "max_ms_raw": 13.956214,
    "producer_encode_mean_ms": 0.6315943265513734,
    "first_id": 135,
    "last_id": 981,
    "gap_count": 0,
    "seen": 907,
    "decoded": 907,
    "decoded_ratio": 1.0
  },
  "ros_jpeg": {
    "count": 0,
    "expected": 840,
    "frame_loss": null,
    "fps_effective": null,
    "mean_ms": null,
    "stddev_ms": null,
    "p50_ms": null,
    "p95_ms": null,
    "p99_ms": null,
    "max_ms": null,
    "p50_ms_raw": null,
    "p95_ms_raw": null,
    "p99_ms_raw": null,
    "mean_ms_raw": null,
    "max_ms_raw": null,
    "producer_encode_mean_ms": 0.6315943265513734,
    "first_id": null,
    "last_id": null,
    "gap_count": null,
    "seen": null,
    "decoded": null,
    "decoded_ratio": null
  },
  "cpu_stack": {
    "ros2": {
      "mean_pct": 0.0,
      "p95_pct": 0.0,
      "n": 56
    },
    "gscam_node": {
      "mean_pct": 25.785714285714285,
      "p95_pct": 28.0,
      "n": 56
    },
    "gst-launch-1.0": {
      "mean_pct": 20.892857142857142,
      "p95_pct": 22.0,
      "n": 56
    },
    "_total": {
      "mean_pct": 46.67857142857143,
      "p95_pct": 48.5,
      "n": 56
    }
  },
  "producer": {
    "frames_produced": 983,
    "underruns": 0,
    "underrun_total_late_ms": 0,
    "base_video_frames": 1439,
    "base_video_catch_up_reuses": 0,
    "encode_count": 983,
    "encode_total_ns": 620857223,
    "encode_max_ns": 2121950
  }
}