{
  "scenario": "cam-both-rcs-mjpeg-rtp",
  "duration_s": 15,
  "warmup_frames": 60,
  "expected_after_warmup": 390,
  "stream": {
    "count": 330,
    "expected": 390,
    "frame_loss": 0.15384615384615385,
    "fps_effective": 30.002412915333,
    "mean_ms": 5.616888770627847,
    "stddev_ms": 0.3568539635772983,
    "p50_ms": 5.63658094335512,
    "p95_ms": 6.18364514335512,
    "p99_ms": 6.40179293335512,
    "max_ms": 6.7341619433551205,
    "p50_ms_raw": 7.258831,
    "p95_ms_raw": 7.8058952,
    "p99_ms_raw": 8.02404299,
    "mean_ms_raw": 7.239138827272727,
    "max_ms_raw": 8.356412,
    "producer_encode_mean_ms": 1.6222500566448803,
    "first_id": 129,
    "last_id": 458,
    "gap_count": 0,
    "seen": 390,
    "decoded": 390,
    "decoded_ratio": 1.0
  },
  "ros_raw": {
    "count": 0,
    "expected": 390,
    "frame_loss": null,
    "fps_effective": null,
    "mean_ms": null,
    "stddev_ms": null,
    "p50_ms": null,
    "p95_ms": null,
    "p99_ms": null,
    "max_ms": null,
    "p50_ms_raw": null,
    "p95_ms_raw": null,
    "p99_ms_raw": null,
    "mean_ms_raw": null,
    "max_ms_raw": null,
    "producer_encode_mean_ms": 1.6222500566448803,
    "first_id": null,
    "last_id": null,
    "gap_count": null,
    "seen": null,
    "decoded": null,
    "decoded_ratio": null
  },
  "ros_jpeg": {
    "count": 330,
    "expected": 390,
    "frame_loss": 0.15384615384615385,
    "fps_effective": 30.000059727474536,
    "mean_ms": 1.9589267039611802,
    "stddev_ms": 0.21428951797511311,
    "p50_ms": 1.9317474433551196,
    "p95_ms": 2.32681799335512,
    "p99_ms": 2.699766793355119,
    "max_ms": 2.83708394335512,
    "p50_ms_raw": 3.5539975,
    "p95_ms_raw": 3.94906805,
    "p99_ms_raw": 4.322016849999999,
    "mean_ms_raw": 3.5811767606060605,
    "max_ms_raw": 4.459334,
    "producer_encode_mean_ms": 1.6222500566448803,
    "first_id": 129,
    "last_id": 458,
    "gap_count": 0,
    "seen": 390,
    "decoded": 390,
    "decoded_ratio": 1.0
  },
  "cpu_stack": {
    "ros2": {
      "mean_pct": 0.0,
      "p95_pct": 0.0,
      "n": 26
    },
    "camera_server_s": {
      "mean_pct": 6.153846153846154,
      "p95_pct": 7.5,
      "n": 26
    },
    "_total": {
      "mean_pct": 6.153846153846154,
      "p95_pct": 7.5,
      "n": 26
    }
  },
  "producer": {
    "frames_produced": 459,
    "underruns": 0,
    "underrun_total_late_ms": 0,
    "base_video_frames": 1100,
    "base_video_catch_up_reuses": 0,
    "encode_count": 459,
    "encode_total_ns": 744612776,
    "encode_max_ns": 2950643
  }
}