{
  "scenario": "cam-both-rcs-mjpeg-rtp",
  "duration_s": 30,
  "warmup_frames": 60,
  "expected_after_warmup": 840,
  "stream": {
    "count": 823,
    "expected": 840,
    "frame_loss": 0.020238095238095277,
    "fps_effective": 29.999626402827733,
    "mean_ms": 8.830918354530493,
    "stddev_ms": 0.5944987990416797,
    "p50_ms": 8.745809870933893,
    "p95_ms": 9.771867570933892,
    "p99_ms": 10.876321730933892,
    "max_ms": 11.953312870933894,
    "p50_ms_raw": 11.9887,
    "p95_ms_raw": 13.014757699999999,
    "p99_ms_raw": 14.119211859999998,
    "mean_ms_raw": 12.073808483596599,
    "max_ms_raw": 15.196203,
    "producer_encode_mean_ms": 3.2428901290661067,
    "first_id": 130,
    "last_id": 952,
    "gap_count": 0,
    "seen": 883,
    "decoded": 883,
    "decoded_ratio": 1.0
  },
  "ros_raw": {
    "count": 0,
    "expected": 840,
    "frame_loss": null,
    "fps_effective": null,
    "mean_ms": null,
    "stddev_ms": null,
    "p50_ms": null,
    "p95_ms": null,
    "p99_ms": null,
    "max_ms": null,
    "p50_ms_raw": null,
    "p95_ms_raw": null,
    "p99_ms_raw": null,
    "mean_ms_raw": null,
    "max_ms_raw": null,
    "producer_encode_mean_ms": 3.2428901290661067,
    "first_id": null,
    "last_id": null,
    "gap_count": null,
    "seen": null,
    "decoded": null,
    "decoded_ratio": null
  },
  "ros_jpeg": {
    "count": 824,
    "expected": 840,
    "frame_loss": 0.01904761904761909,
    "fps_effective": 29.99995440006931,
    "mean_ms": 2.6645655517591362,
    "stddev_ms": 0.3519626127601727,
    "p50_ms": 2.6444568709338934,
    "p95_ms": 3.1462507709338934,
    "p99_ms": 4.137473480933892,
    "max_ms": 4.466649870933892,
    "p50_ms_raw": 5.887347,
    "p95_ms_raw": 6.3891409,
    "p99_ms_raw": 7.380363609999999,
    "mean_ms_raw": 5.907455680825243,
    "max_ms_raw": 7.70954,
    "producer_encode_mean_ms": 3.2428901290661067,
    "first_id": 129,
    "last_id": 952,
    "gap_count": 0,
    "seen": 884,
    "decoded": 884,
    "decoded_ratio": 1.0
  },
  "cpu_stack": {
    "ros2": {
      "mean_pct": 0.0,
      "p95_pct": 0.0,
      "n": 56
    },
    "camera_server_s": {
      "mean_pct": 3.607142857142857,
      "p95_pct": 6.0,
      "n": 56
    },
    "_total": {
      "mean_pct": 3.607142857142857,
      "p95_pct": 6.0,
      "n": 56
    }
  },
  "producer": {
    "frames_produced": 953,
    "underruns": 0,
    "underrun_total_late_ms": 0,
    "base_video_frames": 1439,
    "base_video_catch_up_reuses": 0,
    "encode_count": 953,
    "encode_total_ns": 3090474293,
    "encode_max_ns": 7771222
  }
}