{
  "scenario": "cam-both-rcs-yuv-webrtc",
  "duration_s": 30,
  "warmup_frames": 60,
  "expected_after_warmup": 840,
  "stream": {
    "count": 825,
    "expected": 840,
    "frame_loss": 0.017857142857142905,
    "fps_effective": 29.999248467128165,
    "mean_ms": 9.498836771463967,
    "stddev_ms": 0.7311426276916563,
    "p50_ms": 9.366846993282149,
    "p95_ms": 11.164381393282149,
    "p99_ms": 12.60215315328215,
    "max_ms": 14.54517299328215,
    "p50_ms_raw": 9.973649,
    "p95_ms_raw": 11.771183399999998,
    "p99_ms_raw": 13.20895516,
    "mean_ms_raw": 10.105638778181817,
    "max_ms_raw": 15.151975,
    "producer_encode_mean_ms": 0.6068020067178503,
    "first_id": 217,
    "last_id": 1041,
    "gap_count": 0,
    "seen": 885,
    "decoded": 885,
    "decoded_ratio": 1.0
  },
  "ros_raw": {
    "count": 900,
    "expected": 840,
    "frame_loss": 0.0,
    "fps_effective": 29.99978484014158,
    "mean_ms": 6.5565930421710386,
    "stddev_ms": 0.3553628659109068,
    "p50_ms": 6.50170399328215,
    "p95_ms": 6.926997493282149,
    "p99_ms": 7.986228463282148,
    "max_ms": 11.10652399328215,
    "p50_ms_raw": 7.108506,
    "p95_ms_raw": 7.5337995,
    "p99_ms_raw": 8.593030469999999,
    "mean_ms_raw": 7.163395048888889,
    "max_ms_raw": 11.713326,
    "producer_encode_mean_ms": 0.6068020067178503,
    "first_id": 126,
    "last_id": 1025,
    "gap_count": 0,
    "seen": 960,
    "decoded": 960,
    "decoded_ratio": 1.0
  },
  "ros_jpeg": {
    "count": 0,
    "expected": 840,
    "frame_loss": null,
    "fps_effective": null,
    "mean_ms": null,
    "stddev_ms": null,
    "p50_ms": null,
    "p95_ms": null,
    "p99_ms": null,
    "max_ms": null,
    "p50_ms_raw": null,
    "p95_ms_raw": null,
    "p99_ms_raw": null,
    "mean_ms_raw": null,
    "max_ms_raw": null,
    "producer_encode_mean_ms": 0.6068020067178503,
    "first_id": null,
    "last_id": null,
    "gap_count": null,
    "seen": null,
    "decoded": null,
    "decoded_ratio": null
  },
  "cpu_stack": {
    "ros2": {
      "mean_pct": 0.0,
      "p95_pct": 0.0,
      "n": 56
    },
    "camera_server_s": {
      "mean_pct": 23.642857142857142,
      "p95_pct": 26.0,
      "n": 56
    },
    "_total": {
      "mean_pct": 23.642857142857142,
      "p95_pct": 26.0,
      "n": 56
    }
  },
  "producer": {
    "frames_produced": 1042,
    "underruns": 0,
    "underrun_total_late_ms": 0,
    "base_video_frames": 1439,
    "base_video_catch_up_reuses": 0,
    "encode_count": 1042,
    "encode_total_ns": 632287691,
    "encode_max_ns": 1726194
  }
}