{
  "scenario": "cam-both-rcs-yuv-webrtc",
  "duration_s": 15,
  "warmup_frames": 60,
  "expected_after_warmup": 390,
  "stream": {
    "count": 361,
    "expected": 390,
    "frame_loss": 0.07435897435897432,
    "fps_effective": 29.99955342664769,
    "mean_ms": 5.352923740228886,
    "stddev_ms": 0.46657541219201476,
    "p50_ms": 5.278552025547445,
    "p95_ms": 6.2460760255474455,
    "p99_ms": 6.739800625547445,
    "max_ms": 7.869159025547445,
    "p50_ms_raw": 5.554666,
    "p95_ms_raw": 6.52219,
    "p99_ms_raw": 7.0159145999999994,
    "mean_ms_raw": 5.6290377146814405,
    "max_ms_raw": 8.145273,
    "producer_encode_mean_ms": 0.27611397445255476,
    "first_id": 187,
    "last_id": 547,
    "gap_count": 0,
    "seen": 421,
    "decoded": 421,
    "decoded_ratio": 1.0
  },
  "ros_raw": {
    "count": 421,
    "expected": 390,
    "frame_loss": 0.0,
    "fps_effective": 29.99967899700623,
    "mean_ms": 3.178725438849108,
    "stddev_ms": 0.6701806020192779,
    "p50_ms": 3.0023290255474455,
    "p95_ms": 4.488955025547446,
    "p99_ms": 6.266505825547455,
    "max_ms": 8.847470025547445,
    "p50_ms_raw": 3.278443,
    "p95_ms_raw": 4.765069,
    "p99_ms_raw": 6.5426198000000095,
    "mean_ms_raw": 3.454839413301663,
    "max_ms_raw": 9.123584,
    "producer_encode_mean_ms": 0.27611397445255476,
    "first_id": 127,
    "last_id": 547,
    "gap_count": 0,
    "seen": 481,
    "decoded": 481,
    "decoded_ratio": 1.0
  },
  "ros_jpeg": {
    "count": 0,
    "expected": 390,
    "frame_loss": null,
    "fps_effective": null,
    "mean_ms": null,
    "stddev_ms": null,
    "p50_ms": null,
    "p95_ms": null,
    "p99_ms": null,
    "max_ms": null,
    "p50_ms_raw": null,
    "p95_ms_raw": null,
    "p99_ms_raw": null,
    "mean_ms_raw": null,
    "max_ms_raw": null,
    "producer_encode_mean_ms": 0.27611397445255476,
    "first_id": null,
    "last_id": null,
    "gap_count": null,
    "seen": null,
    "decoded": null,
    "decoded_ratio": null
  },
  "cpu_stack": {
    "ros2": {
      "mean_pct": 0.0,
      "p95_pct": 0.0,
      "n": 26
    },
    "camera_server_s": {
      "mean_pct": 12.615384615384615,
      "p95_pct": 14.0,
      "n": 26
    },
    "_total": {
      "mean_pct": 12.615384615384615,
      "p95_pct": 14.0,
      "n": 26
    }
  },
  "producer": {
    "frames_produced": 548,
    "underruns": 0,
    "underrun_total_late_ms": 0,
    "base_video_frames": 1100,
    "base_video_catch_up_reuses": 0,
    "encode_count": 548,
    "encode_total_ns": 151310458,
    "encode_max_ns": 732175
  }
}