{
  "scenario": "cam-both-usb_cam+gst_bridge-yuv-rtp",
  "duration_s": 30,
  "warmup_frames": 60,
  "expected_after_warmup": 840,
  "stream": {
    "count": 837,
    "expected": 840,
    "frame_loss": 0.0035714285714285587,
    "fps_effective": 29.99869308217619,
    "mean_ms": 17.743022076186445,
    "stddev_ms": 0.6637548370987413,
    "p50_ms": 17.685005426246185,
    "p95_ms": 18.68765322624618,
    "p99_ms": 21.046529626246183,
    "max_ms": 24.232372426246183,
    "p50_ms_raw": 18.313227,
    "p95_ms_raw": 19.315874799999996,
    "p99_ms_raw": 21.6747512,
    "mean_ms_raw": 18.37124364994026,
    "max_ms_raw": 24.860594,
    "producer_encode_mean_ms": 0.6282215737538148,
    "first_id": 145,
    "last_id": 981,
    "gap_count": 0,
    "seen": 897,
    "decoded": 897,
    "decoded_ratio": 1.0
  },
  "ros_raw": {
    "count": 845,
    "expected": 840,
    "frame_loss": 0.0,
    "fps_effective": 29.999199448259077,
    "mean_ms": 7.546563462932576,
    "stddev_ms": 0.3305816874204309,
    "p50_ms": 7.512261426246185,
    "p95_ms": 7.896701626246185,
    "p99_ms": 8.337819906246185,
    "max_ms": 13.985199426246187,
    "p50_ms_raw": 8.140483,
    "p95_ms_raw": 8.5249232,
    "p99_ms_raw": 8.96604148,
    "mean_ms_raw": 8.17478503668639,
    "max_ms_raw": 14.613421,
    "producer_encode_mean_ms": 0.6282215737538148,
    "first_id": 137,
    "last_id": 981,
    "gap_count": 0,
    "seen": 905,
    "decoded": 905,
    "decoded_ratio": 1.0
  },
  "ros_jpeg": {
    "count": 0,
    "expected": 840,
    "frame_loss": null,
    "fps_effective": null,
    "mean_ms": null,
    "stddev_ms": null,
    "p50_ms": null,
    "p95_ms": null,
    "p99_ms": null,
    "max_ms": null,
    "p50_ms_raw": null,
    "p95_ms_raw": null,
    "p99_ms_raw": null,
    "mean_ms_raw": null,
    "max_ms_raw": null,
    "producer_encode_mean_ms": 0.6282215737538148,
    "first_id": null,
    "last_id": null,
    "gap_count": null,
    "seen": null,
    "decoded": null,
    "decoded_ratio": null
  },
  "cpu_stack": {
    "ros2": {
      "mean_pct": 0.0,
      "p95_pct": 0.0,
      "n": 56
    },
    "usb_cam_node_ex": {
      "mean_pct": 17.357142857142858,
      "p95_pct": 18.0,
      "n": 56
    },
    "gst-launch-1.0": {
      "mean_pct": 21.071428571428573,
      "p95_pct": 22.0,
      "n": 56
    },
    "_total": {
      "mean_pct": 38.42857142857143,
      "p95_pct": 40.0,
      "n": 56
    }
  },
  "producer": {
    "frames_produced": 983,
    "underruns": 0,
    "underrun_total_late_ms": 0,
    "base_video_frames": 1439,
    "base_video_catch_up_reuses": 0,
    "encode_count": 983,
    "encode_total_ns": 617541807,
    "encode_max_ns": 1722147
  }
}