{
  "scenario": "cam-both-usb_cam+gst_bridge-yuv-rtp",
  "duration_s": 15,
  "warmup_frames": 60,
  "expected_after_warmup": 390,
  "stream": {
    "count": 344,
    "expected": 390,
    "frame_loss": 0.11794871794871797,
    "fps_effective": 29.99968537152131,
    "mean_ms": 8.80082479822722,
    "stddev_ms": 0.4935859421600112,
    "p50_ms": 8.703517870901639,
    "p95_ms": 9.756474920901637,
    "p99_ms": 10.808539920901634,
    "max_ms": 11.73174287090164,
    "p50_ms_raw": 8.96914,
    "p95_ms_raw": 10.022097049999998,
    "p99_ms_raw": 11.074162049999995,
    "mean_ms_raw": 9.06644692732558,
    "max_ms_raw": 11.997365,
    "producer_encode_mean_ms": 0.26562212909836064,
    "first_id": 144,
    "last_id": 487,
    "gap_count": 0,
    "seen": 404,
    "decoded": 404,
    "decoded_ratio": 1.0
  },
  "ros_raw": {
    "count": 403,
    "expected": 390,
    "frame_loss": 0.0,
    "fps_effective": 30.003150355416768,
    "mean_ms": 3.3232829254922103,
    "stddev_ms": 0.2826452767310893,
    "p50_ms": 3.2634718709016397,
    "p95_ms": 3.6374990709016397,
    "p99_ms": 4.440926050901641,
    "max_ms": 6.483055870901639,
    "p50_ms_raw": 3.529094,
    "p95_ms_raw": 3.9031212,
    "p99_ms_raw": 4.706548180000002,
    "mean_ms_raw": 3.5889050545905707,
    "max_ms_raw": 6.748678,
    "producer_encode_mean_ms": 0.26562212909836064,
    "first_id": 85,
    "last_id": 487,
    "gap_count": 0,
    "seen": 463,
    "decoded": 463,
    "decoded_ratio": 1.0
  },
  "ros_jpeg": {
    "count": 0,
    "expected": 390,
    "frame_loss": null,
    "fps_effective": null,
    "mean_ms": null,
    "stddev_ms": null,
    "p50_ms": null,
    "p95_ms": null,
    "p99_ms": null,
    "max_ms": null,
    "p50_ms_raw": null,
    "p95_ms_raw": null,
    "p99_ms_raw": null,
    "mean_ms_raw": null,
    "max_ms_raw": null,
    "producer_encode_mean_ms": 0.26562212909836064,
    "first_id": null,
    "last_id": null,
    "gap_count": null,
    "seen": null,
    "decoded": null,
    "decoded_ratio": null
  },
  "cpu_stack": {
    "ros2": {
      "mean_pct": 0.0,
      "p95_pct": 0.0,
      "n": 26
    },
    "usb_cam_node_ex": {
      "mean_pct": 8.0,
      "p95_pct": 10.0,
      "n": 26
    },
    "gst-launch-1.0": {
      "mean_pct": 10.23076923076923,
      "p95_pct": 12.0,
      "n": 26
    },
    "_total": {
      "mean_pct": 18.23076923076923,
      "p95_pct": 22.0,
      "n": 26
    }
  },
  "producer": {
    "frames_produced": 488,
    "underruns": 0,
    "underrun_total_late_ms": 0,
    "base_video_frames": 1100,
    "base_video_catch_up_reuses": 0,
    "encode_count": 488,
    "encode_total_ns": 129623599,
    "encode_max_ns": 1306790
  }
}