{
  "scenario": "cam-both-gscam+gst_bridge-mjpeg-rtp",
  "duration_s": 30,
  "warmup_frames": 60,
  "expected_after_warmup": 840,
  "stream": {
    "count": 837,
    "expected": 840,
    "frame_loss": 0.0035714285714285587,
    "fps_effective": 29.998707362517635,
    "mean_ms": 20.34206367863476,
    "stddev_ms": 1.0349649627340323,
    "p50_ms": 20.183288253306202,
    "p95_ms": 21.684361653306198,
    "p99_ms": 23.952223093306202,
    "max_ms": 32.14709025330621,
    "p50_ms_raw": 23.737909,
    "p95_ms_raw": 25.23898239999999,
    "p99_ms_raw": 27.506843839999995,
    "mean_ms_raw": 23.89668442532855,
    "max_ms_raw": 35.701711,
    "producer_encode_mean_ms": 3.5546207466937947,
    "first_id": 145,
    "last_id": 981,
    "gap_count": 0,
    "seen": 897,
    "decoded": 897,
    "decoded_ratio": 1.0
  },
  "ros_raw": {
    "count": 853,
    "expected": 840,
    "frame_loss": 0.0,
    "fps_effective": 29.99986600834494,
    "mean_ms": 10.373234130211246,
    "stddev_ms": 0.629279209148393,
    "p50_ms": 10.304270253306205,
    "p95_ms": 11.111582853306206,
    "p99_ms": 12.804105013306208,
    "max_ms": 17.143834253306203,
    "p50_ms_raw": 13.858891,
    "p95_ms_raw": 14.666203600000001,
    "p99_ms_raw": 16.358725760000002,
    "mean_ms_raw": 13.927854876905041,
    "max_ms_raw": 20.698455,
    "producer_encode_mean_ms": 3.5546207466937947,
    "first_id": 129,
    "last_id": 981,
    "gap_count": 0,
    "seen": 913,
    "decoded": 913,
    "decoded_ratio": 1.0
  },
  "ros_jpeg": {
    "count": 0,
    "expected": 840,
    "frame_loss": null,
    "fps_effective": null,
    "mean_ms": null,
    "stddev_ms": null,
    "p50_ms": null,
    "p95_ms": null,
    "p99_ms": null,
    "max_ms": null,
    "p50_ms_raw": null,
    "p95_ms_raw": null,
    "p99_ms_raw": null,
    "mean_ms_raw": null,
    "max_ms_raw": null,
    "producer_encode_mean_ms": 3.5546207466937947,
    "first_id": null,
    "last_id": null,
    "gap_count": null,
    "seen": null,
    "decoded": null,
    "decoded_ratio": null
  },
  "cpu_stack": {
    "ros2": {
      "mean_pct": 0.0,
      "p95_pct": 0.0,
      "n": 56
    },
    "gscam_node": {
      "mean_pct": 28.321428571428573,
      "p95_pct": 30.0,
      "n": 56
    },
    "gst-launch-1.0": {
      "mean_pct": 20.821428571428573,
      "p95_pct": 22.0,
      "n": 56
    },
    "_total": {
      "mean_pct": 49.142857142857146,
      "p95_pct": 52.0,
      "n": 56
    }
  },
  "producer": {
    "frames_produced": 983,
    "underruns": 0,
    "underrun_total_late_ms": 0,
    "base_video_frames": 1440,
    "base_video_catch_up_reuses": 0,
    "encode_count": 983,
    "encode_total_ns": 3494192194,
    "encode_max_ns": 13731574
  }
}