{
  "scenario": "cam-both-rcs-yuv-rtp",
  "duration_s": 15,
  "warmup_frames": 60,
  "expected_after_warmup": 390,
  "stream": {
    "count": 332,
    "expected": 390,
    "frame_loss": 0.14871794871794874,
    "fps_effective": 29.99880363592899,
    "mean_ms": 5.284595181302891,
    "stddev_ms": 0.7319476374306648,
    "p50_ms": 5.202888970459519,
    "p95_ms": 6.027747120459518,
    "p99_ms": 6.520640920459519,
    "max_ms": 16.62283847045952,
    "p50_ms_raw": 5.4638115,
    "p95_ms_raw": 6.288669649999999,
    "p99_ms_raw": 6.78156345,
    "mean_ms_raw": 5.545517710843373,
    "max_ms_raw": 16.883761,
    "producer_encode_mean_ms": 0.2609225295404814,
    "first_id": 125,
    "last_id": 456,
    "gap_count": 0,
    "seen": 392,
    "decoded": 392,
    "decoded_ratio": 1.0
  },
  "ros_raw": {
    "count": 332,
    "expected": 390,
    "frame_loss": 0.14871794871794874,
    "fps_effective": 30.000493298745766,
    "mean_ms": 3.173615208411326,
    "stddev_ms": 0.7465606349383477,
    "p50_ms": 3.043473470459518,
    "p95_ms": 3.729700870459518,
    "p99_ms": 5.678707690459516,
    "max_ms": 13.888542470459518,
    "p50_ms_raw": 3.3043959999999997,
    "p95_ms_raw": 3.9906233999999996,
    "p99_ms_raw": 5.939630219999998,
    "mean_ms_raw": 3.4345377379518074,
    "max_ms_raw": 14.149465,
    "producer_encode_mean_ms": 0.2609225295404814,
    "first_id": 125,
    "last_id": 456,
    "gap_count": 0,
    "seen": 392,
    "decoded": 392,
    "decoded_ratio": 1.0
  },
  "ros_jpeg": {
    "count": 0,
    "expected": 390,
    "frame_loss": null,
    "fps_effective": null,
    "mean_ms": null,
    "stddev_ms": null,
    "p50_ms": null,
    "p95_ms": null,
    "p99_ms": null,
    "max_ms": null,
    "p50_ms_raw": null,
    "p95_ms_raw": null,
    "p99_ms_raw": null,
    "mean_ms_raw": null,
    "max_ms_raw": null,
    "producer_encode_mean_ms": 0.2609225295404814,
    "first_id": null,
    "last_id": null,
    "gap_count": null,
    "seen": null,
    "decoded": null,
    "decoded_ratio": null
  },
  "cpu_stack": {
    "ros2": {
      "mean_pct": 0.0,
      "p95_pct": 0.0,
      "n": 26
    },
    "camera_server_s": {
      "mean_pct": 13.0,
      "p95_pct": 14.0,
      "n": 26
    },
    "_total": {
      "mean_pct": 13.0,
      "p95_pct": 14.0,
      "n": 26
    }
  },
  "producer": {
    "frames_produced": 457,
    "underruns": 0,
    "underrun_total_late_ms": 0,
    "base_video_frames": 1100,
    "base_video_catch_up_reuses": 0,
    "encode_count": 457,
    "encode_total_ns": 119241596,
    "encode_max_ns": 1186314
  }
}