{
  "scenario": "cam-both-rcs-yuv-rtp",
  "duration_s": 30,
  "warmup_frames": 60,
  "expected_after_warmup": 840,
  "stream": {
    "count": 818,
    "expected": 840,
    "frame_loss": 0.02619047619047621,
    "fps_effective": 30.004977568330737,
    "mean_ms": 10.603357684159148,
    "stddev_ms": 0.6627156504135625,
    "p50_ms": 10.50577006190976,
    "p95_ms": 11.318827761909757,
    "p99_ms": 13.581431511909761,
    "max_ms": 15.673321061909759,
    "p50_ms_raw": 11.154429,
    "p95_ms_raw": 11.967486699999998,
    "p99_ms_raw": 14.230090450000002,
    "mean_ms_raw": 11.25201662224939,
    "max_ms_raw": 16.32198,
    "producer_encode_mean_ms": 0.6486589380902414,
    "first_id": 134,
    "last_id": 951,
    "gap_count": 0,
    "seen": 878,
    "decoded": 878,
    "decoded_ratio": 1.0
  },
  "ros_raw": {
    "count": 818,
    "expected": 840,
    "frame_loss": 0.02619047619047621,
    "fps_effective": 30.002464119637825,
    "mean_ms": 6.6276490337924,
    "stddev_ms": 0.5088462855748417,
    "p50_ms": 6.551558061909759,
    "p95_ms": 6.957560261909759,
    "p99_ms": 8.403386171909766,
    "max_ms": 14.044803061909759,
    "p50_ms_raw": 7.200217,
    "p95_ms_raw": 7.6062192,
    "p99_ms_raw": 9.052045110000007,
    "mean_ms_raw": 7.276307971882641,
    "max_ms_raw": 14.693462,
    "producer_encode_mean_ms": 0.6486589380902414,
    "first_id": 134,
    "last_id": 951,
    "gap_count": 0,
    "seen": 878,
    "decoded": 878,
    "decoded_ratio": 1.0
  },
  "ros_jpeg": {
    "count": 0,
    "expected": 840,
    "frame_loss": null,
    "fps_effective": null,
    "mean_ms": null,
    "stddev_ms": null,
    "p50_ms": null,
    "p95_ms": null,
    "p99_ms": null,
    "max_ms": null,
    "p50_ms_raw": null,
    "p95_ms_raw": null,
    "p99_ms_raw": null,
    "mean_ms_raw": null,
    "max_ms_raw": null,
    "producer_encode_mean_ms": 0.6486589380902414,
    "first_id": null,
    "last_id": null,
    "gap_count": null,
    "seen": null,
    "decoded": null,
    "decoded_ratio": null
  },
  "cpu_stack": {
    "ros2": {
      "mean_pct": 0.0,
      "p95_pct": 0.0,
      "n": 56
    },
    "camera_server_s": {
      "mean_pct": 24.785714285714285,
      "p95_pct": 30.0,
      "n": 56
    },
    "_total": {
      "mean_pct": 24.785714285714285,
      "p95_pct": 30.0,
      "n": 56
    }
  },
  "producer": {
    "frames_produced": 953,
    "underruns": 0,
    "underrun_total_late_ms": 0,
    "base_video_frames": 1439,
    "base_video_catch_up_reuses": 0,
    "encode_count": 953,
    "encode_total_ns": 618171968,
    "encode_max_ns": 2891610
  }
}