{
  "scenario": "cam-both-rcs-yuv-webrtc",
  "duration_s": 30,
  "warmup_frames": 60,
  "expected_after_warmup": 840,
  "stream": {
    "count": 818,
    "expected": 840,
    "frame_loss": 0.02619047619047621,
    "fps_effective": 29.99806462180437,
    "mean_ms": 9.514903624056146,
    "stddev_ms": 0.7913484843793045,
    "p50_ms": 9.35324243090211,
    "p95_ms": 11.21083283090211,
    "p99_ms": 12.773183860902115,
    "max_ms": 14.434650430902112,
    "p50_ms_raw": 9.990424999999998,
    "p95_ms_raw": 11.848015399999998,
    "p99_ms_raw": 13.410366430000003,
    "mean_ms_raw": 10.152086193154034,
    "max_ms_raw": 15.071833,
    "producer_encode_mean_ms": 0.6371825690978886,
    "first_id": 224,
    "last_id": 1041,
    "gap_count": 0,
    "seen": 878,
    "decoded": 878,
    "decoded_ratio": 1.0
  },
  "ros_raw": {
    "count": 900,
    "expected": 840,
    "frame_loss": 0.0,
    "fps_effective": 30.000113154820568,
    "mean_ms": 6.484067966457667,
    "stddev_ms": 0.4197650592950668,
    "p50_ms": 6.425027430902111,
    "p95_ms": 6.7859567809021115,
    "p99_ms": 7.377695800902107,
    "max_ms": 11.121706430902112,
    "p50_ms_raw": 7.06221,
    "p95_ms_raw": 7.4231393500000005,
    "p99_ms_raw": 8.014878369999996,
    "mean_ms_raw": 7.121250535555556,
    "max_ms_raw": 11.758889,
    "producer_encode_mean_ms": 0.6371825690978886,
    "first_id": 133,
    "last_id": 1032,
    "gap_count": 0,
    "seen": 960,
    "decoded": 960,
    "decoded_ratio": 1.0
  },
  "ros_jpeg": {
    "count": 0,
    "expected": 840,
    "frame_loss": null,
    "fps_effective": null,
    "mean_ms": null,
    "stddev_ms": null,
    "p50_ms": null,
    "p95_ms": null,
    "p99_ms": null,
    "max_ms": null,
    "p50_ms_raw": null,
    "p95_ms_raw": null,
    "p99_ms_raw": null,
    "mean_ms_raw": null,
    "max_ms_raw": null,
    "producer_encode_mean_ms": 0.6371825690978886,
    "first_id": null,
    "last_id": null,
    "gap_count": null,
    "seen": null,
    "decoded": null,
    "decoded_ratio": null
  },
  "cpu_stack": {
    "ros2": {
      "mean_pct": 0.0,
      "p95_pct": 0.0,
      "n": 56
    },
    "camera_server_s": {
      "mean_pct": 23.571428571428573,
      "p95_pct": 26.0,
      "n": 56
    },
    "_total": {
      "mean_pct": 23.571428571428573,
      "p95_pct": 26.0,
      "n": 56
    }
  },
  "producer": {
    "frames_produced": 1042,
    "underruns": 0,
    "underrun_total_late_ms": 0,
    "base_video_frames": 1439,
    "base_video_catch_up_reuses": 0,
    "encode_count": 1042,
    "encode_total_ns": 663944237,
    "encode_max_ns": 1569964
  }
}