{
  "scenario": "cam-both-rcs-yuv-webrtc",
  "duration_s": 15,
  "warmup_frames": 60,
  "expected_after_warmup": 390,
  "stream": {
    "count": 361,
    "expected": 390,
    "frame_loss": 0.07435897435897432,
    "fps_effective": 30.000367344498013,
    "mean_ms": 5.4295369804429106,
    "stddev_ms": 0.5267480353528513,
    "p50_ms": 5.390762612021859,
    "p95_ms": 5.9813986120218585,
    "p99_ms": 7.008285812021854,
    "max_ms": 11.902167612021858,
    "p50_ms_raw": 5.647147,
    "p95_ms_raw": 6.237783,
    "p99_ms_raw": 7.264670199999996,
    "mean_ms_raw": 5.685921368421052,
    "max_ms_raw": 12.158552,
    "producer_encode_mean_ms": 0.25638438797814206,
    "first_id": 187,
    "last_id": 547,
    "gap_count": 0,
    "seen": 421,
    "decoded": 421,
    "decoded_ratio": 1.0
  },
  "ros_raw": {
    "count": 421,
    "expected": 390,
    "frame_loss": 0.0,
    "fps_effective": 30.000415587185582,
    "mean_ms": 3.080015638150124,
    "stddev_ms": 0.4550826919675209,
    "p50_ms": 3.0139296120218577,
    "p95_ms": 3.4819556120218578,
    "p99_ms": 4.338286212021861,
    "max_ms": 10.177028612021857,
    "p50_ms_raw": 3.270314,
    "p95_ms_raw": 3.73834,
    "p99_ms_raw": 4.594670600000002,
    "mean_ms_raw": 3.336400026128266,
    "max_ms_raw": 10.433413,
    "producer_encode_mean_ms": 0.25638438797814206,
    "first_id": 127,
    "last_id": 547,
    "gap_count": 0,
    "seen": 481,
    "decoded": 481,
    "decoded_ratio": 1.0
  },
  "ros_jpeg": {
    "count": 0,
    "expected": 390,
    "frame_loss": null,
    "fps_effective": null,
    "mean_ms": null,
    "stddev_ms": null,
    "p50_ms": null,
    "p95_ms": null,
    "p99_ms": null,
    "max_ms": null,
    "p50_ms_raw": null,
    "p95_ms_raw": null,
    "p99_ms_raw": null,
    "mean_ms_raw": null,
    "max_ms_raw": null,
    "producer_encode_mean_ms": 0.25638438797814206,
    "first_id": null,
    "last_id": null,
    "gap_count": null,
    "seen": null,
    "decoded": null,
    "decoded_ratio": null
  },
  "cpu_stack": {
    "ros2": {
      "mean_pct": 0.0,
      "p95_pct": 0.0,
      "n": 26
    },
    "camera_server_s": {
      "mean_pct": 12.23076923076923,
      "p95_pct": 14.0,
      "n": 26
    },
    "_total": {
      "mean_pct": 12.23076923076923,
      "p95_pct": 14.0,
      "n": 26
    }
  },
  "producer": {
    "frames_produced": 549,
    "underruns": 0,
    "underrun_total_late_ms": 0,
    "base_video_frames": 1100,
    "base_video_catch_up_reuses": 0,
    "encode_count": 549,
    "encode_total_ns": 140755029,
    "encode_max_ns": 1634199
  }
}