{
  "scenario": "cam-both-gscam+gst_bridge-mjpeg-rtp",
  "duration_s": 15,
  "warmup_frames": 60,
  "expected_after_warmup": 390,
  "stream": {
    "count": 343,
    "expected": 390,
    "frame_loss": 0.12051282051282053,
    "fps_effective": 30.00063785829866,
    "mean_ms": 10.386213097004493,
    "stddev_ms": 1.1144777992761692,
    "p50_ms": 10.250324694672132,
    "p95_ms": 12.266064194672133,
    "p99_ms": 13.557098534672132,
    "max_ms": 16.333714694672132,
    "p50_ms_raw": 11.971389,
    "p95_ms_raw": 13.9871285,
    "p99_ms_raw": 15.27816284,
    "mean_ms_raw": 12.107277402332361,
    "max_ms_raw": 18.054779,
    "producer_encode_mean_ms": 1.7210643053278687,
    "first_id": 145,
    "last_id": 487,
    "gap_count": 0,
    "seen": 403,
    "decoded": 403,
    "decoded_ratio": 1.0
  },
  "ros_raw": {
    "count": 405,
    "expected": 390,
    "frame_loss": 0.0,
    "fps_effective": 29.999574026840605,
    "mean_ms": 4.690370818128922,
    "stddev_ms": 0.6918475987433417,
    "p50_ms": 4.595448694672131,
    "p95_ms": 5.9415220946721305,
    "p99_ms": 6.60934045467213,
    "max_ms": 10.066020694672131,
    "p50_ms_raw": 6.316513,
    "p95_ms_raw": 7.6625863999999995,
    "p99_ms_raw": 8.330404759999999,
    "mean_ms_raw": 6.411435123456791,
    "max_ms_raw": 11.787085,
    "producer_encode_mean_ms": 1.7210643053278687,
    "first_id": 83,
    "last_id": 487,
    "gap_count": 0,
    "seen": 465,
    "decoded": 465,
    "decoded_ratio": 1.0
  },
  "ros_jpeg": {
    "count": 0,
    "expected": 390,
    "frame_loss": null,
    "fps_effective": null,
    "mean_ms": null,
    "stddev_ms": null,
    "p50_ms": null,
    "p95_ms": null,
    "p99_ms": null,
    "max_ms": null,
    "p50_ms_raw": null,
    "p95_ms_raw": null,
    "p99_ms_raw": null,
    "mean_ms_raw": null,
    "max_ms_raw": null,
    "producer_encode_mean_ms": 1.7210643053278687,
    "first_id": null,
    "last_id": null,
    "gap_count": null,
    "seen": null,
    "decoded": null,
    "decoded_ratio": null
  },
  "cpu_stack": {
    "ros2": {
      "mean_pct": 0.0,
      "p95_pct": 0.0,
      "n": 26
    },
    "gscam_node": {
      "mean_pct": 12.076923076923077,
      "p95_pct": 14.0,
      "n": 26
    },
    "gst-launch-1.0": {
      "mean_pct": 12.23076923076923,
      "p95_pct": 14.0,
      "n": 26
    },
    "_total": {
      "mean_pct": 24.307692307692307,
      "p95_pct": 28.0,
      "n": 26
    }
  },
  "producer": {
    "frames_produced": 488,
    "underruns": 0,
    "underrun_total_late_ms": 0,
    "base_video_frames": 1100,
    "base_video_catch_up_reuses": 0,
    "encode_count": 488,
    "encode_total_ns": 839879381,
    "encode_max_ns": 5051408
  }
}