{
  "scenario": "cam-both-gscam+gst_bridge-mjpeg-rtp",
  "duration_s": 30,
  "warmup_frames": 60,
  "expected_after_warmup": 840,
  "stream": {
    "count": 837,
    "expected": 840,
    "frame_loss": 0.0035714285714285587,
    "fps_effective": 29.998960412939834,
    "mean_ms": 17.965365102897557,
    "stddev_ms": 0.6769173927428589,
    "p50_ms": 17.94960833706721,
    "p95_ms": 18.885328537067206,
    "p99_ms": 20.240497177067212,
    "max_ms": 22.14044933706721,
    "p50_ms_raw": 21.250433,
    "p95_ms_raw": 22.186153199999996,
    "p99_ms_raw": 23.541321840000002,
    "mean_ms_raw": 21.266189765830347,
    "max_ms_raw": 25.441274,
    "producer_encode_mean_ms": 3.3008246629327904,
    "first_id": 145,
    "last_id": 981,
    "gap_count": 0,
    "seen": 897,
    "decoded": 897,
    "decoded_ratio": 1.0
  },
  "ros_raw": {
    "count": 847,
    "expected": 840,
    "frame_loss": 0.0,
    "fps_effective": 29.99986896227449,
    "mean_ms": 7.934064896689405,
    "stddev_ms": 0.36024680723209995,
    "p50_ms": 7.93693733706721,
    "p95_ms": 8.49681903706721,
    "p99_ms": 8.883114717067208,
    "max_ms": 10.17320733706721,
    "p50_ms_raw": 11.237762,
    "p95_ms_raw": 11.7976437,
    "p99_ms_raw": 12.183939379999998,
    "mean_ms_raw": 11.234889559622195,
    "max_ms_raw": 13.474032,
    "producer_encode_mean_ms": 3.3008246629327904,
    "first_id": 135,
    "last_id": 981,
    "gap_count": 0,
    "seen": 907,
    "decoded": 907,
    "decoded_ratio": 1.0
  },
  "ros_jpeg": {
    "count": 0,
    "expected": 840,
    "frame_loss": null,
    "fps_effective": null,
    "mean_ms": null,
    "stddev_ms": null,
    "p50_ms": null,
    "p95_ms": null,
    "p99_ms": null,
    "max_ms": null,
    "p50_ms_raw": null,
    "p95_ms_raw": null,
    "p99_ms_raw": null,
    "mean_ms_raw": null,
    "max_ms_raw": null,
    "producer_encode_mean_ms": 3.3008246629327904,
    "first_id": null,
    "last_id": null,
    "gap_count": null,
    "seen": null,
    "decoded": null,
    "decoded_ratio": null
  },
  "cpu_stack": {
    "ros2": {
      "mean_pct": 0.0,
      "p95_pct": 0.0,
      "n": 56
    },
    "gscam_node": {
      "mean_pct": 19.75,
      "p95_pct": 22.0,
      "n": 56
    },
    "gst-launch-1.0": {
      "mean_pct": 20.678571428571427,
      "p95_pct": 22.0,
      "n": 56
    },
    "_total": {
      "mean_pct": 40.42857142857143,
      "p95_pct": 42.0,
      "n": 56
    }
  },
  "producer": {
    "frames_produced": 982,
    "underruns": 0,
    "underrun_total_late_ms": 0,
    "base_video_frames": 1440,
    "base_video_catch_up_reuses": 0,
    "encode_count": 982,
    "encode_total_ns": 3241409819,
    "encode_max_ns": 7922023
  }
}