{
  "scenario": "cam-both-usb_cam+rtsp_fkie-yuv-h264",
  "duration_s": 30,
  "warmup_frames": 60,
  "expected_after_warmup": 840,
  "stream": {
    "count": 835,
    "expected": 840,
    "frame_loss": 0.005952380952380931,
    "fps_effective": 30.001838079877206,
    "mean_ms": 16.0273983627083,
    "stddev_ms": 0.6479276701386623,
    "p50_ms": 16.040180789055608,
    "p95_ms": 17.201368389055602,
    "p99_ms": 18.004301789055603,
    "max_ms": 19.064487789055605,
    "p50_ms_raw": 16.680783,
    "p95_ms_raw": 17.841970599999996,
    "p99_ms_raw": 18.644903999999997,
    "mean_ms_raw": 16.668000573652694,
    "max_ms_raw": 19.70509,
    "producer_encode_mean_ms": 0.6406022109443954,
    "first_id": 297,
    "last_id": 1131,
    "gap_count": 0,
    "seen": 895,
    "decoded": 895,
    "decoded_ratio": 1.0
  },
  "ros_raw": {
    "count": 900,
    "expected": 840,
    "frame_loss": 0.0,
    "fps_effective": 30.005719532718956,
    "mean_ms": 7.759845379055605,
    "stddev_ms": 0.96123844968793,
    "p50_ms": 7.528712289055605,
    "p95_ms": 8.890080939055604,
    "p99_ms": 12.034511649055602,
    "max_ms": 18.347563789055606,
    "p50_ms_raw": 8.1693145,
    "p95_ms_raw": 9.53068315,
    "p99_ms_raw": 12.675113859999998,
    "mean_ms_raw": 8.40044759,
    "max_ms_raw": 18.988166,
    "producer_encode_mean_ms": 0.6406022109443954,
    "first_id": 127,
    "last_id": 1026,
    "gap_count": 0,
    "seen": 960,
    "decoded": 960,
    "decoded_ratio": 1.0
  },
  "ros_jpeg": {
    "count": 0,
    "expected": 840,
    "frame_loss": null,
    "fps_effective": null,
    "mean_ms": null,
    "stddev_ms": null,
    "p50_ms": null,
    "p95_ms": null,
    "p99_ms": null,
    "max_ms": null,
    "p50_ms_raw": null,
    "p95_ms_raw": null,
    "p99_ms_raw": null,
    "mean_ms_raw": null,
    "max_ms_raw": null,
    "producer_encode_mean_ms": 0.6406022109443954,
    "first_id": null,
    "last_id": null,
    "gap_count": null,
    "seen": null,
    "decoded": null,
    "decoded_ratio": null
  },
  "cpu_stack": {
    "ros2": {
      "mean_pct": 0.0,
      "p95_pct": 0.0,
      "n": 56
    },
    "usb_cam_node_ex": {
      "mean_pct": 16.928571428571427,
      "p95_pct": 20.0,
      "n": 56
    },
    "republish": {
      "mean_pct": 13.857142857142858,
      "p95_pct": 16.0,
      "n": 56
    },
    "_total": {
      "mean_pct": 30.785714285714285,
      "p95_pct": 34.0,
      "n": 56
    }
  },
  "producer": {
    "frames_produced": 1133,
    "underruns": 0,
    "underrun_total_late_ms": 0,
    "base_video_frames": 1439,
    "base_video_catch_up_reuses": 0,
    "encode_count": 1133,
    "encode_total_ns": 725802305,
    "encode_max_ns": 1737074
  }
}