{
  "scenario": "cam-both-usb_cam+gst_bridge-mjpeg-rtp",
  "duration_s": 30,
  "warmup_frames": 60,
  "expected_after_warmup": 840,
  "stream": {
    "count": 838,
    "expected": 840,
    "frame_loss": 0.0023809523809523725,
    "fps_effective": 29.998808527967228,
    "mean_ms": 18.113751506954745,
    "stddev_ms": 0.717124612263269,
    "p50_ms": 18.020687256358087,
    "p95_ms": 19.285551706358085,
    "p99_ms": 21.011519946358085,
    "max_ms": 22.169648256358087,
    "p50_ms_raw": 21.226067,
    "p95_ms_raw": 22.490931449999998,
    "p99_ms_raw": 24.216899689999998,
    "mean_ms_raw": 21.31913125059666,
    "max_ms_raw": 25.375028,
    "producer_encode_mean_ms": 3.2053797436419127,
    "first_id": 144,
    "last_id": 981,
    "gap_count": 0,
    "seen": 898,
    "decoded": 898,
    "decoded_ratio": 1.0
  },
  "ros_raw": {
    "count": 845,
    "expected": 840,
    "frame_loss": 0.0,
    "fps_effective": 29.999014797165646,
    "mean_ms": 7.860706796003058,
    "stddev_ms": 0.420219276611045,
    "p50_ms": 7.827769256358087,
    "p95_ms": 8.531796656358086,
    "p99_ms": 8.959906936358085,
    "max_ms": 10.886266256358088,
    "p50_ms_raw": 11.033149,
    "p95_ms_raw": 11.7371764,
    "p99_ms_raw": 12.165286679999998,
    "mean_ms_raw": 11.06608653964497,
    "max_ms_raw": 14.091646,
    "producer_encode_mean_ms": 3.2053797436419127,
    "first_id": 137,
    "last_id": 981,
    "gap_count": 0,
    "seen": 905,
    "decoded": 905,
    "decoded_ratio": 1.0
  },
  "ros_jpeg": {
    "count": 0,
    "expected": 840,
    "frame_loss": null,
    "fps_effective": null,
    "mean_ms": null,
    "stddev_ms": null,
    "p50_ms": null,
    "p95_ms": null,
    "p99_ms": null,
    "max_ms": null,
    "p50_ms_raw": null,
    "p95_ms_raw": null,
    "p99_ms_raw": null,
    "mean_ms_raw": null,
    "max_ms_raw": null,
    "producer_encode_mean_ms": 3.2053797436419127,
    "first_id": null,
    "last_id": null,
    "gap_count": null,
    "seen": null,
    "decoded": null,
    "decoded_ratio": null
  },
  "cpu_stack": {
    "ros2": {
      "mean_pct": 0.0,
      "p95_pct": 0.0,
      "n": 56
    },
    "usb_cam_node_ex": {
      "mean_pct": 19.535714285714285,
      "p95_pct": 20.0,
      "n": 56
    },
    "gst-launch-1.0": {
      "mean_pct": 21.107142857142858,
      "p95_pct": 24.0,
      "n": 56
    },
    "_total": {
      "mean_pct": 40.642857142857146,
      "p95_pct": 42.5,
      "n": 56
    }
  },
  "producer": {
    "frames_produced": 983,
    "underruns": 0,
    "underrun_total_late_ms": 0,
    "base_video_frames": 1439,
    "base_video_catch_up_reuses": 0,
    "encode_count": 983,
    "encode_total_ns": 3150888288,
    "encode_max_ns": 10592714
  }
}