{
  "scenario": "cam-both-usb_cam+gst_bridge-mjpeg-rtp",
  "duration_s": 15,
  "warmup_frames": 60,
  "expected_after_warmup": 390,
  "stream": {
    "count": 344,
    "expected": 390,
    "frame_loss": 0.11794871794871797,
    "fps_effective": 29.998656486992427,
    "mean_ms": 9.946374000619521,
    "stddev_ms": 0.764955246906141,
    "p50_ms": 9.856979922131147,
    "p95_ms": 11.406157672131146,
    "p99_ms": 12.587941202131146,
    "max_ms": 14.137640922131148,
    "p50_ms_raw": 11.593549,
    "p95_ms_raw": 13.142726749999998,
    "p99_ms_raw": 14.324510279999998,
    "mean_ms_raw": 11.682943078488373,
    "max_ms_raw": 15.87421,
    "producer_encode_mean_ms": 1.7365690778688525,
    "first_id": 144,
    "last_id": 487,
    "gap_count": 0,
    "seen": 404,
    "decoded": 404,
    "decoded_ratio": 1.0
  },
  "ros_raw": {
    "count": 403,
    "expected": 390,
    "frame_loss": 0.0,
    "fps_effective": 30.02463046809623,
    "mean_ms": 4.656509572255217,
    "stddev_ms": 1.5456760461818726,
    "p50_ms": 4.233696922131147,
    "p95_ms": 7.33173442213114,
    "p99_ms": 12.250892282131153,
    "max_ms": 14.905257922131147,
    "p50_ms_raw": 5.970266,
    "p95_ms_raw": 9.068303499999992,
    "p99_ms_raw": 13.987461360000005,
    "mean_ms_raw": 6.393078650124069,
    "max_ms_raw": 16.641827,
    "producer_encode_mean_ms": 1.7365690778688525,
    "first_id": 85,
    "last_id": 487,
    "gap_count": 0,
    "seen": 463,
    "decoded": 463,
    "decoded_ratio": 1.0
  },
  "ros_jpeg": {
    "count": 0,
    "expected": 390,
    "frame_loss": null,
    "fps_effective": null,
    "mean_ms": null,
    "stddev_ms": null,
    "p50_ms": null,
    "p95_ms": null,
    "p99_ms": null,
    "max_ms": null,
    "p50_ms_raw": null,
    "p95_ms_raw": null,
    "p99_ms_raw": null,
    "mean_ms_raw": null,
    "max_ms_raw": null,
    "producer_encode_mean_ms": 1.7365690778688525,
    "first_id": null,
    "last_id": null,
    "gap_count": null,
    "seen": null,
    "decoded": null,
    "decoded_ratio": null
  },
  "cpu_stack": {
    "ros2": {
      "mean_pct": 0.0,
      "p95_pct": 0.0,
      "n": 26
    },
    "usb_cam_node_ex": {
      "mean_pct": 11.461538461538462,
      "p95_pct": 14.0,
      "n": 26
    },
    "gst-launch-1.0": {
      "mean_pct": 11.153846153846153,
      "p95_pct": 14.0,
      "n": 26
    },
    "_total": {
      "mean_pct": 22.615384615384617,
      "p95_pct": 26.0,
      "n": 26
    }
  },
  "producer": {
    "frames_produced": 488,
    "underruns": 0,
    "underrun_total_late_ms": 0,
    "base_video_frames": 1100,
    "base_video_catch_up_reuses": 0,
    "encode_count": 488,
    "encode_total_ns": 847445710,
    "encode_max_ns": 6292056
  }
}