{
  "scenario": "cam-both-gscam+gst_bridge-yuv-rtp",
  "duration_s": 30,
  "warmup_frames": 60,
  "expected_after_warmup": 840,
  "stream": {
    "count": 837,
    "expected": 840,
    "frame_loss": 0.0035714285714285587,
    "fps_effective": 29.998090888483603,
    "mean_ms": 17.98245422706075,
    "stddev_ms": 0.6236892292642554,
    "p50_ms": 17.912184965412003,
    "p95_ms": 19.080671965411998,
    "p99_ms": 20.428894445412002,
    "max_ms": 21.776218965412003,
    "p50_ms_raw": 18.550189,
    "p95_ms_raw": 19.718675999999995,
    "p99_ms_raw": 21.06689848,
    "mean_ms_raw": 18.620458261648746,
    "max_ms_raw": 22.414223,
    "producer_encode_mean_ms": 0.6380040345879959,
    "first_id": 145,
    "last_id": 981,
    "gap_count": 0,
    "seen": 897,
    "decoded": 897,
    "decoded_ratio": 1.0
  },
  "ros_raw": {
    "count": 847,
    "expected": 840,
    "frame_loss": 0.0,
    "fps_effective": 30.00724610296913,
    "mean_ms": 7.80394176470362,
    "stddev_ms": 0.48537616331847344,
    "p50_ms": 7.7346929654120045,
    "p95_ms": 8.230236565412005,
    "p99_ms": 9.221510845412,
    "max_ms": 16.384397965412003,
    "p50_ms_raw": 8.372697,
    "p95_ms_raw": 8.8682406,
    "p99_ms_raw": 9.859514879999995,
    "mean_ms_raw": 8.441945799291616,
    "max_ms_raw": 17.022402,
    "producer_encode_mean_ms": 0.6380040345879959,
    "first_id": 135,
    "last_id": 981,
    "gap_count": 0,
    "seen": 907,
    "decoded": 907,
    "decoded_ratio": 1.0
  },
  "ros_jpeg": {
    "count": 0,
    "expected": 840,
    "frame_loss": null,
    "fps_effective": null,
    "mean_ms": null,
    "stddev_ms": null,
    "p50_ms": null,
    "p95_ms": null,
    "p99_ms": null,
    "max_ms": null,
    "p50_ms_raw": null,
    "p95_ms_raw": null,
    "p99_ms_raw": null,
    "mean_ms_raw": null,
    "max_ms_raw": null,
    "producer_encode_mean_ms": 0.6380040345879959,
    "first_id": null,
    "last_id": null,
    "gap_count": null,
    "seen": null,
    "decoded": null,
    "decoded_ratio": null
  },
  "cpu_stack": {
    "ros2": {
      "mean_pct": 0.0,
      "p95_pct": 0.0,
      "n": 56
    },
    "gscam_node": {
      "mean_pct": 17.785714285714285,
      "p95_pct": 20.0,
      "n": 56
    },
    "gst-launch-1.0": {
      "mean_pct": 21.071428571428573,
      "p95_pct": 22.0,
      "n": 56
    },
    "_total": {
      "mean_pct": 38.857142857142854,
      "p95_pct": 42.0,
      "n": 56
    }
  },
  "producer": {
    "frames_produced": 983,
    "underruns": 0,
    "underrun_total_late_ms": 0,
    "base_video_frames": 1440,
    "base_video_catch_up_reuses": 0,
    "encode_count": 983,
    "encode_total_ns": 627157966,
    "encode_max_ns": 2708159
  }
}