{
  "scenario": "cam-both-gscam+gst_bridge-mjpeg-rtp",
  "duration_s": 30,
  "warmup_frames": 60,
  "expected_after_warmup": 840,
  "stream": {
    "count": 838,
    "expected": 840,
    "frame_loss": 0.0023809523809523725,
    "fps_effective": 29.99853278788959,
    "mean_ms": 18.051254104346008,
    "stddev_ms": 0.6223254132487022,
    "p50_ms": 18.019151573319757,
    "p95_ms": 18.942104073319754,
    "p99_ms": 20.206139483319756,
    "max_ms": 21.955806573319755,
    "p50_ms_raw": 21.310213,
    "p95_ms_raw": 22.2331655,
    "p99_ms_raw": 23.49720091,
    "mean_ms_raw": 21.34231553102625,
    "max_ms_raw": 25.246868,
    "producer_encode_mean_ms": 3.2910614266802445,
    "first_id": 144,
    "last_id": 981,
    "gap_count": 0,
    "seen": 898,
    "decoded": 898,
    "decoded_ratio": 1.0
  },
  "ros_raw": {
    "count": 854,
    "expected": 840,
    "frame_loss": 0.0,
    "fps_effective": 29.999205110393977,
    "mean_ms": 7.978289470275259,
    "stddev_ms": 0.3781993058430626,
    "p50_ms": 7.941056073319757,
    "p95_ms": 8.563840523319755,
    "p99_ms": 8.974389573319757,
    "max_ms": 11.144629573319756,
    "p50_ms_raw": 11.232117500000001,
    "p95_ms_raw": 11.854901949999999,
    "p99_ms_raw": 12.265451,
    "mean_ms_raw": 11.269350896955503,
    "max_ms_raw": 14.435691,
    "producer_encode_mean_ms": 3.2910614266802445,
    "first_id": 128,
    "last_id": 981,
    "gap_count": 0,
    "seen": 914,
    "decoded": 914,
    "decoded_ratio": 1.0
  },
  "ros_jpeg": {
    "count": 0,
    "expected": 840,
    "frame_loss": null,
    "fps_effective": null,
    "mean_ms": null,
    "stddev_ms": null,
    "p50_ms": null,
    "p95_ms": null,
    "p99_ms": null,
    "max_ms": null,
    "p50_ms_raw": null,
    "p95_ms_raw": null,
    "p99_ms_raw": null,
    "mean_ms_raw": null,
    "max_ms_raw": null,
    "producer_encode_mean_ms": 3.2910614266802445,
    "first_id": null,
    "last_id": null,
    "gap_count": null,
    "seen": null,
    "decoded": null,
    "decoded_ratio": null
  },
  "cpu_stack": {
    "ros2": {
      "mean_pct": 0.0,
      "p95_pct": 0.0,
      "n": 56
    },
    "gscam_node": {
      "mean_pct": 19.964285714285715,
      "p95_pct": 22.0,
      "n": 56
    },
    "gst-launch-1.0": {
      "mean_pct": 20.714285714285715,
      "p95_pct": 22.0,
      "n": 56
    },
    "_total": {
      "mean_pct": 40.67857142857143,
      "p95_pct": 42.0,
      "n": 56
    }
  },
  "producer": {
    "frames_produced": 982,
    "underruns": 0,
    "underrun_total_late_ms": 0,
    "base_video_frames": 1439,
    "base_video_catch_up_reuses": 0,
    "encode_count": 982,
    "encode_total_ns": 3231822321,
    "encode_max_ns": 11910132
  }
}