{
  "scenario": "cam-both-gscam+gst_bridge-mjpeg-rtp",
  "duration_s": 15,
  "warmup_frames": 60,
  "expected_after_warmup": 390,
  "stream": {
    "count": 344,
    "expected": 390,
    "frame_loss": 0.11794871794871797,
    "fps_effective": 30.00268536892346,
    "mean_ms": 10.39451348050896,
    "stddev_ms": 1.2393885086972154,
    "p50_ms": 9.99951724795082,
    "p95_ms": 12.81240434795082,
    "p99_ms": 15.044114477950814,
    "max_ms": 19.20702074795082,
    "p50_ms_raw": 11.7432895,
    "p95_ms_raw": 14.556176599999999,
    "p99_ms_raw": 16.787886729999993,
    "mean_ms_raw": 12.13828573255814,
    "max_ms_raw": 20.950793,
    "producer_encode_mean_ms": 1.7437722520491803,
    "first_id": 144,
    "last_id": 487,
    "gap_count": 0,
    "seen": 404,
    "decoded": 404,
    "decoded_ratio": 1.0
  },
  "ros_raw": {
    "count": 404,
    "expected": 390,
    "frame_loss": 0.0,
    "fps_effective": 30.00036117531594,
    "mean_ms": 4.719392441020126,
    "stddev_ms": 0.8310840138442295,
    "p50_ms": 4.501981747950819,
    "p95_ms": 6.4346689979508165,
    "p99_ms": 7.707431097950816,
    "max_ms": 10.23529174795082,
    "p50_ms_raw": 6.245754,
    "p95_ms_raw": 8.178441249999997,
    "p99_ms_raw": 9.451203349999997,
    "mean_ms_raw": 6.463164693069307,
    "max_ms_raw": 11.979064,
    "producer_encode_mean_ms": 1.7437722520491803,
    "first_id": 84,
    "last_id": 487,
    "gap_count": 0,
    "seen": 464,
    "decoded": 464,
    "decoded_ratio": 1.0
  },
  "ros_jpeg": {
    "count": 0,
    "expected": 390,
    "frame_loss": null,
    "fps_effective": null,
    "mean_ms": null,
    "stddev_ms": null,
    "p50_ms": null,
    "p95_ms": null,
    "p99_ms": null,
    "max_ms": null,
    "p50_ms_raw": null,
    "p95_ms_raw": null,
    "p99_ms_raw": null,
    "mean_ms_raw": null,
    "max_ms_raw": null,
    "producer_encode_mean_ms": 1.7437722520491803,
    "first_id": null,
    "last_id": null,
    "gap_count": null,
    "seen": null,
    "decoded": null,
    "decoded_ratio": null
  },
  "cpu_stack": {
    "ros2": {
      "mean_pct": 0.0,
      "p95_pct": 0.0,
      "n": 26
    },
    "gscam_node": {
      "mean_pct": 12.153846153846153,
      "p95_pct": 14.0,
      "n": 26
    },
    "gst-launch-1.0": {
      "mean_pct": 11.461538461538462,
      "p95_pct": 14.0,
      "n": 26
    },
    "_total": {
      "mean_pct": 23.615384615384617,
      "p95_pct": 27.5,
      "n": 26
    }
  },
  "producer": {
    "frames_produced": 488,
    "underruns": 0,
    "underrun_total_late_ms": 0,
    "base_video_frames": 1100,
    "base_video_catch_up_reuses": 0,
    "encode_count": 488,
    "encode_total_ns": 850960859,
    "encode_max_ns": 3679218
  }
}