{
  "scenario": "cam-both-usb_cam+rtsp_fkie-yuv-h264",
  "duration_s": 30,
  "warmup_frames": 60,
  "expected_after_warmup": 840,
  "stream": {
    "count": 835,
    "expected": 840,
    "frame_loss": 0.005952380952380931,
    "fps_effective": 30.001552578187535,
    "mean_ms": 15.998736046694958,
    "stddev_ms": 0.6574051023977808,
    "p50_ms": 16.00047227184466,
    "p95_ms": 16.97083367184466,
    "p99_ms": 18.120198151844658,
    "max_ms": 21.40514127184466,
    "p50_ms_raw": 16.63942,
    "p95_ms_raw": 17.6097814,
    "p99_ms_raw": 18.75914588,
    "mean_ms_raw": 16.6376837748503,
    "max_ms_raw": 22.044089,
    "producer_encode_mean_ms": 0.6389477281553398,
    "first_id": 297,
    "last_id": 1131,
    "gap_count": 0,
    "seen": 895,
    "decoded": 895,
    "decoded_ratio": 1.0
  },
  "ros_raw": {
    "count": 900,
    "expected": 840,
    "frame_loss": 0.0,
    "fps_effective": 30.01044483822588,
    "mean_ms": 7.962763467400216,
    "stddev_ms": 1.5431604842548359,
    "p50_ms": 7.57350977184466,
    "p95_ms": 9.108856221844654,
    "p99_ms": 17.038825321844655,
    "max_ms": 19.50698327184466,
    "p50_ms_raw": 8.2124575,
    "p95_ms_raw": 9.747803949999994,
    "p99_ms_raw": 17.677773049999995,
    "mean_ms_raw": 8.601711195555556,
    "max_ms_raw": 20.145931,
    "producer_encode_mean_ms": 0.6389477281553398,
    "first_id": 137,
    "last_id": 1036,
    "gap_count": 0,
    "seen": 960,
    "decoded": 960,
    "decoded_ratio": 1.0
  },
  "ros_jpeg": {
    "count": 0,
    "expected": 840,
    "frame_loss": null,
    "fps_effective": null,
    "mean_ms": null,
    "stddev_ms": null,
    "p50_ms": null,
    "p95_ms": null,
    "p99_ms": null,
    "max_ms": null,
    "p50_ms_raw": null,
    "p95_ms_raw": null,
    "p99_ms_raw": null,
    "mean_ms_raw": null,
    "max_ms_raw": null,
    "producer_encode_mean_ms": 0.6389477281553398,
    "first_id": null,
    "last_id": null,
    "gap_count": null,
    "seen": null,
    "decoded": null,
    "decoded_ratio": null
  },
  "cpu_stack": {
    "ros2": {
      "mean_pct": 0.0,
      "p95_pct": 0.0,
      "n": 56
    },
    "usb_cam_node_ex": {
      "mean_pct": 16.892857142857142,
      "p95_pct": 18.0,
      "n": 56
    },
    "republish": {
      "mean_pct": 13.714285714285714,
      "p95_pct": 16.0,
      "n": 56
    },
    "_total": {
      "mean_pct": 30.607142857142858,
      "p95_pct": 32.0,
      "n": 56
    }
  },
  "producer": {
    "frames_produced": 1133,
    "underruns": 0,
    "underrun_total_late_ms": 0,
    "base_video_frames": 1439,
    "base_video_catch_up_reuses": 0,
    "encode_count": 1133,
    "encode_total_ns": 723927776,
    "encode_max_ns": 1780179
  }
}