{
  "scenario": "cam-both-gscam+gst_bridge-yuv-rtp",
  "duration_s": 30,
  "warmup_frames": 60,
  "expected_after_warmup": 840,
  "stream": {
    "count": 837,
    "expected": 840,
    "frame_loss": 0.0035714285714285587,
    "fps_effective": 29.997922505359348,
    "mean_ms": 20.06411170298467,
    "stddev_ms": 0.6470427177936736,
    "p50_ms": 19.990220673116088,
    "p95_ms": 20.87226847311609,
    "p99_ms": 22.69422499311609,
    "max_ms": 25.55805667311609,
    "p50_ms_raw": 20.622631,
    "p95_ms_raw": 21.5046788,
    "p99_ms_raw": 23.32663532,
    "mean_ms_raw": 20.69652202986858,
    "max_ms_raw": 26.190467,
    "producer_encode_mean_ms": 0.6324103268839103,
    "first_id": 145,
    "last_id": 981,
    "gap_count": 0,
    "seen": 897,
    "decoded": 897,
    "decoded_ratio": 1.0
  },
  "ros_raw": {
    "count": 855,
    "expected": 840,
    "frame_loss": 0.0,
    "fps_effective": 29.999767042675497,
    "mean_ms": 9.936056296507903,
    "stddev_ms": 0.2668236700051172,
    "p50_ms": 9.89658467311609,
    "p95_ms": 10.41089317311609,
    "p99_ms": 10.68609563311609,
    "max_ms": 11.031528673116089,
    "p50_ms_raw": 10.528995,
    "p95_ms_raw": 11.0433035,
    "p99_ms_raw": 11.31850596,
    "mean_ms_raw": 10.568466623391814,
    "max_ms_raw": 11.663939,
    "producer_encode_mean_ms": 0.6324103268839103,
    "first_id": 127,
    "last_id": 981,
    "gap_count": 0,
    "seen": 915,
    "decoded": 915,
    "decoded_ratio": 1.0
  },
  "ros_jpeg": {
    "count": 0,
    "expected": 840,
    "frame_loss": null,
    "fps_effective": null,
    "mean_ms": null,
    "stddev_ms": null,
    "p50_ms": null,
    "p95_ms": null,
    "p99_ms": null,
    "max_ms": null,
    "p50_ms_raw": null,
    "p95_ms_raw": null,
    "p99_ms_raw": null,
    "mean_ms_raw": null,
    "max_ms_raw": null,
    "producer_encode_mean_ms": 0.6324103268839103,
    "first_id": null,
    "last_id": null,
    "gap_count": null,
    "seen": null,
    "decoded": null,
    "decoded_ratio": null
  },
  "cpu_stack": {
    "ros2": {
      "mean_pct": 0.0,
      "p95_pct": 0.0,
      "n": 56
    },
    "gscam_node": {
      "mean_pct": 26.035714285714285,
      "p95_pct": 28.0,
      "n": 56
    },
    "gst-launch-1.0": {
      "mean_pct": 21.107142857142858,
      "p95_pct": 22.5,
      "n": 56
    },
    "_total": {
      "mean_pct": 47.142857142857146,
      "p95_pct": 50.0,
      "n": 56
    }
  },
  "producer": {
    "frames_produced": 982,
    "underruns": 0,
    "underrun_total_late_ms": 0,
    "base_video_frames": 1439,
    "base_video_catch_up_reuses": 0,
    "encode_count": 982,
    "encode_total_ns": 621026941,
    "encode_max_ns": 2398400
  }
}