{
  "scenario": "cam-both-gscam+gst_bridge-yuv-rtp",
  "duration_s": 15,
  "warmup_frames": 60,
  "expected_after_warmup": 390,
  "stream": {
    "count": 343,
    "expected": 390,
    "frame_loss": 0.12051282051282053,
    "fps_effective": 29.999015277060543,
    "mean_ms": 8.881547525187592,
    "stddev_ms": 0.47888547120561403,
    "p50_ms": 8.8262343852459,
    "p95_ms": 9.5061527852459,
    "p99_ms": 10.453013965245898,
    "max_ms": 13.480223385245901,
    "p50_ms_raw": 9.077948,
    "p95_ms_raw": 9.7578664,
    "p99_ms_raw": 10.704727579999997,
    "mean_ms_raw": 9.133261139941691,
    "max_ms_raw": 13.731937,
    "producer_encode_mean_ms": 0.25171361475409837,
    "first_id": 145,
    "last_id": 487,
    "gap_count": 0,
    "seen": 403,
    "decoded": 403,
    "decoded_ratio": 1.0
  },
  "ros_raw": {
    "count": 404,
    "expected": 390,
    "frame_loss": 0.0,
    "fps_effective": 30.000545989092952,
    "mean_ms": 3.4787431302954066,
    "stddev_ms": 0.30605790323107945,
    "p50_ms": 3.4312793852459014,
    "p95_ms": 3.919959385245901,
    "p99_ms": 4.6930765752458985,
    "max_ms": 6.575250385245901,
    "p50_ms_raw": 3.6829929999999997,
    "p95_ms_raw": 4.171672999999999,
    "p99_ms_raw": 4.944790189999996,
    "mean_ms_raw": 3.730456745049505,
    "max_ms_raw": 6.826964,
    "producer_encode_mean_ms": 0.25171361475409837,
    "first_id": 84,
    "last_id": 487,
    "gap_count": 0,
    "seen": 464,
    "decoded": 464,
    "decoded_ratio": 1.0
  },
  "ros_jpeg": {
    "count": 0,
    "expected": 390,
    "frame_loss": null,
    "fps_effective": null,
    "mean_ms": null,
    "stddev_ms": null,
    "p50_ms": null,
    "p95_ms": null,
    "p99_ms": null,
    "max_ms": null,
    "p50_ms_raw": null,
    "p95_ms_raw": null,
    "p99_ms_raw": null,
    "mean_ms_raw": null,
    "max_ms_raw": null,
    "producer_encode_mean_ms": 0.25171361475409837,
    "first_id": null,
    "last_id": null,
    "gap_count": null,
    "seen": null,
    "decoded": null,
    "decoded_ratio": null
  },
  "cpu_stack": {
    "ros2": {
      "mean_pct": 0.0,
      "p95_pct": 0.0,
      "n": 26
    },
    "gscam_node": {
      "mean_pct": 8.307692307692308,
      "p95_pct": 10.0,
      "n": 26
    },
    "gst-launch-1.0": {
      "mean_pct": 10.076923076923077,
      "p95_pct": 12.0,
      "n": 26
    },
    "_total": {
      "mean_pct": 18.384615384615383,
      "p95_pct": 23.5,
      "n": 26
    }
  },
  "producer": {
    "frames_produced": 488,
    "underruns": 0,
    "underrun_total_late_ms": 0,
    "base_video_frames": 1100,
    "base_video_catch_up_reuses": 0,
    "encode_count": 488,
    "encode_total_ns": 122836244,
    "encode_max_ns": 795510
  }
}