{
  "scenario": "cam-both-rcs-mjpeg-decoded-rtp",
  "duration_s": 30,
  "warmup_frames": 60,
  "expected_after_warmup": 840,
  "stream": {
    "count": 824,
    "expected": 840,
    "frame_loss": 0.01904761904761909,
    "fps_effective": 29.997967127798102,
    "mean_ms": 8.695245292287257,
    "stddev_ms": 0.545529115569314,
    "p50_ms": 8.650159218258134,
    "p95_ms": 9.42391901825813,
    "p99_ms": 10.820929468258129,
    "max_ms": 11.532459218258133,
    "p50_ms_raw": 12.055679000000001,
    "p95_ms_raw": 12.829438799999998,
    "p99_ms_raw": 14.226449249999996,
    "mean_ms_raw": 12.100765074029125,
    "max_ms_raw": 14.937979,
    "producer_encode_mean_ms": 3.4055197817418676,
    "first_id": 129,
    "last_id": 952,
    "gap_count": 0,
    "seen": 884,
    "decoded": 884,
    "decoded_ratio": 1.0
  },
  "ros_raw": {
    "count": 824,
    "expected": 840,
    "frame_loss": 0.01904761904761909,
    "fps_effective": 30.000344693389323,
    "mean_ms": 11.062460900296967,
    "stddev_ms": 0.31492190040361384,
    "p50_ms": 11.036714718258132,
    "p95_ms": 11.51704881825813,
    "p99_ms": 11.990919118258132,
    "max_ms": 14.040784218258134,
    "p50_ms_raw": 14.4422345,
    "p95_ms_raw": 14.922568599999998,
    "p99_ms_raw": 15.3964389,
    "mean_ms_raw": 14.467980682038835,
    "max_ms_raw": 17.446304,
    "producer_encode_mean_ms": 3.4055197817418676,
    "first_id": 129,
    "last_id": 952,
    "gap_count": 0,
    "seen": 884,
    "decoded": 884,
    "decoded_ratio": 1.0
  },
  "ros_jpeg": {
    "count": 0,
    "expected": 840,
    "frame_loss": null,
    "fps_effective": null,
    "mean_ms": null,
    "stddev_ms": null,
    "p50_ms": null,
    "p95_ms": null,
    "p99_ms": null,
    "max_ms": null,
    "p50_ms_raw": null,
    "p95_ms_raw": null,
    "p99_ms_raw": null,
    "mean_ms_raw": null,
    "max_ms_raw": null,
    "producer_encode_mean_ms": 3.4055197817418676,
    "first_id": null,
    "last_id": null,
    "gap_count": null,
    "seen": null,
    "decoded": null,
    "decoded_ratio": null
  },
  "cpu_stack": {
    "ros2": {
      "mean_pct": 0.03571428571428571,
      "p95_pct": 0.0,
      "n": 56
    },
    "camera_server_s": {
      "mean_pct": 29.928571428571427,
      "p95_pct": 32.0,
      "n": 56
    },
    "_total": {
      "mean_pct": 29.964285714285715,
      "p95_pct": 32.0,
      "n": 56
    }
  },
  "producer": {
    "frames_produced": 953,
    "underruns": 0,
    "underrun_total_late_ms": 0,
    "base_video_frames": 1439,
    "base_video_catch_up_reuses": 0,
    "encode_count": 953,
    "encode_total_ns": 3245460352,
    "encode_max_ns": 8015286
  }
}