{
  "scenario": "cam-both-rcs-mjpeg-decoded-rtp",
  "duration_s": 15,
  "warmup_frames": 60,
  "expected_after_warmup": 390,
  "stream": {
    "count": 328,
    "expected": 390,
    "frame_loss": 0.15897435897435896,
    "fps_effective": 29.99836562023742,
    "mean_ms": 5.843493115187986,
    "stddev_ms": 0.3976834054981224,
    "p50_ms": 5.841474078602621,
    "p95_ms": 6.43385957860262,
    "p99_ms": 6.865388248602622,
    "max_ms": 8.29524157860262,
    "p50_ms_raw": 7.518644500000001,
    "p95_ms_raw": 8.11103,
    "p99_ms_raw": 8.542558670000002,
    "mean_ms_raw": 7.520663536585365,
    "max_ms_raw": 9.972412,
    "producer_encode_mean_ms": 1.67717042139738,
    "first_id": 129,
    "last_id": 456,
    "gap_count": 0,
    "seen": 388,
    "decoded": 388,
    "decoded_ratio": 1.0
  },
  "ros_raw": {
    "count": 329,
    "expected": 390,
    "frame_loss": 0.1564102564102564,
    "fps_effective": 30.000517106474124,
    "mean_ms": 4.738745283769793,
    "stddev_ms": 0.7519869247444946,
    "p50_ms": 4.53129357860262,
    "p95_ms": 6.94898657860262,
    "p99_ms": 7.362976018602618,
    "max_ms": 8.62532757860262,
    "p50_ms_raw": 6.208464,
    "p95_ms_raw": 8.626157,
    "p99_ms_raw": 9.040146439999997,
    "mean_ms_raw": 6.415915705167174,
    "max_ms_raw": 10.302498,
    "producer_encode_mean_ms": 1.67717042139738,
    "first_id": 128,
    "last_id": 456,
    "gap_count": 0,
    "seen": 389,
    "decoded": 389,
    "decoded_ratio": 1.0
  },
  "ros_jpeg": {
    "count": 0,
    "expected": 390,
    "frame_loss": null,
    "fps_effective": null,
    "mean_ms": null,
    "stddev_ms": null,
    "p50_ms": null,
    "p95_ms": null,
    "p99_ms": null,
    "max_ms": null,
    "p50_ms_raw": null,
    "p95_ms_raw": null,
    "p99_ms_raw": null,
    "mean_ms_raw": null,
    "max_ms_raw": null,
    "producer_encode_mean_ms": 1.67717042139738,
    "first_id": null,
    "last_id": null,
    "gap_count": null,
    "seen": null,
    "decoded": null,
    "decoded_ratio": null
  },
  "cpu_stack": {
    "ros2": {
      "mean_pct": 0.0,
      "p95_pct": 0.0,
      "n": 26
    },
    "camera_server_s": {
      "mean_pct": 15.461538461538462,
      "p95_pct": 26.5,
      "n": 26
    },
    "_total": {
      "mean_pct": 15.461538461538462,
      "p95_pct": 26.5,
      "n": 26
    }
  },
  "producer": {
    "frames_produced": 458,
    "underruns": 0,
    "underrun_total_late_ms": 0,
    "base_video_frames": 1100,
    "base_video_catch_up_reuses": 0,
    "encode_count": 458,
    "encode_total_ns": 768144053,
    "encode_max_ns": 3976211
  }
}