{
  "scenario": "cam-both-rcs-mjpeg-rtp",
  "duration_s": 15,
  "warmup_frames": 60,
  "expected_after_warmup": 390,
  "stream": {
    "count": 330,
    "expected": 390,
    "frame_loss": 0.15384615384615385,
    "fps_effective": 29.99818759886158,
    "mean_ms": 5.7490793905723905,
    "stddev_ms": 0.36909048024264635,
    "p50_ms": 5.755914148148148,
    "p95_ms": 6.296324948148148,
    "p99_ms": 6.675436358148146,
    "max_ms": 6.916915148148148,
    "p50_ms_raw": 7.369382,
    "p95_ms_raw": 7.9097928,
    "p99_ms_raw": 8.288904209999998,
    "mean_ms_raw": 7.362547242424243,
    "max_ms_raw": 8.530383,
    "producer_encode_mean_ms": 1.613467851851852,
    "first_id": 128,
    "last_id": 457,
    "gap_count": 0,
    "seen": 390,
    "decoded": 390,
    "decoded_ratio": 1.0
  },
  "ros_raw": {
    "count": 0,
    "expected": 390,
    "frame_loss": null,
    "fps_effective": null,
    "mean_ms": null,
    "stddev_ms": null,
    "p50_ms": null,
    "p95_ms": null,
    "p99_ms": null,
    "max_ms": null,
    "p50_ms_raw": null,
    "p95_ms_raw": null,
    "p99_ms_raw": null,
    "mean_ms_raw": null,
    "max_ms_raw": null,
    "producer_encode_mean_ms": 1.613467851851852,
    "first_id": null,
    "last_id": null,
    "gap_count": null,
    "seen": null,
    "decoded": null,
    "decoded_ratio": null
  },
  "ros_jpeg": {
    "count": 332,
    "expected": 390,
    "frame_loss": 0.14871794871794874,
    "fps_effective": 30.0002564432797,
    "mean_ms": 1.9462032987505575,
    "stddev_ms": 0.30567709632636775,
    "p50_ms": 1.8882216481481484,
    "p95_ms": 2.433585548148147,
    "p99_ms": 2.967556578148148,
    "max_ms": 3.7123151481481482,
    "p50_ms_raw": 3.5016895000000003,
    "p95_ms_raw": 4.047053399999999,
    "p99_ms_raw": 4.58102443,
    "mean_ms_raw": 3.5596711506024095,
    "max_ms_raw": 5.325783,
    "producer_encode_mean_ms": 1.613467851851852,
    "first_id": 127,
    "last_id": 458,
    "gap_count": 0,
    "seen": 392,
    "decoded": 392,
    "decoded_ratio": 1.0
  },
  "cpu_stack": {
    "ros2": {
      "mean_pct": 0.07692307692307693,
      "p95_pct": 0.0,
      "n": 26
    },
    "camera_server_s": {
      "mean_pct": 6.3076923076923075,
      "p95_pct": 7.5,
      "n": 26
    },
    "_total": {
      "mean_pct": 6.384615384615385,
      "p95_pct": 8.0,
      "n": 26
    }
  },
  "producer": {
    "frames_produced": 459,
    "underruns": 0,
    "underrun_total_late_ms": 0,
    "base_video_frames": 1100,
    "base_video_catch_up_reuses": 0,
    "encode_count": 459,
    "encode_total_ns": 740581744,
    "encode_max_ns": 3059431
  }
}