{
  "scenario": "cam-both-rcs-mjpeg-rtp",
  "duration_s": 30,
  "warmup_frames": 60,
  "expected_after_warmup": 840,
  "stream": {
    "count": 825,
    "expected": 840,
    "frame_loss": 0.017857142857142905,
    "fps_effective": 29.99939454777758,
    "mean_ms": 8.752353252024445,
    "stddev_ms": 0.5298400545034911,
    "p50_ms": 8.708466197478991,
    "p95_ms": 9.57615039747899,
    "p99_ms": 10.79171255747899,
    "max_ms": 12.655545197478991,
    "p50_ms_raw": 12.039833,
    "p95_ms_raw": 12.9075172,
    "p99_ms_raw": 14.123079359999998,
    "mean_ms_raw": 12.083720054545454,
    "max_ms_raw": 15.986912,
    "producer_encode_mean_ms": 3.3313668025210084,
    "first_id": 127,
    "last_id": 951,
    "gap_count": 0,
    "seen": 885,
    "decoded": 885,
    "decoded_ratio": 1.0
  },
  "ros_raw": {
    "count": 0,
    "expected": 840,
    "frame_loss": null,
    "fps_effective": null,
    "mean_ms": null,
    "stddev_ms": null,
    "p50_ms": null,
    "p95_ms": null,
    "p99_ms": null,
    "max_ms": null,
    "p50_ms_raw": null,
    "p95_ms_raw": null,
    "p99_ms_raw": null,
    "mean_ms_raw": null,
    "max_ms_raw": null,
    "producer_encode_mean_ms": 3.3313668025210084,
    "first_id": null,
    "last_id": null,
    "gap_count": null,
    "seen": null,
    "decoded": null,
    "decoded_ratio": null
  },
  "ros_jpeg": {
    "count": 825,
    "expected": 840,
    "frame_loss": 0.017857142857142905,
    "fps_effective": 30.000911291515852,
    "mean_ms": 2.5197112992971733,
    "stddev_ms": 0.36777139577529133,
    "p50_ms": 2.457568197478992,
    "p95_ms": 3.0165909974789913,
    "p99_ms": 3.8965570774789913,
    "max_ms": 7.27809719747899,
    "p50_ms_raw": 5.788935,
    "p95_ms_raw": 6.3479578,
    "p99_ms_raw": 7.22792388,
    "mean_ms_raw": 5.851078101818182,
    "max_ms_raw": 10.609464,
    "producer_encode_mean_ms": 3.3313668025210084,
    "first_id": 127,
    "last_id": 951,
    "gap_count": 0,
    "seen": 885,
    "decoded": 885,
    "decoded_ratio": 1.0
  },
  "cpu_stack": {
    "ros2": {
      "mean_pct": 0.03571428571428571,
      "p95_pct": 0.0,
      "n": 56
    },
    "camera_server_s": {
      "mean_pct": 3.5,
      "p95_pct": 4.5,
      "n": 56
    },
    "_total": {
      "mean_pct": 3.5357142857142856,
      "p95_pct": 4.5,
      "n": 56
    }
  },
  "producer": {
    "frames_produced": 952,
    "underruns": 0,
    "underrun_total_late_ms": 0,
    "base_video_frames": 1440,
    "base_video_catch_up_reuses": 0,
    "encode_count": 952,
    "encode_total_ns": 3171461196,
    "encode_max_ns": 7813634
  }
}