{
  "scenario": "cam-both-gscam+gst_bridge-mjpeg-rtp",
  "duration_s": 30,
  "warmup_frames": 60,
  "expected_after_warmup": 840,
  "stream": {
    "count": 838,
    "expected": 840,
    "frame_loss": 0.0023809523809523725,
    "fps_effective": 29.999150344494605,
    "mean_ms": 17.98284169383578,
    "stddev_ms": 0.5670603079938821,
    "p50_ms": 17.951195248728382,
    "p95_ms": 18.789756498728384,
    "p99_ms": 20.100983168728384,
    "max_ms": 22.10762574872838,
    "p50_ms_raw": 21.3227185,
    "p95_ms_raw": 22.161279750000002,
    "p99_ms_raw": 23.472506420000002,
    "mean_ms_raw": 21.3543649451074,
    "max_ms_raw": 25.479149,
    "producer_encode_mean_ms": 3.3715232512716176,
    "first_id": 145,
    "last_id": 982,
    "gap_count": 0,
    "seen": 898,
    "decoded": 898,
    "decoded_ratio": 1.0
  },
  "ros_raw": {
    "count": 855,
    "expected": 840,
    "frame_loss": 0.0,
    "fps_effective": 30.008823712298785,
    "mean_ms": 7.920483484400896,
    "stddev_ms": 0.5121285635199077,
    "p50_ms": 7.851258748728383,
    "p95_ms": 8.467548248728384,
    "p99_ms": 9.34962652872839,
    "max_ms": 16.205766748728383,
    "p50_ms_raw": 11.222782,
    "p95_ms_raw": 11.839071500000001,
    "p99_ms_raw": 12.721149780000008,
    "mean_ms_raw": 11.292006735672514,
    "max_ms_raw": 19.57729,
    "producer_encode_mean_ms": 3.3715232512716176,
    "first_id": 128,
    "last_id": 982,
    "gap_count": 0,
    "seen": 915,
    "decoded": 915,
    "decoded_ratio": 1.0
  },
  "ros_jpeg": {
    "count": 0,
    "expected": 840,
    "frame_loss": null,
    "fps_effective": null,
    "mean_ms": null,
    "stddev_ms": null,
    "p50_ms": null,
    "p95_ms": null,
    "p99_ms": null,
    "max_ms": null,
    "p50_ms_raw": null,
    "p95_ms_raw": null,
    "p99_ms_raw": null,
    "mean_ms_raw": null,
    "max_ms_raw": null,
    "producer_encode_mean_ms": 3.3715232512716176,
    "first_id": null,
    "last_id": null,
    "gap_count": null,
    "seen": null,
    "decoded": null,
    "decoded_ratio": null
  },
  "cpu_stack": {
    "ros2": {
      "mean_pct": 0.0,
      "p95_pct": 0.0,
      "n": 56
    },
    "gscam_node": {
      "mean_pct": 19.928571428571427,
      "p95_pct": 22.0,
      "n": 56
    },
    "gst-launch-1.0": {
      "mean_pct": 20.892857142857142,
      "p95_pct": 22.5,
      "n": 56
    },
    "_total": {
      "mean_pct": 40.82142857142857,
      "p95_pct": 44.0,
      "n": 56
    }
  },
  "producer": {
    "frames_produced": 983,
    "underruns": 0,
    "underrun_total_late_ms": 0,
    "base_video_frames": 1439,
    "base_video_catch_up_reuses": 0,
    "encode_count": 983,
    "encode_total_ns": 3314207356,
    "encode_max_ns": 17621260
  }
}