{
  "scenario": "cam-both-gscam+gst_bridge-mjpeg-rtp",
  "duration_s": 15,
  "warmup_frames": 60,
  "expected_after_warmup": 390,
  "stream": {
    "count": 343,
    "expected": 390,
    "frame_loss": 0.12051282051282053,
    "fps_effective": 30.002085047535616,
    "mean_ms": 10.810932682819146,
    "stddev_ms": 1.4578346068298202,
    "p50_ms": 10.581558219262295,
    "p95_ms": 13.612934019262292,
    "p99_ms": 15.671285619262292,
    "max_ms": 16.695617219262296,
    "p50_ms_raw": 12.281505,
    "p95_ms_raw": 15.312880799999997,
    "p99_ms_raw": 17.371232399999997,
    "mean_ms_raw": 12.51087946355685,
    "max_ms_raw": 18.395564,
    "producer_encode_mean_ms": 1.6999467807377049,
    "first_id": 145,
    "last_id": 487,
    "gap_count": 0,
    "seen": 403,
    "decoded": 403,
    "decoded_ratio": 1.0
  },
  "ros_raw": {
    "count": 404,
    "expected": 390,
    "frame_loss": 0.0,
    "fps_effective": 30.000884590598712,
    "mean_ms": 4.882251761341504,
    "stddev_ms": 0.9432587938788789,
    "p50_ms": 4.666882219262295,
    "p95_ms": 6.668151069262295,
    "p99_ms": 7.76542576926229,
    "max_ms": 9.107923219262295,
    "p50_ms_raw": 6.366828999999999,
    "p95_ms_raw": 8.36809785,
    "p99_ms_raw": 9.465372549999994,
    "mean_ms_raw": 6.582198542079208,
    "max_ms_raw": 10.80787,
    "producer_encode_mean_ms": 1.6999467807377049,
    "first_id": 84,
    "last_id": 487,
    "gap_count": 0,
    "seen": 464,
    "decoded": 464,
    "decoded_ratio": 1.0
  },
  "ros_jpeg": {
    "count": 0,
    "expected": 390,
    "frame_loss": null,
    "fps_effective": null,
    "mean_ms": null,
    "stddev_ms": null,
    "p50_ms": null,
    "p95_ms": null,
    "p99_ms": null,
    "max_ms": null,
    "p50_ms_raw": null,
    "p95_ms_raw": null,
    "p99_ms_raw": null,
    "mean_ms_raw": null,
    "max_ms_raw": null,
    "producer_encode_mean_ms": 1.6999467807377049,
    "first_id": null,
    "last_id": null,
    "gap_count": null,
    "seen": null,
    "decoded": null,
    "decoded_ratio": null
  },
  "cpu_stack": {
    "ros2": {
      "mean_pct": 0.0,
      "p95_pct": 0.0,
      "n": 26
    },
    "gscam_node": {
      "mean_pct": 12.615384615384615,
      "p95_pct": 15.5,
      "n": 26
    },
    "gst-launch-1.0": {
      "mean_pct": 12.923076923076923,
      "p95_pct": 15.5,
      "n": 26
    },
    "_total": {
      "mean_pct": 25.53846153846154,
      "p95_pct": 31.5,
      "n": 26
    }
  },
  "producer": {
    "frames_produced": 488,
    "underruns": 0,
    "underrun_total_late_ms": 0,
    "base_video_frames": 1100,
    "base_video_catch_up_reuses": 0,
    "encode_count": 488,
    "encode_total_ns": 829574029,
    "encode_max_ns": 3386190
  }
}