{
  "scenario": "cam-both-gscam+gst_bridge-mjpeg-rtp",
  "duration_s": 30,
  "warmup_frames": 60,
  "expected_after_warmup": 840,
  "stream": {
    "count": 836,
    "expected": 840,
    "frame_loss": 0.004761904761904745,
    "fps_effective": 29.998912237286664,
    "mean_ms": 17.972051187873273,
    "stddev_ms": 0.6001843170907385,
    "p50_ms": 17.904347860122076,
    "p95_ms": 18.873890360122072,
    "p99_ms": 20.173462810122075,
    "max_ms": 21.718100360122076,
    "p50_ms_raw": 21.1529825,
    "p95_ms_raw": 22.122524999999996,
    "p99_ms_raw": 23.42209745,
    "mean_ms_raw": 21.220685827751197,
    "max_ms_raw": 24.966735,
    "producer_encode_mean_ms": 3.248634639877925,
    "first_id": 146,
    "last_id": 981,
    "gap_count": 0,
    "seen": 896,
    "decoded": 896,
    "decoded_ratio": 1.0
  },
  "ros_raw": {
    "count": 848,
    "expected": 840,
    "frame_loss": 0.0,
    "fps_effective": 29.99928195142536,
    "mean_ms": 7.935956814131509,
    "stddev_ms": 0.3436806353530446,
    "p50_ms": 7.906695360122074,
    "p95_ms": 8.470695960122075,
    "p99_ms": 8.929063320122076,
    "max_ms": 10.400720360122076,
    "p50_ms_raw": 11.15533,
    "p95_ms_raw": 11.7193306,
    "p99_ms_raw": 12.17769796,
    "mean_ms_raw": 11.184591454009434,
    "max_ms_raw": 13.649355,
    "producer_encode_mean_ms": 3.248634639877925,
    "first_id": 135,
    "last_id": 982,
    "gap_count": 0,
    "seen": 908,
    "decoded": 908,
    "decoded_ratio": 1.0
  },
  "ros_jpeg": {
    "count": 0,
    "expected": 840,
    "frame_loss": null,
    "fps_effective": null,
    "mean_ms": null,
    "stddev_ms": null,
    "p50_ms": null,
    "p95_ms": null,
    "p99_ms": null,
    "max_ms": null,
    "p50_ms_raw": null,
    "p95_ms_raw": null,
    "p99_ms_raw": null,
    "mean_ms_raw": null,
    "max_ms_raw": null,
    "producer_encode_mean_ms": 3.248634639877925,
    "first_id": null,
    "last_id": null,
    "gap_count": null,
    "seen": null,
    "decoded": null,
    "decoded_ratio": null
  },
  "cpu_stack": {
    "ros2": {
      "mean_pct": 0.0,
      "p95_pct": 0.0,
      "n": 56
    },
    "gscam_node": {
      "mean_pct": 19.821428571428573,
      "p95_pct": 22.0,
      "n": 56
    },
    "gst-launch-1.0": {
      "mean_pct": 20.678571428571427,
      "p95_pct": 22.0,
      "n": 56
    },
    "_total": {
      "mean_pct": 40.5,
      "p95_pct": 44.0,
      "n": 56
    }
  },
  "producer": {
    "frames_produced": 983,
    "underruns": 0,
    "underrun_total_late_ms": 0,
    "base_video_frames": 1439,
    "base_video_catch_up_reuses": 0,
    "encode_count": 983,
    "encode_total_ns": 3193407851,
    "encode_max_ns": 19900674
  }
}