{
  "scenario": "cam-both-rcs-mjpeg-rtp",
  "duration_s": 15,
  "warmup_frames": 60,
  "expected_after_warmup": 390,
  "stream": {
    "count": 329,
    "expected": 390,
    "frame_loss": 0.1564102564102564,
    "fps_effective": 30.001382706104316,
    "mean_ms": 5.596572125071342,
    "stddev_ms": 0.3968407420686293,
    "p50_ms": 5.573269541484716,
    "p95_ms": 6.3075099414847156,
    "p99_ms": 6.484928781484715,
    "max_ms": 6.794512541484716,
    "p50_ms_raw": 7.233034,
    "p95_ms_raw": 7.967274399999999,
    "p99_ms_raw": 8.144693239999999,
    "mean_ms_raw": 7.256336583586625,
    "max_ms_raw": 8.454277,
    "producer_encode_mean_ms": 1.659764458515284,
    "first_id": 129,
    "last_id": 457,
    "gap_count": 0,
    "seen": 389,
    "decoded": 389,
    "decoded_ratio": 1.0
  },
  "ros_raw": {
    "count": 0,
    "expected": 390,
    "frame_loss": null,
    "fps_effective": null,
    "mean_ms": null,
    "stddev_ms": null,
    "p50_ms": null,
    "p95_ms": null,
    "p99_ms": null,
    "max_ms": null,
    "p50_ms_raw": null,
    "p95_ms_raw": null,
    "p99_ms_raw": null,
    "mean_ms_raw": null,
    "max_ms_raw": null,
    "producer_encode_mean_ms": 1.659764458515284,
    "first_id": null,
    "last_id": null,
    "gap_count": null,
    "seen": null,
    "decoded": null,
    "decoded_ratio": null
  },
  "ros_jpeg": {
    "count": 329,
    "expected": 390,
    "frame_loss": 0.1564102564102564,
    "fps_effective": 30.00124882210501,
    "mean_ms": 1.8751703408768132,
    "stddev_ms": 0.229812662963998,
    "p50_ms": 1.836616541484716,
    "p95_ms": 2.286735741484715,
    "p99_ms": 2.6319129814847124,
    "max_ms": 3.2041195414847157,
    "p50_ms_raw": 3.496381,
    "p95_ms_raw": 3.946500199999999,
    "p99_ms_raw": 4.291677439999996,
    "mean_ms_raw": 3.534934799392097,
    "max_ms_raw": 4.863884,
    "producer_encode_mean_ms": 1.659764458515284,
    "first_id": 129,
    "last_id": 457,
    "gap_count": 0,
    "seen": 389,
    "decoded": 389,
    "decoded_ratio": 1.0
  },
  "cpu_stack": {
    "ros2": {
      "mean_pct": 0.0,
      "p95_pct": 0.0,
      "n": 26
    },
    "camera_server_s": {
      "mean_pct": 6.230769230769231,
      "p95_pct": 9.0,
      "n": 26
    },
    "_total": {
      "mean_pct": 6.230769230769231,
      "p95_pct": 9.0,
      "n": 26
    }
  },
  "producer": {
    "frames_produced": 458,
    "underruns": 0,
    "underrun_total_late_ms": 0,
    "base_video_frames": 1100,
    "base_video_catch_up_reuses": 0,
    "encode_count": 458,
    "encode_total_ns": 760172122,
    "encode_max_ns": 4087417
  }
}