{
  "scenario": "cam-both-rcs-mjpeg-rtp",
  "duration_s": 30,
  "warmup_frames": 60,
  "expected_after_warmup": 840,
  "stream": {
    "count": 822,
    "expected": 840,
    "frame_loss": 0.021428571428571463,
    "fps_effective": 29.998891696609885,
    "mean_ms": 8.80533213715428,
    "stddev_ms": 0.5238042952093982,
    "p50_ms": 8.750407421825813,
    "p95_ms": 9.629128171825812,
    "p99_ms": 10.32594747182581,
    "max_ms": 12.554803421825813,
    "p50_ms_raw": 12.069675,
    "p95_ms_raw": 12.94839575,
    "p99_ms_raw": 13.645215049999997,
    "mean_ms_raw": 12.124599715328467,
    "max_ms_raw": 15.874071,
    "producer_encode_mean_ms": 3.3192675781741867,
    "first_id": 131,
    "last_id": 952,
    "gap_count": 0,
    "seen": 882,
    "decoded": 882,
    "decoded_ratio": 1.0
  },
  "ros_raw": {
    "count": 0,
    "expected": 840,
    "frame_loss": null,
    "fps_effective": null,
    "mean_ms": null,
    "stddev_ms": null,
    "p50_ms": null,
    "p95_ms": null,
    "p99_ms": null,
    "max_ms": null,
    "p50_ms_raw": null,
    "p95_ms_raw": null,
    "p99_ms_raw": null,
    "mean_ms_raw": null,
    "max_ms_raw": null,
    "producer_encode_mean_ms": 3.3192675781741867,
    "first_id": null,
    "last_id": null,
    "gap_count": null,
    "seen": null,
    "decoded": null,
    "decoded_ratio": null
  },
  "ros_jpeg": {
    "count": 823,
    "expected": 840,
    "frame_loss": 0.020238095238095277,
    "fps_effective": 30.00053584241745,
    "mean_ms": 2.5834678701854727,
    "stddev_ms": 0.36900717997408555,
    "p50_ms": 2.524721421825813,
    "p95_ms": 3.146890321825813,
    "p99_ms": 4.002937561825811,
    "max_ms": 5.728444421825814,
    "p50_ms_raw": 5.843989,
    "p95_ms_raw": 6.4661579,
    "p99_ms_raw": 7.322205139999998,
    "mean_ms_raw": 5.9027354483596595,
    "max_ms_raw": 9.047712,
    "producer_encode_mean_ms": 3.3192675781741867,
    "first_id": 130,
    "last_id": 952,
    "gap_count": 0,
    "seen": 883,
    "decoded": 883,
    "decoded_ratio": 1.0
  },
  "cpu_stack": {
    "ros2": {
      "mean_pct": 0.0,
      "p95_pct": 0.0,
      "n": 56
    },
    "camera_server_s": {
      "mean_pct": 3.4642857142857144,
      "p95_pct": 6.0,
      "n": 56
    },
    "_total": {
      "mean_pct": 3.4642857142857144,
      "p95_pct": 6.0,
      "n": 56
    }
  },
  "producer": {
    "frames_produced": 953,
    "underruns": 0,
    "underrun_total_late_ms": 0,
    "base_video_frames": 1440,
    "base_video_catch_up_reuses": 0,
    "encode_count": 953,
    "encode_total_ns": 3163262002,
    "encode_max_ns": 15569674
  }
}