{
  "scenario": "cam-both-rcs-mjpeg-rtp",
  "duration_s": 15,
  "warmup_frames": 60,
  "expected_after_warmup": 390,
  "stream": {
    "count": 329,
    "expected": 390,
    "frame_loss": 0.1564102564102564,
    "fps_effective": 30.000221386084934,
    "mean_ms": 5.6574878672303255,
    "stddev_ms": 0.4245601159635556,
    "p50_ms": 5.614406633187773,
    "p95_ms": 6.340654633187772,
    "p99_ms": 7.233849753187772,
    "max_ms": 7.645752633187773,
    "p50_ms_raw": 7.293641,
    "p95_ms_raw": 8.019889,
    "p99_ms_raw": 8.913084119999999,
    "mean_ms_raw": 7.336722234042552,
    "max_ms_raw": 9.324987,
    "producer_encode_mean_ms": 1.6792343668122272,
    "first_id": 129,
    "last_id": 457,
    "gap_count": 0,
    "seen": 389,
    "decoded": 389,
    "decoded_ratio": 1.0
  },
  "ros_raw": {
    "count": 0,
    "expected": 390,
    "frame_loss": null,
    "fps_effective": null,
    "mean_ms": null,
    "stddev_ms": null,
    "p50_ms": null,
    "p95_ms": null,
    "p99_ms": null,
    "max_ms": null,
    "p50_ms_raw": null,
    "p95_ms_raw": null,
    "p99_ms_raw": null,
    "mean_ms_raw": null,
    "max_ms_raw": null,
    "producer_encode_mean_ms": 1.6792343668122272,
    "first_id": null,
    "last_id": null,
    "gap_count": null,
    "seen": null,
    "decoded": null,
    "decoded_ratio": null
  },
  "ros_jpeg": {
    "count": 330,
    "expected": 390,
    "frame_loss": 0.15384615384615385,
    "fps_effective": 29.999673852481948,
    "mean_ms": 1.92801479076353,
    "stddev_ms": 0.4178603956930701,
    "p50_ms": 1.8303221331877728,
    "p95_ms": 2.568216633187773,
    "p99_ms": 3.8731968331877686,
    "max_ms": 5.003287633187773,
    "p50_ms_raw": 3.5095565,
    "p95_ms_raw": 4.247451,
    "p99_ms_raw": 5.552431199999996,
    "mean_ms_raw": 3.6072491575757573,
    "max_ms_raw": 6.682522,
    "producer_encode_mean_ms": 1.6792343668122272,
    "first_id": 128,
    "last_id": 457,
    "gap_count": 0,
    "seen": 390,
    "decoded": 390,
    "decoded_ratio": 1.0
  },
  "cpu_stack": {
    "ros2": {
      "mean_pct": 0.0,
      "p95_pct": 0.0,
      "n": 26
    },
    "camera_server_s": {
      "mean_pct": 6.230769230769231,
      "p95_pct": 10.5,
      "n": 26
    },
    "_total": {
      "mean_pct": 6.230769230769231,
      "p95_pct": 10.5,
      "n": 26
    }
  },
  "producer": {
    "frames_produced": 458,
    "underruns": 0,
    "underrun_total_late_ms": 0,
    "base_video_frames": 1100,
    "base_video_catch_up_reuses": 0,
    "encode_count": 458,
    "encode_total_ns": 769089340,
    "encode_max_ns": 3773181
  }
}