{
  "scenario": "cam-both-rcs-mjpeg-rtp",
  "duration_s": 30,
  "warmup_frames": 60,
  "expected_after_warmup": 840,
  "stream": {
    "count": 819,
    "expected": 840,
    "frame_loss": 0.025000000000000022,
    "fps_effective": 30.00202276058153,
    "mean_ms": 8.648058108252712,
    "stddev_ms": 0.6300320910413295,
    "p50_ms": 8.578776174186778,
    "p95_ms": 9.479862574186779,
    "p99_ms": 10.921503794186767,
    "max_ms": 14.858547174186777,
    "p50_ms_raw": 11.950248,
    "p95_ms_raw": 12.8513344,
    "p99_ms_raw": 14.29297561999999,
    "mean_ms_raw": 12.019529934065934,
    "max_ms_raw": 18.230019,
    "producer_encode_mean_ms": 3.3714718258132215,
    "first_id": 134,
    "last_id": 952,
    "gap_count": 0,
    "seen": 879,
    "decoded": 879,
    "decoded_ratio": 1.0
  },
  "ros_raw": {
    "count": 0,
    "expected": 840,
    "frame_loss": null,
    "fps_effective": null,
    "mean_ms": null,
    "stddev_ms": null,
    "p50_ms": null,
    "p95_ms": null,
    "p99_ms": null,
    "max_ms": null,
    "p50_ms_raw": null,
    "p95_ms_raw": null,
    "p99_ms_raw": null,
    "mean_ms_raw": null,
    "max_ms_raw": null,
    "producer_encode_mean_ms": 3.3714718258132215,
    "first_id": null,
    "last_id": null,
    "gap_count": null,
    "seen": null,
    "decoded": null,
    "decoded_ratio": null
  },
  "ros_jpeg": {
    "count": 819,
    "expected": 840,
    "frame_loss": 0.025000000000000022,
    "fps_effective": 30.00885104384752,
    "mean_ms": 2.7102277358473406,
    "stddev_ms": 0.6786884645550183,
    "p50_ms": 2.575479174186779,
    "p95_ms": 3.642073674186775,
    "p99_ms": 5.06605143418675,
    "max_ms": 10.939325174186779,
    "p50_ms_raw": 5.946951,
    "p95_ms_raw": 7.013545499999997,
    "p99_ms_raw": 8.437523259999972,
    "mean_ms_raw": 6.081699561660562,
    "max_ms_raw": 14.310797,
    "producer_encode_mean_ms": 3.3714718258132215,
    "first_id": 134,
    "last_id": 952,
    "gap_count": 0,
    "seen": 879,
    "decoded": 879,
    "decoded_ratio": 1.0
  },
  "cpu_stack": {
    "ros2": {
      "mean_pct": 0.0,
      "p95_pct": 0.0,
      "n": 56
    },
    "camera_server_s": {
      "mean_pct": 3.5357142857142856,
      "p95_pct": 6.0,
      "n": 56
    },
    "_total": {
      "mean_pct": 3.5357142857142856,
      "p95_pct": 6.0,
      "n": 56
    }
  },
  "producer": {
    "frames_produced": 953,
    "underruns": 0,
    "underrun_total_late_ms": 0,
    "base_video_frames": 1439,
    "base_video_catch_up_reuses": 0,
    "encode_count": 953,
    "encode_total_ns": 3213012650,
    "encode_max_ns": 7798153
  }
}