{
  "scenario": "cam-both-usb_cam+rtsp_fkie-yuv-h264",
  "duration_s": 30,
  "warmup_frames": 60,
  "expected_after_warmup": 840,
  "stream": {
    "count": 835,
    "expected": 840,
    "frame_loss": 0.005952380952380931,
    "fps_effective": 30.00181897575003,
    "mean_ms": 15.935525373903209,
    "stddev_ms": 0.6282463596959692,
    "p50_ms": 15.938218324801413,
    "p95_ms": 16.94439252480141,
    "p99_ms": 17.878667864801407,
    "max_ms": 21.22182732480141,
    "p50_ms_raw": 16.575219,
    "p95_ms_raw": 17.581393199999997,
    "p99_ms_raw": 18.515668539999997,
    "mean_ms_raw": 16.572526049101796,
    "max_ms_raw": 21.858828,
    "producer_encode_mean_ms": 0.6370006751985878,
    "first_id": 297,
    "last_id": 1131,
    "gap_count": 0,
    "seen": 895,
    "decoded": 895,
    "decoded_ratio": 1.0
  },
  "ros_raw": {
    "count": 900,
    "expected": 840,
    "frame_loss": 0.0,
    "fps_effective": 30.006297789536223,
    "mean_ms": 7.791154601468079,
    "stddev_ms": 0.9096870215832269,
    "p50_ms": 7.561812824801412,
    "p95_ms": 8.878552824801412,
    "p99_ms": 11.62385208480141,
    "max_ms": 19.54837032480141,
    "p50_ms_raw": 8.1988135,
    "p95_ms_raw": 9.5155535,
    "p99_ms_raw": 12.260852759999997,
    "mean_ms_raw": 8.428155276666667,
    "max_ms_raw": 20.185371,
    "producer_encode_mean_ms": 0.6370006751985878,
    "first_id": 135,
    "last_id": 1034,
    "gap_count": 0,
    "seen": 960,
    "decoded": 960,
    "decoded_ratio": 1.0
  },
  "ros_jpeg": {
    "count": 0,
    "expected": 840,
    "frame_loss": null,
    "fps_effective": null,
    "mean_ms": null,
    "stddev_ms": null,
    "p50_ms": null,
    "p95_ms": null,
    "p99_ms": null,
    "max_ms": null,
    "p50_ms_raw": null,
    "p95_ms_raw": null,
    "p99_ms_raw": null,
    "mean_ms_raw": null,
    "max_ms_raw": null,
    "producer_encode_mean_ms": 0.6370006751985878,
    "first_id": null,
    "last_id": null,
    "gap_count": null,
    "seen": null,
    "decoded": null,
    "decoded_ratio": null
  },
  "cpu_stack": {
    "ros2": {
      "mean_pct": 0.0,
      "p95_pct": 0.0,
      "n": 56
    },
    "usb_cam_node_ex": {
      "mean_pct": 16.964285714285715,
      "p95_pct": 18.0,
      "n": 56
    },
    "republish": {
      "mean_pct": 13.821428571428571,
      "p95_pct": 16.0,
      "n": 56
    },
    "_total": {
      "mean_pct": 30.785714285714285,
      "p95_pct": 34.0,
      "n": 56
    }
  },
  "producer": {
    "frames_produced": 1133,
    "underruns": 0,
    "underrun_total_late_ms": 0,
    "base_video_frames": 1439,
    "base_video_catch_up_reuses": 0,
    "encode_count": 1133,
    "encode_total_ns": 721721765,
    "encode_max_ns": 2544451
  }
}