{
  "scenario": "cam-both-usb_cam+rtsp_fkie-yuv-h264",
  "duration_s": 15,
  "warmup_frames": 60,
  "expected_after_warmup": 390,
  "stream": {
    "count": 384,
    "expected": 390,
    "frame_loss": 0.01538461538461533,
    "fps_effective": 30.002914999401185,
    "mean_ms": 7.439752958651213,
    "stddev_ms": 0.6460770635012757,
    "p50_ms": 7.254722036776213,
    "p95_ms": 8.74251308677621,
    "p99_ms": 9.669842716776214,
    "max_ms": 11.757291536776213,
    "p50_ms_raw": 7.5154455,
    "p95_ms_raw": 9.003236549999997,
    "p99_ms_raw": 9.930566180000001,
    "mean_ms_raw": 7.700476421875,
    "max_ms_raw": 12.018015,
    "producer_encode_mean_ms": 0.26072346322378714,
    "first_id": 254,
    "last_id": 637,
    "gap_count": 0,
    "seen": 444,
    "decoded": 444,
    "decoded_ratio": 1.0
  },
  "ros_raw": {
    "count": 553,
    "expected": 390,
    "frame_loss": 0.0,
    "fps_effective": 29.99841384528037,
    "mean_ms": 3.7758818839733195,
    "stddev_ms": 0.76492160960074,
    "p50_ms": 3.583821536776213,
    "p95_ms": 4.911788936776213,
    "p99_ms": 6.467679296776217,
    "max_ms": 10.923141536776214,
    "p50_ms_raw": 3.844545,
    "p95_ms_raw": 5.1725124,
    "p99_ms_raw": 6.728402760000004,
    "mean_ms_raw": 4.036605347197106,
    "max_ms_raw": 11.183865,
    "producer_encode_mean_ms": 0.26072346322378714,
    "first_id": 86,
    "last_id": 638,
    "gap_count": 0,
    "seen": 613,
    "decoded": 613,
    "decoded_ratio": 1.0
  },
  "ros_jpeg": {
    "count": 0,
    "expected": 390,
    "frame_loss": null,
    "fps_effective": null,
    "mean_ms": null,
    "stddev_ms": null,
    "p50_ms": null,
    "p95_ms": null,
    "p99_ms": null,
    "max_ms": null,
    "p50_ms_raw": null,
    "p95_ms_raw": null,
    "p99_ms_raw": null,
    "mean_ms_raw": null,
    "max_ms_raw": null,
    "producer_encode_mean_ms": 0.26072346322378714,
    "first_id": null,
    "last_id": null,
    "gap_count": null,
    "seen": null,
    "decoded": null,
    "decoded_ratio": null
  },
  "cpu_stack": {
    "ros2": {
      "mean_pct": 0.0,
      "p95_pct": 0.0,
      "n": 26
    },
    "usb_cam_node_ex": {
      "mean_pct": 8.307692307692308,
      "p95_pct": 10.0,
      "n": 26
    },
    "republish": {
      "mean_pct": 6.6923076923076925,
      "p95_pct": 8.0,
      "n": 26
    },
    "_total": {
      "mean_pct": 15.0,
      "p95_pct": 17.5,
      "n": 26
    }
  },
  "producer": {
    "frames_produced": 639,
    "underruns": 0,
    "underrun_total_late_ms": 0,
    "base_video_frames": 1100,
    "base_video_catch_up_reuses": 0,
    "encode_count": 639,
    "encode_total_ns": 166602293,
    "encode_max_ns": 932263
  }
}