{
  "scenario": "cam-both-usb_cam+gst_bridge-yuv-rtp",
  "duration_s": 30,
  "warmup_frames": 60,
  "expected_after_warmup": 840,
  "stream": {
    "count": 837,
    "expected": 840,
    "frame_loss": 0.0035714285714285587,
    "fps_effective": 29.998200870820657,
    "mean_ms": 17.837261155370086,
    "stddev_ms": 0.6444459229100584,
    "p50_ms": 17.743400479145475,
    "p95_ms": 18.95896807914547,
    "p99_ms": 20.78317779914547,
    "max_ms": 21.922274479145475,
    "p50_ms_raw": 18.374925,
    "p95_ms_raw": 19.590492599999997,
    "p99_ms_raw": 21.414702319999996,
    "mean_ms_raw": 18.468785676224613,
    "max_ms_raw": 22.553799,
    "producer_encode_mean_ms": 0.631524520854527,
    "first_id": 145,
    "last_id": 981,
    "gap_count": 0,
    "seen": 897,
    "decoded": 897,
    "decoded_ratio": 1.0
  },
  "ros_raw": {
    "count": 854,
    "expected": 840,
    "frame_loss": 0.0,
    "fps_effective": 30.00723615846057,
    "mean_ms": 7.620423276569361,
    "stddev_ms": 0.4841408568013779,
    "p50_ms": 7.561039479145474,
    "p95_ms": 7.925902729145473,
    "p99_ms": 9.449341899145494,
    "max_ms": 14.713054479145473,
    "p50_ms_raw": 8.192564,
    "p95_ms_raw": 8.55742725,
    "p99_ms_raw": 10.08086642000002,
    "mean_ms_raw": 8.251947797423888,
    "max_ms_raw": 15.344579,
    "producer_encode_mean_ms": 0.631524520854527,
    "first_id": 129,
    "last_id": 982,
    "gap_count": 0,
    "seen": 914,
    "decoded": 914,
    "decoded_ratio": 1.0
  },
  "ros_jpeg": {
    "count": 0,
    "expected": 840,
    "frame_loss": null,
    "fps_effective": null,
    "mean_ms": null,
    "stddev_ms": null,
    "p50_ms": null,
    "p95_ms": null,
    "p99_ms": null,
    "max_ms": null,
    "p50_ms_raw": null,
    "p95_ms_raw": null,
    "p99_ms_raw": null,
    "mean_ms_raw": null,
    "max_ms_raw": null,
    "producer_encode_mean_ms": 0.631524520854527,
    "first_id": null,
    "last_id": null,
    "gap_count": null,
    "seen": null,
    "decoded": null,
    "decoded_ratio": null
  },
  "cpu_stack": {
    "ros2": {
      "mean_pct": 0.0,
      "p95_pct": 0.0,
      "n": 56
    },
    "usb_cam_node_ex": {
      "mean_pct": 17.5,
      "p95_pct": 20.0,
      "n": 56
    },
    "gst-launch-1.0": {
      "mean_pct": 21.178571428571427,
      "p95_pct": 24.0,
      "n": 56
    },
    "_total": {
      "mean_pct": 38.67857142857143,
      "p95_pct": 42.0,
      "n": 56
    }
  },
  "producer": {
    "frames_produced": 983,
    "underruns": 0,
    "underrun_total_late_ms": 0,
    "base_video_frames": 1439,
    "base_video_catch_up_reuses": 0,
    "encode_count": 983,
    "encode_total_ns": 620788604,
    "encode_max_ns": 2283737
  }
}