{
  "scenario": "cam-both-gscam+gst_bridge-mjpeg-rtp",
  "duration_s": 15,
  "warmup_frames": 60,
  "expected_after_warmup": 390,
  "stream": {
    "count": 344,
    "expected": 390,
    "frame_loss": 0.11794871794871797,
    "fps_effective": 30.00050430585343,
    "mean_ms": 9.671119941240946,
    "stddev_ms": 0.6766420477231847,
    "p50_ms": 9.549832702868851,
    "p95_ms": 10.635360052868853,
    "p99_ms": 12.150052892868848,
    "max_ms": 16.961829202868852,
    "p50_ms_raw": 11.2421715,
    "p95_ms_raw": 12.32769885,
    "p99_ms_raw": 13.842391689999996,
    "mean_ms_raw": 11.363458738372094,
    "max_ms_raw": 18.654168,
    "producer_encode_mean_ms": 1.6923387971311474,
    "first_id": 144,
    "last_id": 487,
    "gap_count": 0,
    "seen": 404,
    "decoded": 404,
    "decoded_ratio": 1.0
  },
  "ros_raw": {
    "count": 405,
    "expected": 390,
    "frame_loss": 0.0,
    "fps_effective": 29.998835774142876,
    "mean_ms": 4.168660397930581,
    "stddev_ms": 0.5100130680106912,
    "p50_ms": 4.084200202868852,
    "p95_ms": 4.775573802868852,
    "p99_ms": 6.121492082868848,
    "max_ms": 10.918276202868851,
    "p50_ms_raw": 5.776539,
    "p95_ms_raw": 6.467912599999999,
    "p99_ms_raw": 7.813830879999995,
    "mean_ms_raw": 5.860999195061728,
    "max_ms_raw": 12.610615,
    "producer_encode_mean_ms": 1.6923387971311474,
    "first_id": 83,
    "last_id": 487,
    "gap_count": 0,
    "seen": 465,
    "decoded": 465,
    "decoded_ratio": 1.0
  },
  "ros_jpeg": {
    "count": 0,
    "expected": 390,
    "frame_loss": null,
    "fps_effective": null,
    "mean_ms": null,
    "stddev_ms": null,
    "p50_ms": null,
    "p95_ms": null,
    "p99_ms": null,
    "max_ms": null,
    "p50_ms_raw": null,
    "p95_ms_raw": null,
    "p99_ms_raw": null,
    "mean_ms_raw": null,
    "max_ms_raw": null,
    "producer_encode_mean_ms": 1.6923387971311474,
    "first_id": null,
    "last_id": null,
    "gap_count": null,
    "seen": null,
    "decoded": null,
    "decoded_ratio": null
  },
  "cpu_stack": {
    "ros2": {
      "mean_pct": 0.0,
      "p95_pct": 0.0,
      "n": 26
    },
    "gscam_node": {
      "mean_pct": 10.76923076923077,
      "p95_pct": 12.0,
      "n": 26
    },
    "gst-launch-1.0": {
      "mean_pct": 10.538461538461538,
      "p95_pct": 12.0,
      "n": 26
    },
    "_total": {
      "mean_pct": 21.307692307692307,
      "p95_pct": 24.0,
      "n": 26
    }
  },
  "producer": {
    "frames_produced": 488,
    "underruns": 0,
    "underrun_total_late_ms": 0,
    "base_video_frames": 1100,
    "base_video_catch_up_reuses": 0,
    "encode_count": 488,
    "encode_total_ns": 825861333,
    "encode_max_ns": 5374221
  }
}