{
  "scenario": "cam-both-gscam+gst_bridge-mjpeg-rtp",
  "duration_s": 30,
  "warmup_frames": 60,
  "expected_after_warmup": 840,
  "stream": {
    "count": 838,
    "expected": 840,
    "frame_loss": 0.0023809523809523725,
    "fps_effective": 30.00008548841565,
    "mean_ms": 20.216864173594235,
    "stddev_ms": 0.6435281581952547,
    "p50_ms": 20.17416538481142,
    "p95_ms": 21.10941653481142,
    "p99_ms": 22.384722934811418,
    "max_ms": 23.70806988481142,
    "p50_ms_raw": 23.488941500000003,
    "p95_ms_raw": 24.424192650000002,
    "p99_ms_raw": 25.69949905,
    "mean_ms_raw": 23.531640288782818,
    "max_ms_raw": 27.022846,
    "producer_encode_mean_ms": 3.3147761151885833,
    "first_id": 143,
    "last_id": 980,
    "gap_count": 0,
    "seen": 898,
    "decoded": 898,
    "decoded_ratio": 1.0
  },
  "ros_raw": {
    "count": 849,
    "expected": 840,
    "frame_loss": 0.0,
    "fps_effective": 30.00516276579523,
    "mean_ms": 10.232493858898579,
    "stddev_ms": 0.6400944720394904,
    "p50_ms": 10.181684884811418,
    "p95_ms": 10.806844484811418,
    "p99_ms": 11.398746924811412,
    "max_ms": 20.62879688481142,
    "p50_ms_raw": 13.496461,
    "p95_ms_raw": 14.1216206,
    "p99_ms_raw": 14.713523039999995,
    "mean_ms_raw": 13.547269974087163,
    "max_ms_raw": 23.943573,
    "producer_encode_mean_ms": 3.3147761151885833,
    "first_id": 132,
    "last_id": 980,
    "gap_count": 0,
    "seen": 909,
    "decoded": 909,
    "decoded_ratio": 1.0
  },
  "ros_jpeg": {
    "count": 0,
    "expected": 840,
    "frame_loss": null,
    "fps_effective": null,
    "mean_ms": null,
    "stddev_ms": null,
    "p50_ms": null,
    "p95_ms": null,
    "p99_ms": null,
    "max_ms": null,
    "p50_ms_raw": null,
    "p95_ms_raw": null,
    "p99_ms_raw": null,
    "mean_ms_raw": null,
    "max_ms_raw": null,
    "producer_encode_mean_ms": 3.3147761151885833,
    "first_id": null,
    "last_id": null,
    "gap_count": null,
    "seen": null,
    "decoded": null,
    "decoded_ratio": null
  },
  "cpu_stack": {
    "ros2": {
      "mean_pct": 0.0,
      "p95_pct": 0.0,
      "n": 56
    },
    "gscam_node": {
      "mean_pct": 28.25,
      "p95_pct": 30.0,
      "n": 56
    },
    "gst-launch-1.0": {
      "mean_pct": 20.892857142857142,
      "p95_pct": 22.0,
      "n": 56
    },
    "_total": {
      "mean_pct": 49.142857142857146,
      "p95_pct": 52.0,
      "n": 56
    }
  },
  "producer": {
    "frames_produced": 981,
    "underruns": 0,
    "underrun_total_late_ms": 0,
    "base_video_frames": 1440,
    "base_video_catch_up_reuses": 0,
    "encode_count": 981,
    "encode_total_ns": 3251795369,
    "encode_max_ns": 13589228
  }
}