{
  "scenario": "cam-both-usb_cam+gst_bridge-mjpeg-rtp",
  "duration_s": 30,
  "warmup_frames": 60,
  "expected_after_warmup": 840,
  "stream": {
    "count": 837,
    "expected": 840,
    "frame_loss": 0.0035714285714285587,
    "fps_effective": 29.998713237849763,
    "mean_ms": 17.92879507541603,
    "stddev_ms": 0.6373942749759705,
    "p50_ms": 17.85981064052953,
    "p95_ms": 18.84862244052953,
    "p99_ms": 20.18473988052953,
    "max_ms": 22.22894164052953,
    "p50_ms_raw": 21.106835,
    "p95_ms_raw": 22.0956468,
    "p99_ms_raw": 23.43176424,
    "mean_ms_raw": 21.1758194348865,
    "max_ms_raw": 25.475966,
    "producer_encode_mean_ms": 3.2470243594704686,
    "first_id": 145,
    "last_id": 981,
    "gap_count": 0,
    "seen": 897,
    "decoded": 897,
    "decoded_ratio": 1.0
  },
  "ros_raw": {
    "count": 849,
    "expected": 840,
    "frame_loss": 0.0,
    "fps_effective": 29.999051105957676,
    "mean_ms": 7.735297977396431,
    "stddev_ms": 0.35158249893785876,
    "p50_ms": 7.713332640529531,
    "p95_ms": 8.306845440529532,
    "p99_ms": 8.57256608052953,
    "max_ms": 11.40742964052953,
    "p50_ms_raw": 10.960357,
    "p95_ms_raw": 11.553869800000001,
    "p99_ms_raw": 11.819590439999999,
    "mean_ms_raw": 10.9823223368669,
    "max_ms_raw": 14.654454,
    "producer_encode_mean_ms": 3.2470243594704686,
    "first_id": 133,
    "last_id": 981,
    "gap_count": 0,
    "seen": 909,
    "decoded": 909,
    "decoded_ratio": 1.0
  },
  "ros_jpeg": {
    "count": 0,
    "expected": 840,
    "frame_loss": null,
    "fps_effective": null,
    "mean_ms": null,
    "stddev_ms": null,
    "p50_ms": null,
    "p95_ms": null,
    "p99_ms": null,
    "max_ms": null,
    "p50_ms_raw": null,
    "p95_ms_raw": null,
    "p99_ms_raw": null,
    "mean_ms_raw": null,
    "max_ms_raw": null,
    "producer_encode_mean_ms": 3.2470243594704686,
    "first_id": null,
    "last_id": null,
    "gap_count": null,
    "seen": null,
    "decoded": null,
    "decoded_ratio": null
  },
  "cpu_stack": {
    "ros2": {
      "mean_pct": 0.0,
      "p95_pct": 0.0,
      "n": 56
    },
    "usb_cam_node_ex": {
      "mean_pct": 19.321428571428573,
      "p95_pct": 22.0,
      "n": 56
    },
    "gst-launch-1.0": {
      "mean_pct": 21.142857142857142,
      "p95_pct": 22.0,
      "n": 56
    },
    "_total": {
      "mean_pct": 40.464285714285715,
      "p95_pct": 44.0,
      "n": 56
    }
  },
  "producer": {
    "frames_produced": 982,
    "underruns": 0,
    "underrun_total_late_ms": 0,
    "base_video_frames": 1440,
    "base_video_catch_up_reuses": 0,
    "encode_count": 982,
    "encode_total_ns": 3188577921,
    "encode_max_ns": 14834500
  }
}