{
  "scenario": "cam-both-rcs-yuv-webrtc",
  "duration_s": 30,
  "warmup_frames": 60,
  "expected_after_warmup": 840,
  "stream": {
    "count": 823,
    "expected": 840,
    "frame_loss": 0.020238095238095277,
    "fps_effective": 30.00004728839571,
    "mean_ms": 11.01372268768818,
    "stddev_ms": 0.41512948599414917,
    "p50_ms": 10.88318862571977,
    "p95_ms": 11.77643992571977,
    "p99_ms": 12.441793885719768,
    "max_ms": 13.47670162571977,
    "p50_ms_raw": 11.520709,
    "p95_ms_raw": 12.4139603,
    "p99_ms_raw": 13.079314259999999,
    "mean_ms_raw": 11.65124306196841,
    "max_ms_raw": 14.114222,
    "producer_encode_mean_ms": 0.6375203742802303,
    "first_id": 219,
    "last_id": 1041,
    "gap_count": 0,
    "seen": 883,
    "decoded": 883,
    "decoded_ratio": 1.0
  },
  "ros_raw": {
    "count": 900,
    "expected": 840,
    "frame_loss": 0.0,
    "fps_effective": 30.008294338619095,
    "mean_ms": 8.958446199053103,
    "stddev_ms": 0.5198348035971536,
    "p50_ms": 8.892863125719769,
    "p95_ms": 9.31144177571977,
    "p99_ms": 10.256288695719768,
    "max_ms": 17.736791625719768,
    "p50_ms_raw": 9.5303835,
    "p95_ms_raw": 9.94896215,
    "p99_ms_raw": 10.893809069999998,
    "mean_ms_raw": 9.595966573333333,
    "max_ms_raw": 18.374312,
    "producer_encode_mean_ms": 0.6375203742802303,
    "first_id": 129,
    "last_id": 1028,
    "gap_count": 0,
    "seen": 960,
    "decoded": 960,
    "decoded_ratio": 1.0
  },
  "ros_jpeg": {
    "count": 0,
    "expected": 840,
    "frame_loss": null,
    "fps_effective": null,
    "mean_ms": null,
    "stddev_ms": null,
    "p50_ms": null,
    "p95_ms": null,
    "p99_ms": null,
    "max_ms": null,
    "p50_ms_raw": null,
    "p95_ms_raw": null,
    "p99_ms_raw": null,
    "mean_ms_raw": null,
    "max_ms_raw": null,
    "producer_encode_mean_ms": 0.6375203742802303,
    "first_id": null,
    "last_id": null,
    "gap_count": null,
    "seen": null,
    "decoded": null,
    "decoded_ratio": null
  },
  "cpu_stack": {
    "ros2": {
      "mean_pct": 0.03571428571428571,
      "p95_pct": 0.0,
      "n": 56
    },
    "camera_server_s": {
      "mean_pct": 32.285714285714285,
      "p95_pct": 34.0,
      "n": 56
    },
    "_total": {
      "mean_pct": 32.32142857142857,
      "p95_pct": 34.0,
      "n": 56
    }
  },
  "producer": {
    "frames_produced": 1042,
    "underruns": 0,
    "underrun_total_late_ms": 0,
    "base_video_frames": 1439,
    "base_video_catch_up_reuses": 0,
    "encode_count": 1042,
    "encode_total_ns": 664296230,
    "encode_max_ns": 1607006
  }
}