{
  "scenario": "cam-both-rcs-yuv-webrtc",
  "duration_s": 15,
  "warmup_frames": 60,
  "expected_after_warmup": 390,
  "stream": {
    "count": 361,
    "expected": 390,
    "frame_loss": 0.07435897435897432,
    "fps_effective": 29.99797312445007,
    "mean_ms": 5.300403916220151,
    "stddev_ms": 0.42470171027739567,
    "p50_ms": 5.243884594890511,
    "p95_ms": 6.098653594890511,
    "p99_ms": 6.91684279489051,
    "max_ms": 7.268799594890511,
    "p50_ms_raw": 5.500348,
    "p95_ms_raw": 6.355117,
    "p99_ms_raw": 7.173306199999999,
    "mean_ms_raw": 5.55686732132964,
    "max_ms_raw": 7.525263,
    "producer_encode_mean_ms": 0.25646340510948906,
    "first_id": 187,
    "last_id": 547,
    "gap_count": 0,
    "seen": 421,
    "decoded": 421,
    "decoded_ratio": 1.0
  },
  "ros_raw": {
    "count": 421,
    "expected": 390,
    "frame_loss": 0.0,
    "fps_effective": 29.999683745476787,
    "mean_ms": 3.0741772053418175,
    "stddev_ms": 0.48025724125820907,
    "p50_ms": 2.959258594890511,
    "p95_ms": 3.6026915948905107,
    "p99_ms": 5.503682194890513,
    "max_ms": 6.3693285948905105,
    "p50_ms_raw": 3.215722,
    "p95_ms_raw": 3.859155,
    "p99_ms_raw": 5.760145600000002,
    "mean_ms_raw": 3.3306406104513067,
    "max_ms_raw": 6.625792,
    "producer_encode_mean_ms": 0.25646340510948906,
    "first_id": 127,
    "last_id": 547,
    "gap_count": 0,
    "seen": 481,
    "decoded": 481,
    "decoded_ratio": 1.0
  },
  "ros_jpeg": {
    "count": 0,
    "expected": 390,
    "frame_loss": null,
    "fps_effective": null,
    "mean_ms": null,
    "stddev_ms": null,
    "p50_ms": null,
    "p95_ms": null,
    "p99_ms": null,
    "max_ms": null,
    "p50_ms_raw": null,
    "p95_ms_raw": null,
    "p99_ms_raw": null,
    "mean_ms_raw": null,
    "max_ms_raw": null,
    "producer_encode_mean_ms": 0.25646340510948906,
    "first_id": null,
    "last_id": null,
    "gap_count": null,
    "seen": null,
    "decoded": null,
    "decoded_ratio": null
  },
  "cpu_stack": {
    "ros2": {
      "mean_pct": 0.0,
      "p95_pct": 0.0,
      "n": 26
    },
    "camera_server_s": {
      "mean_pct": 12.307692307692308,
      "p95_pct": 14.0,
      "n": 26
    },
    "_total": {
      "mean_pct": 12.307692307692308,
      "p95_pct": 14.0,
      "n": 26
    }
  },
  "producer": {
    "frames_produced": 548,
    "underruns": 0,
    "underrun_total_late_ms": 0,
    "base_video_frames": 1100,
    "base_video_catch_up_reuses": 0,
    "encode_count": 548,
    "encode_total_ns": 140541946,
    "encode_max_ns": 821034
  }
}