{
  "scenario": "cam-both-usb_cam+rtsp_fkie-yuv-h264",
  "duration_s": 30,
  "warmup_frames": 60,
  "expected_after_warmup": 840,
  "stream": {
    "count": 836,
    "expected": 840,
    "frame_loss": 0.004761904761904745,
    "fps_effective": 30.001529434854618,
    "mean_ms": 15.97072823347424,
    "stddev_ms": 0.6164490255938401,
    "p50_ms": 15.944988204766108,
    "p95_ms": 16.950809704766108,
    "p99_ms": 18.0441674547661,
    "max_ms": 23.389410204766108,
    "p50_ms_raw": 16.576557,
    "p95_ms_raw": 17.5823785,
    "p99_ms_raw": 18.675736249999993,
    "mean_ms_raw": 16.602297028708133,
    "max_ms_raw": 24.020979,
    "producer_encode_mean_ms": 0.6315687952338923,
    "first_id": 297,
    "last_id": 1132,
    "gap_count": 0,
    "seen": 896,
    "decoded": 896,
    "decoded_ratio": 1.0
  },
  "ros_raw": {
    "count": 900,
    "expected": 840,
    "frame_loss": 0.0,
    "fps_effective": 29.998691062341116,
    "mean_ms": 7.678434933654996,
    "stddev_ms": 0.783499663158871,
    "p50_ms": 7.506784204766106,
    "p95_ms": 8.828036104766106,
    "p99_ms": 11.460619324766107,
    "max_ms": 16.131571204766107,
    "p50_ms_raw": 8.138352999999999,
    "p95_ms_raw": 9.459604899999999,
    "p99_ms_raw": 12.09218812,
    "mean_ms_raw": 8.310003728888889,
    "max_ms_raw": 16.76314,
    "producer_encode_mean_ms": 0.6315687952338923,
    "first_id": 138,
    "last_id": 1037,
    "gap_count": 0,
    "seen": 960,
    "decoded": 960,
    "decoded_ratio": 1.0
  },
  "ros_jpeg": {
    "count": 0,
    "expected": 840,
    "frame_loss": null,
    "fps_effective": null,
    "mean_ms": null,
    "stddev_ms": null,
    "p50_ms": null,
    "p95_ms": null,
    "p99_ms": null,
    "max_ms": null,
    "p50_ms_raw": null,
    "p95_ms_raw": null,
    "p99_ms_raw": null,
    "mean_ms_raw": null,
    "max_ms_raw": null,
    "producer_encode_mean_ms": 0.6315687952338923,
    "first_id": null,
    "last_id": null,
    "gap_count": null,
    "seen": null,
    "decoded": null,
    "decoded_ratio": null
  },
  "cpu_stack": {
    "ros2": {
      "mean_pct": 0.0,
      "p95_pct": 0.0,
      "n": 56
    },
    "usb_cam_node_ex": {
      "mean_pct": 17.035714285714285,
      "p95_pct": 18.5,
      "n": 56
    },
    "republish": {
      "mean_pct": 13.857142857142858,
      "p95_pct": 16.0,
      "n": 56
    },
    "_total": {
      "mean_pct": 30.892857142857142,
      "p95_pct": 34.0,
      "n": 56
    }
  },
  "producer": {
    "frames_produced": 1133,
    "underruns": 0,
    "underrun_total_late_ms": 0,
    "base_video_frames": 1440,
    "base_video_catch_up_reuses": 0,
    "encode_count": 1133,
    "encode_total_ns": 715567445,
    "encode_max_ns": 1837090
  }
}