{
  "scenario": "cam-both-usb_cam+rtsp_fkie-yuv-h264",
  "duration_s": 15,
  "warmup_frames": 60,
  "expected_after_warmup": 390,
  "stream": {
    "count": 384,
    "expected": 390,
    "frame_loss": 0.01538461538461533,
    "fps_effective": 29.993066568582478,
    "mean_ms": 7.307589655074451,
    "stddev_ms": 0.5577093608982369,
    "p50_ms": 7.137110123824452,
    "p95_ms": 8.448204223824451,
    "p99_ms": 9.595989403824452,
    "max_ms": 10.229993123824451,
    "p50_ms_raw": 7.401305000000001,
    "p95_ms_raw": 8.712399099999999,
    "p99_ms_raw": 9.86018428,
    "mean_ms_raw": 7.57178453125,
    "max_ms_raw": 10.494188,
    "producer_encode_mean_ms": 0.2641948761755486,
    "first_id": 254,
    "last_id": 637,
    "gap_count": 0,
    "seen": 444,
    "decoded": 444,
    "decoded_ratio": 1.0
  },
  "ros_raw": {
    "count": 553,
    "expected": 390,
    "frame_loss": 0.0,
    "fps_effective": 30.004656840151117,
    "mean_ms": 3.6201322232819555,
    "stddev_ms": 0.7439966678411783,
    "p50_ms": 3.3870501238244515,
    "p95_ms": 4.83395072382445,
    "p99_ms": 7.092321963824452,
    "max_ms": 9.950819123824452,
    "p50_ms_raw": 3.651245,
    "p95_ms_raw": 5.098145599999999,
    "p99_ms_raw": 7.356516840000001,
    "mean_ms_raw": 3.8843270994575043,
    "max_ms_raw": 10.215014,
    "producer_encode_mean_ms": 0.2641948761755486,
    "first_id": 85,
    "last_id": 637,
    "gap_count": 0,
    "seen": 613,
    "decoded": 613,
    "decoded_ratio": 1.0
  },
  "ros_jpeg": {
    "count": 0,
    "expected": 390,
    "frame_loss": null,
    "fps_effective": null,
    "mean_ms": null,
    "stddev_ms": null,
    "p50_ms": null,
    "p95_ms": null,
    "p99_ms": null,
    "max_ms": null,
    "p50_ms_raw": null,
    "p95_ms_raw": null,
    "p99_ms_raw": null,
    "mean_ms_raw": null,
    "max_ms_raw": null,
    "producer_encode_mean_ms": 0.2641948761755486,
    "first_id": null,
    "last_id": null,
    "gap_count": null,
    "seen": null,
    "decoded": null,
    "decoded_ratio": null
  },
  "cpu_stack": {
    "ros2": {
      "mean_pct": 0.0,
      "p95_pct": 0.0,
      "n": 26
    },
    "usb_cam_node_ex": {
      "mean_pct": 8.076923076923077,
      "p95_pct": 10.0,
      "n": 26
    },
    "republish": {
      "mean_pct": 6.461538461538462,
      "p95_pct": 8.0,
      "n": 26
    },
    "_total": {
      "mean_pct": 14.538461538461538,
      "p95_pct": 16.0,
      "n": 26
    }
  },
  "producer": {
    "frames_produced": 638,
    "underruns": 0,
    "underrun_total_late_ms": 0,
    "base_video_frames": 1100,
    "base_video_catch_up_reuses": 0,
    "encode_count": 638,
    "encode_total_ns": 168556331,
    "encode_max_ns": 806166
  }
}