{
  "scenario": "cam-both-usb_cam+rtsp_fkie-yuv-h264",
  "duration_s": 30,
  "warmup_frames": 60,
  "expected_after_warmup": 840,
  "stream": {
    "count": 835,
    "expected": 840,
    "frame_loss": 0.005952380952380931,
    "fps_effective": 30.001587691574993,
    "mean_ms": 15.897063347677461,
    "stddev_ms": 0.6290557380704126,
    "p50_ms": 15.920129300970872,
    "p95_ms": 16.590067700970874,
    "p99_ms": 17.53722160097087,
    "max_ms": 24.692944300970872,
    "p50_ms_raw": 16.546134,
    "p95_ms_raw": 17.2160724,
    "p99_ms_raw": 18.163226299999998,
    "mean_ms_raw": 16.523068046706587,
    "max_ms_raw": 25.318949,
    "producer_encode_mean_ms": 0.6260046990291263,
    "first_id": 297,
    "last_id": 1131,
    "gap_count": 0,
    "seen": 895,
    "decoded": 895,
    "decoded_ratio": 1.0
  },
  "ros_raw": {
    "count": 900,
    "expected": 840,
    "frame_loss": 0.0,
    "fps_effective": 30.010991513624113,
    "mean_ms": 7.925991025415318,
    "stddev_ms": 1.5263550098527616,
    "p50_ms": 7.517294300970873,
    "p95_ms": 9.124398850970872,
    "p99_ms": 16.37547133097087,
    "max_ms": 18.479492300970872,
    "p50_ms_raw": 8.143298999999999,
    "p95_ms_raw": 9.750403549999998,
    "p99_ms_raw": 17.00147603,
    "mean_ms_raw": 8.551995724444444,
    "max_ms_raw": 19.105497,
    "producer_encode_mean_ms": 0.6260046990291263,
    "first_id": 128,
    "last_id": 1027,
    "gap_count": 0,
    "seen": 960,
    "decoded": 960,
    "decoded_ratio": 1.0
  },
  "ros_jpeg": {
    "count": 0,
    "expected": 840,
    "frame_loss": null,
    "fps_effective": null,
    "mean_ms": null,
    "stddev_ms": null,
    "p50_ms": null,
    "p95_ms": null,
    "p99_ms": null,
    "max_ms": null,
    "p50_ms_raw": null,
    "p95_ms_raw": null,
    "p99_ms_raw": null,
    "mean_ms_raw": null,
    "max_ms_raw": null,
    "producer_encode_mean_ms": 0.6260046990291263,
    "first_id": null,
    "last_id": null,
    "gap_count": null,
    "seen": null,
    "decoded": null,
    "decoded_ratio": null
  },
  "cpu_stack": {
    "ros2": {
      "mean_pct": 0.0,
      "p95_pct": 0.0,
      "n": 56
    },
    "usb_cam_node_ex": {
      "mean_pct": 16.857142857142858,
      "p95_pct": 18.0,
      "n": 56
    },
    "republish": {
      "mean_pct": 13.714285714285714,
      "p95_pct": 16.0,
      "n": 56
    },
    "_total": {
      "mean_pct": 30.571428571428573,
      "p95_pct": 34.0,
      "n": 56
    }
  },
  "producer": {
    "frames_produced": 1133,
    "underruns": 0,
    "underrun_total_late_ms": 0,
    "base_video_frames": 1439,
    "base_video_catch_up_reuses": 0,
    "encode_count": 1133,
    "encode_total_ns": 709263324,
    "encode_max_ns": 1679085
  }
}