{
  "scenario": "cam-both-usb_cam+rtsp_fkie-yuv-h264",
  "duration_s": 15,
  "warmup_frames": 60,
  "expected_after_warmup": 390,
  "stream": {
    "count": 384,
    "expected": 390,
    "frame_loss": 0.01538461538461533,
    "fps_effective": 29.999512388082298,
    "mean_ms": 7.409765595603122,
    "stddev_ms": 0.8354811723219989,
    "p50_ms": 7.116766426332289,
    "p95_ms": 8.956360876332287,
    "p99_ms": 10.791324426332297,
    "max_ms": 13.246812426332289,
    "p50_ms_raw": 7.386407,
    "p95_ms_raw": 9.226001449999998,
    "p99_ms_raw": 11.060965000000008,
    "mean_ms_raw": 7.679406169270833,
    "max_ms_raw": 13.516453,
    "producer_encode_mean_ms": 0.2696405736677116,
    "first_id": 254,
    "last_id": 637,
    "gap_count": 0,
    "seen": 444,
    "decoded": 444,
    "decoded_ratio": 1.0
  },
  "ros_raw": {
    "count": 553,
    "expected": 390,
    "frame_loss": 0.0,
    "fps_effective": 30.007048057078464,
    "mean_ms": 3.907610936278039,
    "stddev_ms": 0.8899427176409926,
    "p50_ms": 3.6518924263322887,
    "p95_ms": 5.669464626332288,
    "p99_ms": 7.7908322263322916,
    "max_ms": 9.016461426332288,
    "p50_ms_raw": 3.921533,
    "p95_ms_raw": 5.939105199999999,
    "p99_ms_raw": 8.060472800000003,
    "mean_ms_raw": 4.177251509945751,
    "max_ms_raw": 9.286102,
    "producer_encode_mean_ms": 0.2696405736677116,
    "first_id": 85,
    "last_id": 637,
    "gap_count": 0,
    "seen": 613,
    "decoded": 613,
    "decoded_ratio": 1.0
  },
  "ros_jpeg": {
    "count": 0,
    "expected": 390,
    "frame_loss": null,
    "fps_effective": null,
    "mean_ms": null,
    "stddev_ms": null,
    "p50_ms": null,
    "p95_ms": null,
    "p99_ms": null,
    "max_ms": null,
    "p50_ms_raw": null,
    "p95_ms_raw": null,
    "p99_ms_raw": null,
    "mean_ms_raw": null,
    "max_ms_raw": null,
    "producer_encode_mean_ms": 0.2696405736677116,
    "first_id": null,
    "last_id": null,
    "gap_count": null,
    "seen": null,
    "decoded": null,
    "decoded_ratio": null
  },
  "cpu_stack": {
    "ros2": {
      "mean_pct": 0.0,
      "p95_pct": 0.0,
      "n": 26
    },
    "usb_cam_node_ex": {
      "mean_pct": 8.307692307692308,
      "p95_pct": 10.0,
      "n": 26
    },
    "republish": {
      "mean_pct": 6.615384615384615,
      "p95_pct": 8.0,
      "n": 26
    },
    "_total": {
      "mean_pct": 14.923076923076923,
      "p95_pct": 18.0,
      "n": 26
    }
  },
  "producer": {
    "frames_produced": 638,
    "underruns": 0,
    "underrun_total_late_ms": 0,
    "base_video_frames": 1100,
    "base_video_catch_up_reuses": 0,
    "encode_count": 638,
    "encode_total_ns": 172030686,
    "encode_max_ns": 728195
  }
}