{
  "scenario": "cam-both-rcs-mjpeg-decoded-rtp",
  "duration_s": 15,
  "warmup_frames": 60,
  "expected_after_warmup": 390,
  "stream": {
    "count": 329,
    "expected": 390,
    "frame_loss": 0.1564102564102564,
    "fps_effective": 29.99978101714724,
    "mean_ms": 5.8501719905297245,
    "stddev_ms": 0.47359993161010283,
    "p50_ms": 5.798271783842795,
    "p95_ms": 6.534644383842793,
    "p99_ms": 8.021556783842795,
    "max_ms": 8.294667783842796,
    "p50_ms_raw": 7.508522,
    "p95_ms_raw": 8.244894599999999,
    "p99_ms_raw": 9.731807,
    "mean_ms_raw": 7.56042220668693,
    "max_ms_raw": 10.004918,
    "producer_encode_mean_ms": 1.710250216157205,
    "first_id": 129,
    "last_id": 457,
    "gap_count": 0,
    "seen": 389,
    "decoded": 389,
    "decoded_ratio": 1.0
  },
  "ros_raw": {
    "count": 329,
    "expected": 390,
    "frame_loss": 0.1564102564102564,
    "fps_effective": 30.00254753552019,
    "mean_ms": 4.784102987490212,
    "stddev_ms": 0.7695655032691859,
    "p50_ms": 4.571450783842795,
    "p95_ms": 6.761282183842794,
    "p99_ms": 8.181518423842796,
    "max_ms": 8.691076783842796,
    "p50_ms_raw": 6.281701,
    "p95_ms_raw": 8.4715324,
    "p99_ms_raw": 9.89176864,
    "mean_ms_raw": 6.494353203647417,
    "max_ms_raw": 10.401327,
    "producer_encode_mean_ms": 1.710250216157205,
    "first_id": 129,
    "last_id": 457,
    "gap_count": 0,
    "seen": 389,
    "decoded": 389,
    "decoded_ratio": 1.0
  },
  "ros_jpeg": {
    "count": 0,
    "expected": 390,
    "frame_loss": null,
    "fps_effective": null,
    "mean_ms": null,
    "stddev_ms": null,
    "p50_ms": null,
    "p95_ms": null,
    "p99_ms": null,
    "max_ms": null,
    "p50_ms_raw": null,
    "p95_ms_raw": null,
    "p99_ms_raw": null,
    "mean_ms_raw": null,
    "max_ms_raw": null,
    "producer_encode_mean_ms": 1.710250216157205,
    "first_id": null,
    "last_id": null,
    "gap_count": null,
    "seen": null,
    "decoded": null,
    "decoded_ratio": null
  },
  "cpu_stack": {
    "ros2": {
      "mean_pct": 0.0,
      "p95_pct": 0.0,
      "n": 26
    },
    "camera_server_s": {
      "mean_pct": 15.538461538461538,
      "p95_pct": 25.5,
      "n": 26
    },
    "_total": {
      "mean_pct": 15.538461538461538,
      "p95_pct": 25.5,
      "n": 26
    }
  },
  "producer": {
    "frames_produced": 458,
    "underruns": 0,
    "underrun_total_late_ms": 0,
    "base_video_frames": 1100,
    "base_video_catch_up_reuses": 0,
    "encode_count": 458,
    "encode_total_ns": 783294599,
    "encode_max_ns": 3789194
  }
}