{
  "scenario": "cam-both-rcs-mjpeg-decoded-rtp",
  "duration_s": 30,
  "warmup_frames": 60,
  "expected_after_warmup": 840,
  "stream": {
    "count": 826,
    "expected": 840,
    "frame_loss": 0.01666666666666672,
    "fps_effective": 29.99853368912697,
    "mean_ms": 9.159692609795615,
    "stddev_ms": 0.5858642723075089,
    "p50_ms": 9.110274383403361,
    "p95_ms": 10.095141383403362,
    "p99_ms": 10.70955738340336,
    "max_ms": 12.650311883403361,
    "p50_ms_raw": 12.2917955,
    "p95_ms_raw": 13.2766625,
    "p99_ms_raw": 13.891078499999999,
    "mean_ms_raw": 12.341213726392253,
    "max_ms_raw": 15.831833,
    "producer_encode_mean_ms": 3.1815211165966386,
    "first_id": 126,
    "last_id": 951,
    "gap_count": 0,
    "seen": 886,
    "decoded": 886,
    "decoded_ratio": 1.0
  },
  "ros_raw": {
    "count": 826,
    "expected": 840,
    "frame_loss": 0.01666666666666672,
    "fps_effective": 30.000219646335413,
    "mean_ms": 9.092960084371883,
    "stddev_ms": 0.5909085302288225,
    "p50_ms": 9.021462883403363,
    "p95_ms": 9.626630383403363,
    "p99_ms": 11.812220883403361,
    "max_ms": 17.88236688340336,
    "p50_ms_raw": 12.202984,
    "p95_ms_raw": 12.808151500000001,
    "p99_ms_raw": 14.993742,
    "mean_ms_raw": 12.274481200968522,
    "max_ms_raw": 21.063888,
    "producer_encode_mean_ms": 3.1815211165966386,
    "first_id": 126,
    "last_id": 951,
    "gap_count": 0,
    "seen": 886,
    "decoded": 886,
    "decoded_ratio": 1.0
  },
  "ros_jpeg": {
    "count": 0,
    "expected": 840,
    "frame_loss": null,
    "fps_effective": null,
    "mean_ms": null,
    "stddev_ms": null,
    "p50_ms": null,
    "p95_ms": null,
    "p99_ms": null,
    "max_ms": null,
    "p50_ms_raw": null,
    "p95_ms_raw": null,
    "p99_ms_raw": null,
    "mean_ms_raw": null,
    "max_ms_raw": null,
    "producer_encode_mean_ms": 3.1815211165966386,
    "first_id": null,
    "last_id": null,
    "gap_count": null,
    "seen": null,
    "decoded": null,
    "decoded_ratio": null
  },
  "cpu_stack": {
    "ros2": {
      "mean_pct": 0.0,
      "p95_pct": 0.0,
      "n": 56
    },
    "camera_server_s": {
      "mean_pct": 21.214285714285715,
      "p95_pct": 24.0,
      "n": 56
    },
    "_total": {
      "mean_pct": 21.214285714285715,
      "p95_pct": 24.0,
      "n": 56
    }
  },
  "producer": {
    "frames_produced": 952,
    "underruns": 0,
    "underrun_total_late_ms": 0,
    "base_video_frames": 1440,
    "base_video_catch_up_reuses": 0,
    "encode_count": 952,
    "encode_total_ns": 3028808103,
    "encode_max_ns": 8124138
  }
}