{
  "scenario": "cam-both-gscam+gst_bridge-yuv-rtp",
  "duration_s": 15,
  "warmup_frames": 60,
  "expected_after_warmup": 390,
  "stream": {
    "count": 343,
    "expected": 390,
    "frame_loss": 0.12051282051282053,
    "fps_effective": 29.997352575754384,
    "mean_ms": 8.83845788877073,
    "stddev_ms": 0.535970951090262,
    "p50_ms": 8.784837463114753,
    "p95_ms": 9.566561263114753,
    "p99_ms": 11.087529383114745,
    "max_ms": 14.055797463114754,
    "p50_ms_raw": 9.038507,
    "p95_ms_raw": 9.8202308,
    "p99_ms_raw": 11.341198919999991,
    "mean_ms_raw": 9.092127425655976,
    "max_ms_raw": 14.309467,
    "producer_encode_mean_ms": 0.2536695368852459,
    "first_id": 145,
    "last_id": 487,
    "gap_count": 0,
    "seen": 403,
    "decoded": 403,
    "decoded_ratio": 1.0
  },
  "ros_raw": {
    "count": 405,
    "expected": 390,
    "frame_loss": 0.0,
    "fps_effective": 29.999216400418643,
    "mean_ms": 3.436758324843149,
    "stddev_ms": 0.3049550489497207,
    "p50_ms": 3.384776463114754,
    "p95_ms": 3.7921252631147535,
    "p99_ms": 4.855648583114752,
    "max_ms": 5.854604463114754,
    "p50_ms_raw": 3.638446,
    "p95_ms_raw": 4.0457947999999995,
    "p99_ms_raw": 5.1093181199999975,
    "mean_ms_raw": 3.690427861728395,
    "max_ms_raw": 6.108274,
    "producer_encode_mean_ms": 0.2536695368852459,
    "first_id": 83,
    "last_id": 487,
    "gap_count": 0,
    "seen": 465,
    "decoded": 465,
    "decoded_ratio": 1.0
  },
  "ros_jpeg": {
    "count": 0,
    "expected": 390,
    "frame_loss": null,
    "fps_effective": null,
    "mean_ms": null,
    "stddev_ms": null,
    "p50_ms": null,
    "p95_ms": null,
    "p99_ms": null,
    "max_ms": null,
    "p50_ms_raw": null,
    "p95_ms_raw": null,
    "p99_ms_raw": null,
    "mean_ms_raw": null,
    "max_ms_raw": null,
    "producer_encode_mean_ms": 0.2536695368852459,
    "first_id": null,
    "last_id": null,
    "gap_count": null,
    "seen": null,
    "decoded": null,
    "decoded_ratio": null
  },
  "cpu_stack": {
    "ros2": {
      "mean_pct": 0.0,
      "p95_pct": 0.0,
      "n": 26
    },
    "gscam_node": {
      "mean_pct": 8.076923076923077,
      "p95_pct": 10.0,
      "n": 26
    },
    "gst-launch-1.0": {
      "mean_pct": 10.23076923076923,
      "p95_pct": 12.0,
      "n": 26
    },
    "_total": {
      "mean_pct": 18.307692307692307,
      "p95_pct": 21.5,
      "n": 26
    }
  },
  "producer": {
    "frames_produced": 488,
    "underruns": 0,
    "underrun_total_late_ms": 0,
    "base_video_frames": 1100,
    "base_video_catch_up_reuses": 0,
    "encode_count": 488,
    "encode_total_ns": 123790734,
    "encode_max_ns": 1067338
  }
}