{
  "scenario": "cam-both-rcs-yuv-webrtc",
  "duration_s": 15,
  "warmup_frames": 60,
  "expected_after_warmup": 390,
  "stream": {
    "count": 360,
    "expected": 390,
    "frame_loss": 0.07692307692307687,
    "fps_effective": 29.998574489466247,
    "mean_ms": 5.290892083819951,
    "stddev_ms": 0.35592899579698906,
    "p50_ms": 5.265535467153285,
    "p95_ms": 5.831968717153284,
    "p99_ms": 6.443114697153287,
    "max_ms": 7.112781467153285,
    "p50_ms_raw": 5.521763,
    "p95_ms_raw": 6.088196249999999,
    "p99_ms_raw": 6.699342230000002,
    "mean_ms_raw": 5.5471196166666665,
    "max_ms_raw": 7.369009,
    "producer_encode_mean_ms": 0.25622753284671534,
    "first_id": 188,
    "last_id": 547,
    "gap_count": 0,
    "seen": 420,
    "decoded": 420,
    "decoded_ratio": 1.0
  },
  "ros_raw": {
    "count": 421,
    "expected": 390,
    "frame_loss": 0.0,
    "fps_effective": 29.998925074231177,
    "mean_ms": 3.0952649089585105,
    "stddev_ms": 0.37734455567296593,
    "p50_ms": 3.0167834671532847,
    "p95_ms": 3.6328974671532848,
    "p99_ms": 5.098938867153286,
    "max_ms": 5.749956467153285,
    "p50_ms_raw": 3.273011,
    "p95_ms_raw": 3.889125,
    "p99_ms_raw": 5.355166400000001,
    "mean_ms_raw": 3.3514924418052257,
    "max_ms_raw": 6.006184,
    "producer_encode_mean_ms": 0.25622753284671534,
    "first_id": 127,
    "last_id": 547,
    "gap_count": 0,
    "seen": 481,
    "decoded": 481,
    "decoded_ratio": 1.0
  },
  "ros_jpeg": {
    "count": 0,
    "expected": 390,
    "frame_loss": null,
    "fps_effective": null,
    "mean_ms": null,
    "stddev_ms": null,
    "p50_ms": null,
    "p95_ms": null,
    "p99_ms": null,
    "max_ms": null,
    "p50_ms_raw": null,
    "p95_ms_raw": null,
    "p99_ms_raw": null,
    "mean_ms_raw": null,
    "max_ms_raw": null,
    "producer_encode_mean_ms": 0.25622753284671534,
    "first_id": null,
    "last_id": null,
    "gap_count": null,
    "seen": null,
    "decoded": null,
    "decoded_ratio": null
  },
  "cpu_stack": {
    "ros2": {
      "mean_pct": 0.0,
      "p95_pct": 0.0,
      "n": 26
    },
    "camera_server_s": {
      "mean_pct": 12.23076923076923,
      "p95_pct": 14.0,
      "n": 26
    },
    "_total": {
      "mean_pct": 12.23076923076923,
      "p95_pct": 14.0,
      "n": 26
    }
  },
  "producer": {
    "frames_produced": 548,
    "underruns": 0,
    "underrun_total_late_ms": 0,
    "base_video_frames": 1100,
    "base_video_catch_up_reuses": 0,
    "encode_count": 548,
    "encode_total_ns": 140412688,
    "encode_max_ns": 922285
  }
}