{
  "scenario": "cam-both-rcs-yuv-webrtc",
  "duration_s": 30,
  "warmup_frames": 60,
  "expected_after_warmup": 840,
  "stream": {
    "count": 817,
    "expected": 840,
    "frame_loss": 0.027380952380952395,
    "fps_effective": 29.99902550702323,
    "mean_ms": 9.56605696007656,
    "stddev_ms": 0.6534795658159741,
    "p50_ms": 9.434960046979866,
    "p95_ms": 10.460134646979865,
    "p99_ms": 12.492509046979867,
    "max_ms": 13.783867046979866,
    "p50_ms_raw": 10.065714,
    "p95_ms_raw": 11.0908886,
    "p99_ms_raw": 13.123263000000001,
    "mean_ms_raw": 10.196810913096694,
    "max_ms_raw": 14.414621,
    "producer_encode_mean_ms": 0.6307539530201343,
    "first_id": 226,
    "last_id": 1042,
    "gap_count": 0,
    "seen": 877,
    "decoded": 877,
    "decoded_ratio": 1.0
  },
  "ros_raw": {
    "count": 900,
    "expected": 840,
    "frame_loss": 0.0,
    "fps_effective": 29.99985060942023,
    "mean_ms": 6.5776237903132,
    "stddev_ms": 0.3972031392736827,
    "p50_ms": 6.527951546979866,
    "p95_ms": 6.839378496979866,
    "p99_ms": 7.709982296979865,
    "max_ms": 11.221792046979866,
    "p50_ms_raw": 7.1587055,
    "p95_ms_raw": 7.47013245,
    "p99_ms_raw": 8.340736249999999,
    "mean_ms_raw": 7.208377743333334,
    "max_ms_raw": 11.852546,
    "producer_encode_mean_ms": 0.6307539530201343,
    "first_id": 135,
    "last_id": 1034,
    "gap_count": 0,
    "seen": 960,
    "decoded": 960,
    "decoded_ratio": 1.0
  },
  "ros_jpeg": {
    "count": 0,
    "expected": 840,
    "frame_loss": null,
    "fps_effective": null,
    "mean_ms": null,
    "stddev_ms": null,
    "p50_ms": null,
    "p95_ms": null,
    "p99_ms": null,
    "max_ms": null,
    "p50_ms_raw": null,
    "p95_ms_raw": null,
    "p99_ms_raw": null,
    "mean_ms_raw": null,
    "max_ms_raw": null,
    "producer_encode_mean_ms": 0.6307539530201343,
    "first_id": null,
    "last_id": null,
    "gap_count": null,
    "seen": null,
    "decoded": null,
    "decoded_ratio": null
  },
  "cpu_stack": {
    "ros2": {
      "mean_pct": 0.03571428571428571,
      "p95_pct": 0.0,
      "n": 56
    },
    "camera_server_s": {
      "mean_pct": 23.535714285714285,
      "p95_pct": 26.0,
      "n": 56
    },
    "_total": {
      "mean_pct": 23.571428571428573,
      "p95_pct": 26.0,
      "n": 56
    }
  },
  "producer": {
    "frames_produced": 1043,
    "underruns": 0,
    "underrun_total_late_ms": 0,
    "base_video_frames": 1439,
    "base_video_catch_up_reuses": 0,
    "encode_count": 1043,
    "encode_total_ns": 657876373,
    "encode_max_ns": 2810171
  }
}