{
  "scenario": "cam-both-rcs-mjpeg-decoded-rtp",
  "duration_s": 30,
  "warmup_frames": 60,
  "expected_after_warmup": 840,
  "stream": {
    "count": 817,
    "expected": 840,
    "frame_loss": 0.027380952380952395,
    "fps_effective": 30.00359346641122,
    "mean_ms": 8.57330493878251,
    "stddev_ms": 0.5792961136616798,
    "p50_ms": 8.532166897166842,
    "p95_ms": 9.398863097166839,
    "p99_ms": 10.811420897166844,
    "max_ms": 11.667399897166842,
    "p50_ms_raw": 11.916867,
    "p95_ms_raw": 12.783563199999998,
    "p99_ms_raw": 14.196121000000002,
    "mean_ms_raw": 11.958005041615667,
    "max_ms_raw": 15.0521,
    "producer_encode_mean_ms": 3.3847001028331585,
    "first_id": 136,
    "last_id": 952,
    "gap_count": 0,
    "seen": 877,
    "decoded": 877,
    "decoded_ratio": 1.0
  },
  "ros_raw": {
    "count": 817,
    "expected": 840,
    "frame_loss": 0.027380952380952395,
    "fps_effective": 30.007887678083144,
    "mean_ms": 10.897954673176635,
    "stddev_ms": 0.4180813210440715,
    "p50_ms": 10.863750897166842,
    "p95_ms": 11.45914489716684,
    "p99_ms": 11.928086097166851,
    "max_ms": 18.093316897166844,
    "p50_ms_raw": 14.248451,
    "p95_ms_raw": 14.843844999999998,
    "p99_ms_raw": 15.312786200000009,
    "mean_ms_raw": 14.282654776009792,
    "max_ms_raw": 21.478017,
    "producer_encode_mean_ms": 3.3847001028331585,
    "first_id": 136,
    "last_id": 952,
    "gap_count": 0,
    "seen": 877,
    "decoded": 877,
    "decoded_ratio": 1.0
  },
  "ros_jpeg": {
    "count": 0,
    "expected": 840,
    "frame_loss": null,
    "fps_effective": null,
    "mean_ms": null,
    "stddev_ms": null,
    "p50_ms": null,
    "p95_ms": null,
    "p99_ms": null,
    "max_ms": null,
    "p50_ms_raw": null,
    "p95_ms_raw": null,
    "p99_ms_raw": null,
    "mean_ms_raw": null,
    "max_ms_raw": null,
    "producer_encode_mean_ms": 3.3847001028331585,
    "first_id": null,
    "last_id": null,
    "gap_count": null,
    "seen": null,
    "decoded": null,
    "decoded_ratio": null
  },
  "cpu_stack": {
    "ros2": {
      "mean_pct": 0.0,
      "p95_pct": 0.0,
      "n": 56
    },
    "camera_server_s": {
      "mean_pct": 29.857142857142858,
      "p95_pct": 34.5,
      "n": 56
    },
    "_total": {
      "mean_pct": 29.857142857142858,
      "p95_pct": 34.5,
      "n": 56
    }
  },
  "producer": {
    "frames_produced": 953,
    "underruns": 0,
    "underrun_total_late_ms": 0,
    "base_video_frames": 1439,
    "base_video_catch_up_reuses": 0,
    "encode_count": 953,
    "encode_total_ns": 3225619198,
    "encode_max_ns": 16500847
  }
}