{
  "scenario": "cam-both-rcs-mjpeg-decoded-rtp",
  "duration_s": 15,
  "warmup_frames": 60,
  "expected_after_warmup": 390,
  "stream": {
    "count": 330,
    "expected": 390,
    "frame_loss": 0.15384615384615385,
    "fps_effective": 29.99930984353714,
    "mean_ms": 5.858435565515416,
    "stddev_ms": 0.4064952016029058,
    "p50_ms": 5.865903917030568,
    "p95_ms": 6.471970167030568,
    "p99_ms": 6.619325867030568,
    "max_ms": 8.377763417030568,
    "p50_ms_raw": 7.5226655000000004,
    "p95_ms_raw": 8.12873175,
    "p99_ms_raw": 8.27608745,
    "mean_ms_raw": 7.515197148484848,
    "max_ms_raw": 10.034525,
    "producer_encode_mean_ms": 1.6567615829694322,
    "first_id": 128,
    "last_id": 457,
    "gap_count": 0,
    "seen": 390,
    "decoded": 390,
    "decoded_ratio": 1.0
  },
  "ros_raw": {
    "count": 330,
    "expected": 390,
    "frame_loss": 0.15384615384615385,
    "fps_effective": 29.999188697017,
    "mean_ms": 4.692362841272992,
    "stddev_ms": 0.4664971355120753,
    "p50_ms": 4.619807917030568,
    "p95_ms": 5.214526467030569,
    "p99_ms": 7.3416285370305605,
    "max_ms": 7.966912417030567,
    "p50_ms_raw": 6.2765695,
    "p95_ms_raw": 6.871288050000001,
    "p99_ms_raw": 8.998390119999993,
    "mean_ms_raw": 6.349124424242424,
    "max_ms_raw": 9.623674,
    "producer_encode_mean_ms": 1.6567615829694322,
    "first_id": 128,
    "last_id": 457,
    "gap_count": 0,
    "seen": 390,
    "decoded": 390,
    "decoded_ratio": 1.0
  },
  "ros_jpeg": {
    "count": 0,
    "expected": 390,
    "frame_loss": null,
    "fps_effective": null,
    "mean_ms": null,
    "stddev_ms": null,
    "p50_ms": null,
    "p95_ms": null,
    "p99_ms": null,
    "max_ms": null,
    "p50_ms_raw": null,
    "p95_ms_raw": null,
    "p99_ms_raw": null,
    "mean_ms_raw": null,
    "max_ms_raw": null,
    "producer_encode_mean_ms": 1.6567615829694322,
    "first_id": null,
    "last_id": null,
    "gap_count": null,
    "seen": null,
    "decoded": null,
    "decoded_ratio": null
  },
  "cpu_stack": {
    "ros2": {
      "mean_pct": 0.0,
      "p95_pct": 0.0,
      "n": 26
    },
    "camera_server_s": {
      "mean_pct": 15.0,
      "p95_pct": 20.5,
      "n": 26
    },
    "_total": {
      "mean_pct": 15.0,
      "p95_pct": 20.5,
      "n": 26
    }
  },
  "producer": {
    "frames_produced": 458,
    "underruns": 0,
    "underrun_total_late_ms": 0,
    "base_video_frames": 1100,
    "base_video_catch_up_reuses": 0,
    "encode_count": 458,
    "encode_total_ns": 758796805,
    "encode_max_ns": 3358946
  }
}