{
  "scenario": "cam-both-usb_cam+rtsp_fkie-yuv-h264",
  "duration_s": 30,
  "warmup_frames": 60,
  "expected_after_warmup": 840,
  "stream": {
    "count": 836,
    "expected": 840,
    "frame_loss": 0.004761904761904745,
    "fps_effective": 30.00190340985977,
    "mean_ms": 15.955783865762424,
    "stddev_ms": 0.6049977109934569,
    "p50_ms": 15.975025632508835,
    "p95_ms": 16.766125632508835,
    "p99_ms": 17.883987182508836,
    "max_ms": 20.534757632508835,
    "p50_ms_raw": 16.616292,
    "p95_ms_raw": 17.407392,
    "p99_ms_raw": 18.525253550000002,
    "mean_ms_raw": 16.59705023325359,
    "max_ms_raw": 21.176024,
    "producer_encode_mean_ms": 0.6412663674911661,
    "first_id": 296,
    "last_id": 1131,
    "gap_count": 0,
    "seen": 896,
    "decoded": 896,
    "decoded_ratio": 1.0
  },
  "ros_raw": {
    "count": 900,
    "expected": 840,
    "frame_loss": 0.0,
    "fps_effective": 29.99898321733259,
    "mean_ms": 7.7093611113977225,
    "stddev_ms": 0.7846659711637505,
    "p50_ms": 7.5346486325088335,
    "p95_ms": 8.867913082508831,
    "p99_ms": 11.44841252250883,
    "max_ms": 17.448100632508833,
    "p50_ms_raw": 8.175915,
    "p95_ms_raw": 9.509179449999998,
    "p99_ms_raw": 12.089678889999997,
    "mean_ms_raw": 8.350627478888889,
    "max_ms_raw": 18.089367,
    "producer_encode_mean_ms": 0.6412663674911661,
    "first_id": 129,
    "last_id": 1028,
    "gap_count": 0,
    "seen": 960,
    "decoded": 960,
    "decoded_ratio": 1.0
  },
  "ros_jpeg": {
    "count": 0,
    "expected": 840,
    "frame_loss": null,
    "fps_effective": null,
    "mean_ms": null,
    "stddev_ms": null,
    "p50_ms": null,
    "p95_ms": null,
    "p99_ms": null,
    "max_ms": null,
    "p50_ms_raw": null,
    "p95_ms_raw": null,
    "p99_ms_raw": null,
    "mean_ms_raw": null,
    "max_ms_raw": null,
    "producer_encode_mean_ms": 0.6412663674911661,
    "first_id": null,
    "last_id": null,
    "gap_count": null,
    "seen": null,
    "decoded": null,
    "decoded_ratio": null
  },
  "cpu_stack": {
    "ros2": {
      "mean_pct": 0.0,
      "p95_pct": 0.0,
      "n": 56
    },
    "usb_cam_node_ex": {
      "mean_pct": 17.0,
      "p95_pct": 18.0,
      "n": 56
    },
    "republish": {
      "mean_pct": 13.821428571428571,
      "p95_pct": 16.0,
      "n": 56
    },
    "_total": {
      "mean_pct": 30.821428571428573,
      "p95_pct": 34.0,
      "n": 56
    }
  },
  "producer": {
    "frames_produced": 1132,
    "underruns": 0,
    "underrun_total_late_ms": 0,
    "base_video_frames": 1439,
    "base_video_catch_up_reuses": 0,
    "encode_count": 1132,
    "encode_total_ns": 725913528,
    "encode_max_ns": 1749476
  }
}