{
  "scenario": "cam-both-usb_cam+rtsp_fkie-yuv-h264",
  "duration_s": 15,
  "warmup_frames": 60,
  "expected_after_warmup": 390,
  "stream": {
    "count": 384,
    "expected": 390,
    "frame_loss": 0.01538461538461533,
    "fps_effective": 30.00112638798198,
    "mean_ms": 7.348350589439655,
    "stddev_ms": 0.5870597429091137,
    "p50_ms": 7.143447620689655,
    "p95_ms": 8.586992620689651,
    "p99_ms": 9.322474640689656,
    "max_ms": 11.363609620689655,
    "p50_ms_raw": 7.402843,
    "p95_ms_raw": 8.846387999999996,
    "p99_ms_raw": 9.58187002,
    "mean_ms_raw": 7.60774596875,
    "max_ms_raw": 11.623005,
    "producer_encode_mean_ms": 0.25939537931034484,
    "first_id": 254,
    "last_id": 637,
    "gap_count": 0,
    "seen": 444,
    "decoded": 444,
    "decoded_ratio": 1.0
  },
  "ros_raw": {
    "count": 552,
    "expected": 390,
    "frame_loss": 0.0,
    "fps_effective": 29.999236586940754,
    "mean_ms": 3.658922515617191,
    "stddev_ms": 0.7531796197160273,
    "p50_ms": 3.4560301206896553,
    "p95_ms": 4.954836370689654,
    "p99_ms": 6.848257140689656,
    "max_ms": 9.689826620689656,
    "p50_ms_raw": 3.7154255000000003,
    "p95_ms_raw": 5.214231749999999,
    "p99_ms_raw": 7.10765252,
    "mean_ms_raw": 3.918317894927536,
    "max_ms_raw": 9.949222,
    "producer_encode_mean_ms": 0.25939537931034484,
    "first_id": 86,
    "last_id": 637,
    "gap_count": 0,
    "seen": 612,
    "decoded": 612,
    "decoded_ratio": 1.0
  },
  "ros_jpeg": {
    "count": 0,
    "expected": 390,
    "frame_loss": null,
    "fps_effective": null,
    "mean_ms": null,
    "stddev_ms": null,
    "p50_ms": null,
    "p95_ms": null,
    "p99_ms": null,
    "max_ms": null,
    "p50_ms_raw": null,
    "p95_ms_raw": null,
    "p99_ms_raw": null,
    "mean_ms_raw": null,
    "max_ms_raw": null,
    "producer_encode_mean_ms": 0.25939537931034484,
    "first_id": null,
    "last_id": null,
    "gap_count": null,
    "seen": null,
    "decoded": null,
    "decoded_ratio": null
  },
  "cpu_stack": {
    "ros2": {
      "mean_pct": 0.0,
      "p95_pct": 0.0,
      "n": 26
    },
    "usb_cam_node_ex": {
      "mean_pct": 8.153846153846153,
      "p95_pct": 10.0,
      "n": 26
    },
    "republish": {
      "mean_pct": 6.538461538461538,
      "p95_pct": 8.0,
      "n": 26
    },
    "_total": {
      "mean_pct": 14.692307692307692,
      "p95_pct": 16.0,
      "n": 26
    }
  },
  "producer": {
    "frames_produced": 638,
    "underruns": 0,
    "underrun_total_late_ms": 0,
    "base_video_frames": 1100,
    "base_video_catch_up_reuses": 0,
    "encode_count": 638,
    "encode_total_ns": 165494252,
    "encode_max_ns": 989337
  }
}