{
  "scenario": "cam-both-usb_cam+gst_bridge-mjpeg-rtp",
  "duration_s": 15,
  "warmup_frames": 60,
  "expected_after_warmup": 390,
  "stream": {
    "count": 344,
    "expected": 390,
    "frame_loss": 0.11794871794871797,
    "fps_effective": 29.996798465312438,
    "mean_ms": 9.730288992753366,
    "stddev_ms": 0.7770950396542557,
    "p50_ms": 9.510927268916156,
    "p95_ms": 11.371896418916155,
    "p99_ms": 12.654974778916156,
    "max_ms": 13.379638768916156,
    "p50_ms_raw": 11.2248725,
    "p95_ms_raw": 13.085841649999999,
    "p99_ms_raw": 14.36892001,
    "mean_ms_raw": 11.44423422383721,
    "max_ms_raw": 15.093584,
    "producer_encode_mean_ms": 1.7139452310838446,
    "first_id": 144,
    "last_id": 487,
    "gap_count": 0,
    "seen": 404,
    "decoded": 404,
    "decoded_ratio": 1.0
  },
  "ros_raw": {
    "count": 403,
    "expected": 390,
    "frame_loss": 0.0,
    "fps_effective": 30.020811425680424,
    "mean_ms": 4.541729476112186,
    "stddev_ms": 1.3257566429541887,
    "p50_ms": 4.146824768916155,
    "p95_ms": 6.756450568916154,
    "p99_ms": 11.03314402891616,
    "max_ms": 13.477251768916156,
    "p50_ms_raw": 5.86077,
    "p95_ms_raw": 8.470395799999999,
    "p99_ms_raw": 12.747089260000005,
    "mean_ms_raw": 6.255674707196031,
    "max_ms_raw": 15.191197,
    "producer_encode_mean_ms": 1.7139452310838446,
    "first_id": 85,
    "last_id": 487,
    "gap_count": 0,
    "seen": 463,
    "decoded": 463,
    "decoded_ratio": 1.0
  },
  "ros_jpeg": {
    "count": 0,
    "expected": 390,
    "frame_loss": null,
    "fps_effective": null,
    "mean_ms": null,
    "stddev_ms": null,
    "p50_ms": null,
    "p95_ms": null,
    "p99_ms": null,
    "max_ms": null,
    "p50_ms_raw": null,
    "p95_ms_raw": null,
    "p99_ms_raw": null,
    "mean_ms_raw": null,
    "max_ms_raw": null,
    "producer_encode_mean_ms": 1.7139452310838446,
    "first_id": null,
    "last_id": null,
    "gap_count": null,
    "seen": null,
    "decoded": null,
    "decoded_ratio": null
  },
  "cpu_stack": {
    "ros2": {
      "mean_pct": 0.0,
      "p95_pct": 0.0,
      "n": 26
    },
    "usb_cam_node_ex": {
      "mean_pct": 11.307692307692308,
      "p95_pct": 12.0,
      "n": 26
    },
    "gst-launch-1.0": {
      "mean_pct": 10.307692307692308,
      "p95_pct": 12.0,
      "n": 26
    },
    "_total": {
      "mean_pct": 21.615384615384617,
      "p95_pct": 24.0,
      "n": 26
    }
  },
  "producer": {
    "frames_produced": 489,
    "underruns": 0,
    "underrun_total_late_ms": 0,
    "base_video_frames": 1100,
    "base_video_catch_up_reuses": 0,
    "encode_count": 489,
    "encode_total_ns": 838119218,
    "encode_max_ns": 3369689
  }
}