{
  "scenario": "cam-both-usb_cam+gst_bridge-mjpeg-rtp",
  "duration_s": 30,
  "warmup_frames": 60,
  "expected_after_warmup": 840,
  "stream": {
    "count": 838,
    "expected": 840,
    "frame_loss": 0.0023809523809523725,
    "fps_effective": 30.00163108975224,
    "mean_ms": 18.00483078450848,
    "stddev_ms": 0.8224867523941548,
    "p50_ms": 17.875963252288912,
    "p95_ms": 19.69769445228891,
    "p99_ms": 21.22327993228891,
    "max_ms": 24.79222525228891,
    "p50_ms_raw": 21.27607,
    "p95_ms_raw": 23.0978012,
    "p99_ms_raw": 24.62338668,
    "mean_ms_raw": 21.40493753221957,
    "max_ms_raw": 28.192332,
    "producer_encode_mean_ms": 3.4001067477110887,
    "first_id": 145,
    "last_id": 982,
    "gap_count": 0,
    "seen": 898,
    "decoded": 898,
    "decoded_ratio": 1.0
  },
  "ros_raw": {
    "count": 847,
    "expected": 840,
    "frame_loss": 0.0,
    "fps_effective": 30.007278170616463,
    "mean_ms": 7.8458673904235035,
    "stddev_ms": 0.654232584113127,
    "p50_ms": 7.737620252288911,
    "p95_ms": 8.568943952288912,
    "p99_ms": 10.851827432288907,
    "max_ms": 14.29086925228891,
    "p50_ms_raw": 11.137727,
    "p95_ms_raw": 11.9690507,
    "p99_ms_raw": 14.251934179999996,
    "mean_ms_raw": 11.245974138134592,
    "max_ms_raw": 17.690976,
    "producer_encode_mean_ms": 3.4001067477110887,
    "first_id": 136,
    "last_id": 982,
    "gap_count": 0,
    "seen": 907,
    "decoded": 907,
    "decoded_ratio": 1.0
  },
  "ros_jpeg": {
    "count": 0,
    "expected": 840,
    "frame_loss": null,
    "fps_effective": null,
    "mean_ms": null,
    "stddev_ms": null,
    "p50_ms": null,
    "p95_ms": null,
    "p99_ms": null,
    "max_ms": null,
    "p50_ms_raw": null,
    "p95_ms_raw": null,
    "p99_ms_raw": null,
    "mean_ms_raw": null,
    "max_ms_raw": null,
    "producer_encode_mean_ms": 3.4001067477110887,
    "first_id": null,
    "last_id": null,
    "gap_count": null,
    "seen": null,
    "decoded": null,
    "decoded_ratio": null
  },
  "cpu_stack": {
    "ros2": {
      "mean_pct": 0.0,
      "p95_pct": 0.0,
      "n": 56
    },
    "usb_cam_node_ex": {
      "mean_pct": 19.857142857142858,
      "p95_pct": 22.0,
      "n": 56
    },
    "gst-launch-1.0": {
      "mean_pct": 21.178571428571427,
      "p95_pct": 24.0,
      "n": 56
    },
    "_total": {
      "mean_pct": 41.035714285714285,
      "p95_pct": 44.0,
      "n": 56
    }
  },
  "producer": {
    "frames_produced": 983,
    "underruns": 0,
    "underrun_total_late_ms": 0,
    "base_video_frames": 1439,
    "base_video_catch_up_reuses": 0,
    "encode_count": 983,
    "encode_total_ns": 3342304933,
    "encode_max_ns": 13982193
  }
}