{
  "scenario": "cam-both-usb_cam+gst_bridge-mjpeg-rtp",
  "duration_s": 30,
  "warmup_frames": 60,
  "expected_after_warmup": 840,
  "stream": {
    "count": 837,
    "expected": 840,
    "frame_loss": 0.0035714285714285587,
    "fps_effective": 29.99822957374484,
    "mean_ms": 18.16408155817377,
    "stddev_ms": 0.776039842242167,
    "p50_ms": 18.038273474541754,
    "p95_ms": 19.286980674541752,
    "p99_ms": 21.542483914541748,
    "max_ms": 24.01451647454175,
    "p50_ms_raw": 21.327289,
    "p95_ms_raw": 22.5759962,
    "p99_ms_raw": 24.831499439999995,
    "mean_ms_raw": 21.453097083632017,
    "max_ms_raw": 27.303532,
    "producer_encode_mean_ms": 3.2890155254582485,
    "first_id": 145,
    "last_id": 981,
    "gap_count": 0,
    "seen": 897,
    "decoded": 897,
    "decoded_ratio": 1.0
  },
  "ros_raw": {
    "count": 845,
    "expected": 840,
    "frame_loss": 0.0,
    "fps_effective": 29.99899780705901,
    "mean_ms": 7.858573891109799,
    "stddev_ms": 0.37107039713949264,
    "p50_ms": 7.831875474541752,
    "p95_ms": 8.446772874541752,
    "p99_ms": 8.82013243454175,
    "max_ms": 11.03371547454175,
    "p50_ms_raw": 11.120891,
    "p95_ms_raw": 11.7357884,
    "p99_ms_raw": 12.109147959999998,
    "mean_ms_raw": 11.147589416568048,
    "max_ms_raw": 14.322731,
    "producer_encode_mean_ms": 3.2890155254582485,
    "first_id": 137,
    "last_id": 981,
    "gap_count": 0,
    "seen": 905,
    "decoded": 905,
    "decoded_ratio": 1.0
  },
  "ros_jpeg": {
    "count": 0,
    "expected": 840,
    "frame_loss": null,
    "fps_effective": null,
    "mean_ms": null,
    "stddev_ms": null,
    "p50_ms": null,
    "p95_ms": null,
    "p99_ms": null,
    "max_ms": null,
    "p50_ms_raw": null,
    "p95_ms_raw": null,
    "p99_ms_raw": null,
    "mean_ms_raw": null,
    "max_ms_raw": null,
    "producer_encode_mean_ms": 3.2890155254582485,
    "first_id": null,
    "last_id": null,
    "gap_count": null,
    "seen": null,
    "decoded": null,
    "decoded_ratio": null
  },
  "cpu_stack": {
    "ros2": {
      "mean_pct": 0.0,
      "p95_pct": 0.0,
      "n": 56
    },
    "usb_cam_node_ex": {
      "mean_pct": 19.714285714285715,
      "p95_pct": 22.0,
      "n": 56
    },
    "gst-launch-1.0": {
      "mean_pct": 21.321428571428573,
      "p95_pct": 22.5,
      "n": 56
    },
    "_total": {
      "mean_pct": 41.035714285714285,
      "p95_pct": 44.0,
      "n": 56
    }
  },
  "producer": {
    "frames_produced": 982,
    "underruns": 0,
    "underrun_total_late_ms": 0,
    "base_video_frames": 1440,
    "base_video_catch_up_reuses": 0,
    "encode_count": 982,
    "encode_total_ns": 3229813246,
    "encode_max_ns": 7585541
  }
}