{
  "scenario": "cam-both-usb_cam+gst_bridge-mjpeg-rtp",
  "duration_s": 15,
  "warmup_frames": 60,
  "expected_after_warmup": 390,
  "stream": {
    "count": 343,
    "expected": 390,
    "frame_loss": 0.12051282051282053,
    "fps_effective": 29.998288202943705,
    "mean_ms": 9.577851545966162,
    "stddev_ms": 0.567354281925828,
    "p50_ms": 9.47290061885246,
    "p95_ms": 10.614914218852459,
    "p99_ms": 12.29578273885246,
    "max_ms": 12.555178618852459,
    "p50_ms_raw": 11.167787,
    "p95_ms_raw": 12.309800599999999,
    "p99_ms_raw": 13.99066912,
    "mean_ms_raw": 11.272737927113702,
    "max_ms_raw": 14.250065,
    "producer_encode_mean_ms": 1.694886381147541,
    "first_id": 145,
    "last_id": 487,
    "gap_count": 0,
    "seen": 403,
    "decoded": 403,
    "decoded_ratio": 1.0
  },
  "ros_raw": {
    "count": 403,
    "expected": 390,
    "frame_loss": 0.0,
    "fps_effective": 30.018942970073827,
    "mean_ms": 4.429125492301591,
    "stddev_ms": 1.1995660988042005,
    "p50_ms": 4.1464616188524595,
    "p95_ms": 6.309454318852453,
    "p99_ms": 10.388897018852468,
    "max_ms": 15.51039861885246,
    "p50_ms_raw": 5.841348,
    "p95_ms_raw": 8.004340699999993,
    "p99_ms_raw": 12.083783400000009,
    "mean_ms_raw": 6.124011873449131,
    "max_ms_raw": 17.205285,
    "producer_encode_mean_ms": 1.694886381147541,
    "first_id": 85,
    "last_id": 487,
    "gap_count": 0,
    "seen": 463,
    "decoded": 463,
    "decoded_ratio": 1.0
  },
  "ros_jpeg": {
    "count": 0,
    "expected": 390,
    "frame_loss": null,
    "fps_effective": null,
    "mean_ms": null,
    "stddev_ms": null,
    "p50_ms": null,
    "p95_ms": null,
    "p99_ms": null,
    "max_ms": null,
    "p50_ms_raw": null,
    "p95_ms_raw": null,
    "p99_ms_raw": null,
    "mean_ms_raw": null,
    "max_ms_raw": null,
    "producer_encode_mean_ms": 1.694886381147541,
    "first_id": null,
    "last_id": null,
    "gap_count": null,
    "seen": null,
    "decoded": null,
    "decoded_ratio": null
  },
  "cpu_stack": {
    "ros2": {
      "mean_pct": 0.0,
      "p95_pct": 0.0,
      "n": 26
    },
    "usb_cam_node_ex": {
      "mean_pct": 11.23076923076923,
      "p95_pct": 14.0,
      "n": 26
    },
    "gst-launch-1.0": {
      "mean_pct": 10.307692307692308,
      "p95_pct": 12.0,
      "n": 26
    },
    "_total": {
      "mean_pct": 21.53846153846154,
      "p95_pct": 24.0,
      "n": 26
    }
  },
  "producer": {
    "frames_produced": 488,
    "underruns": 0,
    "underrun_total_late_ms": 0,
    "base_video_frames": 1100,
    "base_video_catch_up_reuses": 0,
    "encode_count": 488,
    "encode_total_ns": 827104554,
    "encode_max_ns": 7161117
  }
}