{
  "scenario": "cam-both-rcs-yuv-rtp",
  "duration_s": 15,
  "warmup_frames": 60,
  "expected_after_warmup": 390,
  "stream": {
    "count": 331,
    "expected": 390,
    "frame_loss": 0.1512820512820513,
    "fps_effective": 29.998599141780147,
    "mean_ms": 5.220693196949764,
    "stddev_ms": 0.45701857762073783,
    "p50_ms": 5.1874362603938735,
    "p95_ms": 5.738552260393873,
    "p99_ms": 6.243711660393871,
    "max_ms": 11.204645260393873,
    "p50_ms_raw": 5.44303,
    "p95_ms_raw": 5.994146,
    "p99_ms_raw": 6.499305399999998,
    "mean_ms_raw": 5.476286936555891,
    "max_ms_raw": 11.460239,
    "producer_encode_mean_ms": 0.2555937396061269,
    "first_id": 126,
    "last_id": 456,
    "gap_count": 0,
    "seen": 391,
    "decoded": 391,
    "decoded_ratio": 1.0
  },
  "ros_raw": {
    "count": 331,
    "expected": 390,
    "frame_loss": 0.1512820512820513,
    "fps_effective": 29.999331208546096,
    "mean_ms": 3.02137097338481,
    "stddev_ms": 0.48201528780470165,
    "p50_ms": 2.9811132603938733,
    "p95_ms": 3.2882667603938733,
    "p99_ms": 3.8102308603938724,
    "max_ms": 11.001709260393874,
    "p50_ms_raw": 3.236707,
    "p95_ms_raw": 3.5438605,
    "p99_ms_raw": 4.065824599999999,
    "mean_ms_raw": 3.276964712990937,
    "max_ms_raw": 11.257303,
    "producer_encode_mean_ms": 0.2555937396061269,
    "first_id": 126,
    "last_id": 456,
    "gap_count": 0,
    "seen": 391,
    "decoded": 391,
    "decoded_ratio": 1.0
  },
  "ros_jpeg": {
    "count": 0,
    "expected": 390,
    "frame_loss": null,
    "fps_effective": null,
    "mean_ms": null,
    "stddev_ms": null,
    "p50_ms": null,
    "p95_ms": null,
    "p99_ms": null,
    "max_ms": null,
    "p50_ms_raw": null,
    "p95_ms_raw": null,
    "p99_ms_raw": null,
    "mean_ms_raw": null,
    "max_ms_raw": null,
    "producer_encode_mean_ms": 0.2555937396061269,
    "first_id": null,
    "last_id": null,
    "gap_count": null,
    "seen": null,
    "decoded": null,
    "decoded_ratio": null
  },
  "cpu_stack": {
    "ros2": {
      "mean_pct": 0.0,
      "p95_pct": 0.0,
      "n": 26
    },
    "camera_server_s": {
      "mean_pct": 12.923076923076923,
      "p95_pct": 14.0,
      "n": 26
    },
    "_total": {
      "mean_pct": 12.923076923076923,
      "p95_pct": 14.0,
      "n": 26
    }
  },
  "producer": {
    "frames_produced": 457,
    "underruns": 0,
    "underrun_total_late_ms": 0,
    "base_video_frames": 1100,
    "base_video_catch_up_reuses": 0,
    "encode_count": 457,
    "encode_total_ns": 116806339,
    "encode_max_ns": 933673
  }
}