{
  "scenario": "cam-both-rcs-yuv-rtp",
  "duration_s": 30,
  "warmup_frames": 60,
  "expected_after_warmup": 840,
  "stream": {
    "count": 824,
    "expected": 840,
    "frame_loss": 0.01904761904761909,
    "fps_effective": 29.9990382767609,
    "mean_ms": 10.386558277619729,
    "stddev_ms": 0.5258513601817377,
    "p50_ms": 10.294054866211962,
    "p95_ms": 11.10744651621196,
    "p99_ms": 12.260105606211962,
    "max_ms": 14.007595366211962,
    "p50_ms_raw": 10.9345915,
    "p95_ms_raw": 11.747983149999998,
    "p99_ms_raw": 12.90064224,
    "mean_ms_raw": 11.027094911407767,
    "max_ms_raw": 14.648132,
    "producer_encode_mean_ms": 0.6405366337880378,
    "first_id": 129,
    "last_id": 952,
    "gap_count": 0,
    "seen": 884,
    "decoded": 884,
    "decoded_ratio": 1.0
  },
  "ros_raw": {
    "count": 824,
    "expected": 840,
    "frame_loss": 0.01904761904761909,
    "fps_effective": 30.000830266233812,
    "mean_ms": 6.52914502276536,
    "stddev_ms": 0.28341886989273324,
    "p50_ms": 6.505377366211961,
    "p95_ms": 6.7749606162119616,
    "p99_ms": 7.242734906211958,
    "max_ms": 10.955725366211961,
    "p50_ms_raw": 7.145913999999999,
    "p95_ms_raw": 7.41549725,
    "p99_ms_raw": 7.883271539999996,
    "mean_ms_raw": 7.169681656553398,
    "max_ms_raw": 11.596262,
    "producer_encode_mean_ms": 0.6405366337880378,
    "first_id": 129,
    "last_id": 952,
    "gap_count": 0,
    "seen": 884,
    "decoded": 884,
    "decoded_ratio": 1.0
  },
  "ros_jpeg": {
    "count": 0,
    "expected": 840,
    "frame_loss": null,
    "fps_effective": null,
    "mean_ms": null,
    "stddev_ms": null,
    "p50_ms": null,
    "p95_ms": null,
    "p99_ms": null,
    "max_ms": null,
    "p50_ms_raw": null,
    "p95_ms_raw": null,
    "p99_ms_raw": null,
    "mean_ms_raw": null,
    "max_ms_raw": null,
    "producer_encode_mean_ms": 0.6405366337880378,
    "first_id": null,
    "last_id": null,
    "gap_count": null,
    "seen": null,
    "decoded": null,
    "decoded_ratio": null
  },
  "cpu_stack": {
    "ros2": {
      "mean_pct": 0.0,
      "p95_pct": 0.0,
      "n": 56
    },
    "camera_server_s": {
      "mean_pct": 24.178571428571427,
      "p95_pct": 26.0,
      "n": 56
    },
    "_total": {
      "mean_pct": 24.178571428571427,
      "p95_pct": 26.0,
      "n": 56
    }
  },
  "producer": {
    "frames_produced": 953,
    "underruns": 0,
    "underrun_total_late_ms": 0,
    "base_video_frames": 1440,
    "base_video_catch_up_reuses": 0,
    "encode_count": 953,
    "encode_total_ns": 610431412,
    "encode_max_ns": 2826376
  }
}