{
  "scenario": "cam-both-usb_cam+gst_bridge-mjpeg-rtp",
  "duration_s": 30,
  "warmup_frames": 60,
  "expected_after_warmup": 840,
  "stream": {
    "count": 838,
    "expected": 840,
    "frame_loss": 0.0023809523809523725,
    "fps_effective": 29.999249582212222,
    "mean_ms": 17.93726504028115,
    "stddev_ms": 0.65646411665401,
    "p50_ms": 17.90385433503055,
    "p95_ms": 19.07832233503055,
    "p99_ms": 19.95901489503055,
    "max_ms": 23.09998633503055,
    "p50_ms_raw": 21.180599,
    "p95_ms_raw": 22.355067,
    "p99_ms_raw": 23.235759559999998,
    "mean_ms_raw": 21.2140097052506,
    "max_ms_raw": 26.376731,
    "producer_encode_mean_ms": 3.2767446649694505,
    "first_id": 144,
    "last_id": 981,
    "gap_count": 0,
    "seen": 898,
    "decoded": 898,
    "decoded_ratio": 1.0
  },
  "ros_raw": {
    "count": 853,
    "expected": 840,
    "frame_loss": 0.0,
    "fps_effective": 30.006209105608473,
    "mean_ms": 7.804667506191159,
    "stddev_ms": 0.5832020435014471,
    "p50_ms": 7.72664833503055,
    "p95_ms": 8.42585673503055,
    "p99_ms": 10.202310775030556,
    "max_ms": 13.377451335030548,
    "p50_ms_raw": 11.003393,
    "p95_ms_raw": 11.7026014,
    "p99_ms_raw": 13.479055440000007,
    "mean_ms_raw": 11.08141217116061,
    "max_ms_raw": 16.654196,
    "producer_encode_mean_ms": 3.2767446649694505,
    "first_id": 129,
    "last_id": 981,
    "gap_count": 0,
    "seen": 913,
    "decoded": 913,
    "decoded_ratio": 1.0
  },
  "ros_jpeg": {
    "count": 0,
    "expected": 840,
    "frame_loss": null,
    "fps_effective": null,
    "mean_ms": null,
    "stddev_ms": null,
    "p50_ms": null,
    "p95_ms": null,
    "p99_ms": null,
    "max_ms": null,
    "p50_ms_raw": null,
    "p95_ms_raw": null,
    "p99_ms_raw": null,
    "mean_ms_raw": null,
    "max_ms_raw": null,
    "producer_encode_mean_ms": 3.2767446649694505,
    "first_id": null,
    "last_id": null,
    "gap_count": null,
    "seen": null,
    "decoded": null,
    "decoded_ratio": null
  },
  "cpu_stack": {
    "ros2": {
      "mean_pct": 0.0,
      "p95_pct": 0.0,
      "n": 56
    },
    "usb_cam_node_ex": {
      "mean_pct": 19.428571428571427,
      "p95_pct": 22.0,
      "n": 56
    },
    "gst-launch-1.0": {
      "mean_pct": 21.071428571428573,
      "p95_pct": 22.0,
      "n": 56
    },
    "_total": {
      "mean_pct": 40.5,
      "p95_pct": 42.5,
      "n": 56
    }
  },
  "producer": {
    "frames_produced": 982,
    "underruns": 0,
    "underrun_total_late_ms": 0,
    "base_video_frames": 1439,
    "base_video_catch_up_reuses": 0,
    "encode_count": 982,
    "encode_total_ns": 3217763261,
    "encode_max_ns": 8917484
  }
}