{
  "scenario": "cam-both-usb_cam+gst_bridge-yuv-rtp",
  "duration_s": 30,
  "warmup_frames": 60,
  "expected_after_warmup": 840,
  "stream": {
    "count": 837,
    "expected": 840,
    "frame_loss": 0.0035714285714285587,
    "fps_effective": 29.999091057324748,
    "mean_ms": 17.582984964856564,
    "stddev_ms": 0.6145849232229853,
    "p50_ms": 17.528508920651067,
    "p95_ms": 18.487762520651067,
    "p99_ms": 20.392352920651067,
    "max_ms": 21.743284920651067,
    "p50_ms_raw": 18.161831,
    "p95_ms_raw": 19.1210846,
    "p99_ms_raw": 21.025675,
    "mean_ms_raw": 18.216307044205497,
    "max_ms_raw": 22.376607,
    "producer_encode_mean_ms": 0.6333220793489318,
    "first_id": 145,
    "last_id": 981,
    "gap_count": 0,
    "seen": 897,
    "decoded": 897,
    "decoded_ratio": 1.0
  },
  "ros_raw": {
    "count": 854,
    "expected": 840,
    "frame_loss": 0.0,
    "fps_effective": 30.00013038485741,
    "mean_ms": 7.555400281306807,
    "stddev_ms": 0.3000137867541164,
    "p50_ms": 7.526802420651069,
    "p95_ms": 7.931261870651068,
    "p99_ms": 8.474124940651068,
    "max_ms": 11.923318920651068,
    "p50_ms_raw": 8.1601245,
    "p95_ms_raw": 8.56458395,
    "p99_ms_raw": 9.10744702,
    "mean_ms_raw": 8.188722360655738,
    "max_ms_raw": 12.556641,
    "producer_encode_mean_ms": 0.6333220793489318,
    "first_id": 128,
    "last_id": 981,
    "gap_count": 0,
    "seen": 914,
    "decoded": 914,
    "decoded_ratio": 1.0
  },
  "ros_jpeg": {
    "count": 0,
    "expected": 840,
    "frame_loss": null,
    "fps_effective": null,
    "mean_ms": null,
    "stddev_ms": null,
    "p50_ms": null,
    "p95_ms": null,
    "p99_ms": null,
    "max_ms": null,
    "p50_ms_raw": null,
    "p95_ms_raw": null,
    "p99_ms_raw": null,
    "mean_ms_raw": null,
    "max_ms_raw": null,
    "producer_encode_mean_ms": 0.6333220793489318,
    "first_id": null,
    "last_id": null,
    "gap_count": null,
    "seen": null,
    "decoded": null,
    "decoded_ratio": null
  },
  "cpu_stack": {
    "ros2": {
      "mean_pct": 0.0,
      "p95_pct": 0.0,
      "n": 56
    },
    "usb_cam_node_ex": {
      "mean_pct": 17.285714285714285,
      "p95_pct": 20.0,
      "n": 56
    },
    "gst-launch-1.0": {
      "mean_pct": 20.857142857142858,
      "p95_pct": 22.5,
      "n": 56
    },
    "_total": {
      "mean_pct": 38.142857142857146,
      "p95_pct": 42.0,
      "n": 56
    }
  },
  "producer": {
    "frames_produced": 983,
    "underruns": 0,
    "underrun_total_late_ms": 0,
    "base_video_frames": 1440,
    "base_video_catch_up_reuses": 0,
    "encode_count": 983,
    "encode_total_ns": 622555604,
    "encode_max_ns": 1801228
  }
}