{
  "scenario": "cam-both-usb_cam+gst_bridge-yuv-rtp",
  "duration_s": 15,
  "warmup_frames": 60,
  "expected_after_warmup": 390,
  "stream": {
    "count": 343,
    "expected": 390,
    "frame_loss": 0.12051282051282053,
    "fps_effective": 29.998376950972254,
    "mean_ms": 8.755010082152417,
    "stddev_ms": 0.5648481446875951,
    "p50_ms": 8.659935198770492,
    "p95_ms": 9.724382698770492,
    "p99_ms": 11.022610098770487,
    "max_ms": 12.332759198770491,
    "p50_ms_raw": 8.928266,
    "p95_ms_raw": 9.9927135,
    "p99_ms_raw": 11.290940899999995,
    "mean_ms_raw": 9.023340883381925,
    "max_ms_raw": 12.60109,
    "producer_encode_mean_ms": 0.2683308012295082,
    "first_id": 144,
    "last_id": 486,
    "gap_count": 0,
    "seen": 403,
    "decoded": 403,
    "decoded_ratio": 1.0
  },
  "ros_raw": {
    "count": 402,
    "expected": 390,
    "frame_loss": 0.0,
    "fps_effective": 29.99931097193541,
    "mean_ms": 3.3337298156859148,
    "stddev_ms": 0.2708757479689421,
    "p50_ms": 3.2700481987704917,
    "p95_ms": 3.7090327987704916,
    "p99_ms": 4.4616066187704915,
    "max_ms": 5.336604198770492,
    "p50_ms_raw": 3.538379,
    "p95_ms_raw": 3.9773636,
    "p99_ms_raw": 4.72993742,
    "mean_ms_raw": 3.602060616915423,
    "max_ms_raw": 5.604935,
    "producer_encode_mean_ms": 0.2683308012295082,
    "first_id": 86,
    "last_id": 487,
    "gap_count": 0,
    "seen": 462,
    "decoded": 462,
    "decoded_ratio": 1.0
  },
  "ros_jpeg": {
    "count": 0,
    "expected": 390,
    "frame_loss": null,
    "fps_effective": null,
    "mean_ms": null,
    "stddev_ms": null,
    "p50_ms": null,
    "p95_ms": null,
    "p99_ms": null,
    "max_ms": null,
    "p50_ms_raw": null,
    "p95_ms_raw": null,
    "p99_ms_raw": null,
    "mean_ms_raw": null,
    "max_ms_raw": null,
    "producer_encode_mean_ms": 0.2683308012295082,
    "first_id": null,
    "last_id": null,
    "gap_count": null,
    "seen": null,
    "decoded": null,
    "decoded_ratio": null
  },
  "cpu_stack": {
    "ros2": {
      "mean_pct": 0.0,
      "p95_pct": 0.0,
      "n": 26
    },
    "usb_cam_node_ex": {
      "mean_pct": 8.0,
      "p95_pct": 10.0,
      "n": 26
    },
    "gst-launch-1.0": {
      "mean_pct": 10.384615384615385,
      "p95_pct": 12.0,
      "n": 26
    },
    "_total": {
      "mean_pct": 18.384615384615383,
      "p95_pct": 22.0,
      "n": 26
    }
  },
  "producer": {
    "frames_produced": 488,
    "underruns": 0,
    "underrun_total_late_ms": 0,
    "base_video_frames": 1100,
    "base_video_catch_up_reuses": 0,
    "encode_count": 488,
    "encode_total_ns": 130945431,
    "encode_max_ns": 1512881
  }
}