{
  "scenario": "cam-both-rcs-yuv-rtp",
  "duration_s": 30,
  "warmup_frames": 60,
  "expected_after_warmup": 840,
  "stream": {
    "count": 817,
    "expected": 840,
    "frame_loss": 0.027380952380952395,
    "fps_effective": 29.998506924680477,
    "mean_ms": 10.435159092582722,
    "stddev_ms": 0.49518392025306335,
    "p50_ms": 10.372580480587619,
    "p95_ms": 11.06795048058762,
    "p99_ms": 12.174733600587619,
    "max_ms": 13.137633480587617,
    "p50_ms_raw": 11.010648,
    "p95_ms_raw": 11.706018,
    "p99_ms_raw": 12.812801120000001,
    "mean_ms_raw": 11.073226611995103,
    "max_ms_raw": 13.775701,
    "producer_encode_mean_ms": 0.6380675194123819,
    "first_id": 135,
    "last_id": 951,
    "gap_count": 0,
    "seen": 877,
    "decoded": 877,
    "decoded_ratio": 1.0
  },
  "ros_raw": {
    "count": 817,
    "expected": 840,
    "frame_loss": 0.027380952380952395,
    "fps_effective": 29.999898164683916,
    "mean_ms": 9.058449273733274,
    "stddev_ms": 0.38158943484512237,
    "p50_ms": 8.996666480587617,
    "p95_ms": 9.574748480587619,
    "p99_ms": 10.64916608058762,
    "max_ms": 12.722684480587617,
    "p50_ms_raw": 9.634734,
    "p95_ms_raw": 10.212816,
    "p99_ms_raw": 11.2872336,
    "mean_ms_raw": 9.696516793145655,
    "max_ms_raw": 13.360752,
    "producer_encode_mean_ms": 0.6380675194123819,
    "first_id": 135,
    "last_id": 951,
    "gap_count": 0,
    "seen": 877,
    "decoded": 877,
    "decoded_ratio": 1.0
  },
  "ros_jpeg": {
    "count": 0,
    "expected": 840,
    "frame_loss": null,
    "fps_effective": null,
    "mean_ms": null,
    "stddev_ms": null,
    "p50_ms": null,
    "p95_ms": null,
    "p99_ms": null,
    "max_ms": null,
    "p50_ms_raw": null,
    "p95_ms_raw": null,
    "p99_ms_raw": null,
    "mean_ms_raw": null,
    "max_ms_raw": null,
    "producer_encode_mean_ms": 0.6380675194123819,
    "first_id": null,
    "last_id": null,
    "gap_count": null,
    "seen": null,
    "decoded": null,
    "decoded_ratio": null
  },
  "cpu_stack": {
    "ros2": {
      "mean_pct": 0.0,
      "p95_pct": 0.0,
      "n": 56
    },
    "camera_server_s": {
      "mean_pct": 32.607142857142854,
      "p95_pct": 34.0,
      "n": 56
    },
    "_total": {
      "mean_pct": 32.607142857142854,
      "p95_pct": 34.0,
      "n": 56
    }
  },
  "producer": {
    "frames_produced": 953,
    "underruns": 0,
    "underrun_total_late_ms": 0,
    "base_video_frames": 1439,
    "base_video_catch_up_reuses": 0,
    "encode_count": 953,
    "encode_total_ns": 608078346,
    "encode_max_ns": 3774555
  }
}