{
  "scenario": "cam-both-rcs-yuv-rtp",
  "duration_s": 15,
  "warmup_frames": 60,
  "expected_after_warmup": 390,
  "stream": {
    "count": 330,
    "expected": 390,
    "frame_loss": 0.15384615384615385,
    "fps_effective": 29.99927533331062,
    "mean_ms": 5.162658475757575,
    "stddev_ms": 0.4074481880651336,
    "p50_ms": 5.112035166666667,
    "p95_ms": 5.801934016666668,
    "p99_ms": 6.585307846666666,
    "max_ms": 7.5662226666666665,
    "p50_ms_raw": 5.3714075,
    "p95_ms_raw": 6.0613063500000015,
    "p99_ms_raw": 6.844680179999999,
    "mean_ms_raw": 5.422030809090908,
    "max_ms_raw": 7.825595,
    "producer_encode_mean_ms": 0.2593723333333333,
    "first_id": 126,
    "last_id": 455,
    "gap_count": 0,
    "seen": 390,
    "decoded": 390,
    "decoded_ratio": 1.0
  },
  "ros_raw": {
    "count": 331,
    "expected": 390,
    "frame_loss": 0.1512820512820513,
    "fps_effective": 30.000396976162023,
    "mean_ms": 3.150626458207452,
    "stddev_ms": 0.5228617711281373,
    "p50_ms": 3.038907666666667,
    "p95_ms": 3.6858941666666665,
    "p99_ms": 5.779569166666664,
    "max_ms": 7.261892666666666,
    "p50_ms_raw": 3.29828,
    "p95_ms_raw": 3.9452665,
    "p99_ms_raw": 6.038941499999997,
    "mean_ms_raw": 3.4099987915407852,
    "max_ms_raw": 7.521265,
    "producer_encode_mean_ms": 0.2593723333333333,
    "first_id": 125,
    "last_id": 455,
    "gap_count": 0,
    "seen": 391,
    "decoded": 391,
    "decoded_ratio": 1.0
  },
  "ros_jpeg": {
    "count": 0,
    "expected": 390,
    "frame_loss": null,
    "fps_effective": null,
    "mean_ms": null,
    "stddev_ms": null,
    "p50_ms": null,
    "p95_ms": null,
    "p99_ms": null,
    "max_ms": null,
    "p50_ms_raw": null,
    "p95_ms_raw": null,
    "p99_ms_raw": null,
    "mean_ms_raw": null,
    "max_ms_raw": null,
    "producer_encode_mean_ms": 0.2593723333333333,
    "first_id": null,
    "last_id": null,
    "gap_count": null,
    "seen": null,
    "decoded": null,
    "decoded_ratio": null
  },
  "cpu_stack": {
    "ros2": {
      "mean_pct": 0.0,
      "p95_pct": 0.0,
      "n": 26
    },
    "camera_server_s": {
      "mean_pct": 13.0,
      "p95_pct": 15.5,
      "n": 26
    },
    "_total": {
      "mean_pct": 13.0,
      "p95_pct": 15.5,
      "n": 26
    }
  },
  "producer": {
    "frames_produced": 456,
    "underruns": 0,
    "underrun_total_late_ms": 0,
    "base_video_frames": 1100,
    "base_video_catch_up_reuses": 0,
    "encode_count": 456,
    "encode_total_ns": 118273784,
    "encode_max_ns": 961673
  }
}