{
  "scenario": "cam-both-gscam+gst_bridge-yuv-rtp",
  "duration_s": 30,
  "warmup_frames": 60,
  "expected_after_warmup": 840,
  "stream": {
    "count": 837,
    "expected": 840,
    "frame_loss": 0.0035714285714285587,
    "fps_effective": 29.99846346183632,
    "mean_ms": 20.268771770046584,
    "stddev_ms": 0.6170007738532439,
    "p50_ms": 20.200707571719228,
    "p95_ms": 21.188122971719224,
    "p99_ms": 22.995738691719225,
    "max_ms": 23.889024571719226,
    "p50_ms_raw": 20.835661,
    "p95_ms_raw": 21.823076399999998,
    "p99_ms_raw": 23.63069212,
    "mean_ms_raw": 20.903725198327358,
    "max_ms_raw": 24.523978,
    "producer_encode_mean_ms": 0.6349534282807731,
    "first_id": 145,
    "last_id": 981,
    "gap_count": 0,
    "seen": 897,
    "decoded": 897,
    "decoded_ratio": 1.0
  },
  "ros_raw": {
    "count": 846,
    "expected": 840,
    "frame_loss": 0.0,
    "fps_effective": 30.000273585098487,
    "mean_ms": 9.979913972428445,
    "stddev_ms": 0.27478269185127385,
    "p50_ms": 9.938802071719227,
    "p95_ms": 10.323727321719225,
    "p99_ms": 10.895772821719223,
    "max_ms": 13.055963571719227,
    "p50_ms_raw": 10.5737555,
    "p95_ms_raw": 10.95868075,
    "p99_ms_raw": 11.530726249999997,
    "mean_ms_raw": 10.614867400709219,
    "max_ms_raw": 13.690917,
    "producer_encode_mean_ms": 0.6349534282807731,
    "first_id": 136,
    "last_id": 981,
    "gap_count": 0,
    "seen": 906,
    "decoded": 906,
    "decoded_ratio": 1.0
  },
  "ros_jpeg": {
    "count": 0,
    "expected": 840,
    "frame_loss": null,
    "fps_effective": null,
    "mean_ms": null,
    "stddev_ms": null,
    "p50_ms": null,
    "p95_ms": null,
    "p99_ms": null,
    "max_ms": null,
    "p50_ms_raw": null,
    "p95_ms_raw": null,
    "p99_ms_raw": null,
    "mean_ms_raw": null,
    "max_ms_raw": null,
    "producer_encode_mean_ms": 0.6349534282807731,
    "first_id": null,
    "last_id": null,
    "gap_count": null,
    "seen": null,
    "decoded": null,
    "decoded_ratio": null
  },
  "cpu_stack": {
    "ros2": {
      "mean_pct": 0.0,
      "p95_pct": 0.0,
      "n": 56
    },
    "gscam_node": {
      "mean_pct": 25.857142857142858,
      "p95_pct": 28.0,
      "n": 56
    },
    "gst-launch-1.0": {
      "mean_pct": 21.25,
      "p95_pct": 22.0,
      "n": 56
    },
    "_total": {
      "mean_pct": 47.107142857142854,
      "p95_pct": 50.0,
      "n": 56
    }
  },
  "producer": {
    "frames_produced": 983,
    "underruns": 0,
    "underrun_total_late_ms": 0,
    "base_video_frames": 1439,
    "base_video_catch_up_reuses": 0,
    "encode_count": 983,
    "encode_total_ns": 624159220,
    "encode_max_ns": 3006904
  }
}