{
  "scenario": "cam-both-rcs-mjpeg-decoded-rtp",
  "duration_s": 30,
  "warmup_frames": 60,
  "expected_after_warmup": 840,
  "stream": {
    "count": 819,
    "expected": 840,
    "frame_loss": 0.025000000000000022,
    "fps_effective": 30.002259322705726,
    "mean_ms": 9.069654108321899,
    "stddev_ms": 0.5690067039710779,
    "p50_ms": 9.04244780062959,
    "p95_ms": 9.905880900629588,
    "p99_ms": 10.878782780629585,
    "max_ms": 11.82228280062959,
    "p50_ms_raw": 12.346267,
    "p95_ms_raw": 13.209700099999997,
    "p99_ms_raw": 14.182601979999994,
    "mean_ms_raw": 12.373473307692308,
    "max_ms_raw": 15.126102,
    "producer_encode_mean_ms": 3.3038191993704094,
    "first_id": 133,
    "last_id": 951,
    "gap_count": 0,
    "seen": 879,
    "decoded": 879,
    "decoded_ratio": 1.0
  },
  "ros_raw": {
    "count": 820,
    "expected": 840,
    "frame_loss": 0.023809523809523836,
    "fps_effective": 30.00711140071912,
    "mean_ms": 8.998629965263737,
    "stddev_ms": 0.8993143957602551,
    "p50_ms": 8.874240300629591,
    "p95_ms": 9.49395240062959,
    "p99_ms": 14.45182913062959,
    "max_ms": 17.82728280062959,
    "p50_ms_raw": 12.1780595,
    "p95_ms_raw": 12.797771599999999,
    "p99_ms_raw": 17.75564833,
    "mean_ms_raw": 12.302449164634146,
    "max_ms_raw": 21.131102,
    "producer_encode_mean_ms": 3.3038191993704094,
    "first_id": 132,
    "last_id": 951,
    "gap_count": 0,
    "seen": 880,
    "decoded": 880,
    "decoded_ratio": 1.0
  },
  "ros_jpeg": {
    "count": 0,
    "expected": 840,
    "frame_loss": null,
    "fps_effective": null,
    "mean_ms": null,
    "stddev_ms": null,
    "p50_ms": null,
    "p95_ms": null,
    "p99_ms": null,
    "max_ms": null,
    "p50_ms_raw": null,
    "p95_ms_raw": null,
    "p99_ms_raw": null,
    "mean_ms_raw": null,
    "max_ms_raw": null,
    "producer_encode_mean_ms": 3.3038191993704094,
    "first_id": null,
    "last_id": null,
    "gap_count": null,
    "seen": null,
    "decoded": null,
    "decoded_ratio": null
  },
  "cpu_stack": {
    "ros2": {
      "mean_pct": 0.0,
      "p95_pct": 0.0,
      "n": 56
    },
    "camera_server_s": {
      "mean_pct": 21.642857142857142,
      "p95_pct": 24.5,
      "n": 56
    },
    "_total": {
      "mean_pct": 21.642857142857142,
      "p95_pct": 24.5,
      "n": 56
    }
  },
  "producer": {
    "frames_produced": 953,
    "underruns": 0,
    "underrun_total_late_ms": 0,
    "base_video_frames": 1439,
    "base_video_catch_up_reuses": 0,
    "encode_count": 953,
    "encode_total_ns": 3148539697,
    "encode_max_ns": 7705652
  }
}