{
  "scenario": "cam-both-rcs-mjpeg-decoded-rtp",
  "duration_s": 15,
  "warmup_frames": 60,
  "expected_after_warmup": 390,
  "stream": {
    "count": 331,
    "expected": 390,
    "frame_loss": 0.1512820512820513,
    "fps_effective": 29.99921490418275,
    "mean_ms": 5.772026038241547,
    "stddev_ms": 0.3266121146041037,
    "p50_ms": 5.78225157298475,
    "p95_ms": 6.282562072984749,
    "p99_ms": 6.476096972984749,
    "max_ms": 6.882112572984749,
    "p50_ms_raw": 7.411578,
    "p95_ms_raw": 7.9118885,
    "p99_ms_raw": 8.1054234,
    "mean_ms_raw": 7.401352465256798,
    "max_ms_raw": 8.511439,
    "producer_encode_mean_ms": 1.6293264270152505,
    "first_id": 128,
    "last_id": 458,
    "gap_count": 0,
    "seen": 391,
    "decoded": 391,
    "decoded_ratio": 1.0
  },
  "ros_raw": {
    "count": 331,
    "expected": 390,
    "frame_loss": 0.1512820512820513,
    "fps_effective": 30.00099097909721,
    "mean_ms": 4.701746651534598,
    "stddev_ms": 0.6068797036181416,
    "p50_ms": 4.591276572984749,
    "p95_ms": 5.33585207298475,
    "p99_ms": 7.5291095729847495,
    "max_ms": 9.540315572984749,
    "p50_ms_raw": 6.220603,
    "p95_ms_raw": 6.9651785,
    "p99_ms_raw": 9.158436,
    "mean_ms_raw": 6.331073078549848,
    "max_ms_raw": 11.169642,
    "producer_encode_mean_ms": 1.6293264270152505,
    "first_id": 128,
    "last_id": 458,
    "gap_count": 0,
    "seen": 391,
    "decoded": 391,
    "decoded_ratio": 1.0
  },
  "ros_jpeg": {
    "count": 0,
    "expected": 390,
    "frame_loss": null,
    "fps_effective": null,
    "mean_ms": null,
    "stddev_ms": null,
    "p50_ms": null,
    "p95_ms": null,
    "p99_ms": null,
    "max_ms": null,
    "p50_ms_raw": null,
    "p95_ms_raw": null,
    "p99_ms_raw": null,
    "mean_ms_raw": null,
    "max_ms_raw": null,
    "producer_encode_mean_ms": 1.6293264270152505,
    "first_id": null,
    "last_id": null,
    "gap_count": null,
    "seen": null,
    "decoded": null,
    "decoded_ratio": null
  },
  "cpu_stack": {
    "ros2": {
      "mean_pct": 0.0,
      "p95_pct": 0.0,
      "n": 26
    },
    "camera_server_s": {
      "mean_pct": 15.0,
      "p95_pct": 16.0,
      "n": 26
    },
    "_total": {
      "mean_pct": 15.0,
      "p95_pct": 16.0,
      "n": 26
    }
  },
  "producer": {
    "frames_produced": 459,
    "underruns": 0,
    "underrun_total_late_ms": 0,
    "base_video_frames": 1100,
    "base_video_catch_up_reuses": 0,
    "encode_count": 459,
    "encode_total_ns": 747860830,
    "encode_max_ns": 2840569
  }
}