{
  "scenario": "cam-both-rcs-yuv-rtp",
  "duration_s": 15,
  "warmup_frames": 60,
  "expected_after_warmup": 390,
  "stream": {
    "count": 332,
    "expected": 390,
    "frame_loss": 0.14871794871794874,
    "fps_effective": 30.000933580108892,
    "mean_ms": 5.237300459769054,
    "stddev_ms": 0.3806389084327696,
    "p50_ms": 5.227144730853391,
    "p95_ms": 5.702544480853391,
    "p99_ms": 6.499802140853391,
    "max_ms": 8.403823730853391,
    "p50_ms_raw": 5.477542,
    "p95_ms_raw": 5.95294175,
    "p99_ms_raw": 6.75019941,
    "mean_ms_raw": 5.487697728915663,
    "max_ms_raw": 8.654221,
    "producer_encode_mean_ms": 0.2503972691466083,
    "first_id": 125,
    "last_id": 456,
    "gap_count": 0,
    "seen": 392,
    "decoded": 392,
    "decoded_ratio": 1.0
  },
  "ros_raw": {
    "count": 332,
    "expected": 390,
    "frame_loss": 0.14871794871794874,
    "fps_effective": 29.999162369007507,
    "mean_ms": 3.127012902540139,
    "stddev_ms": 0.46979069629237136,
    "p50_ms": 3.0350232308533913,
    "p95_ms": 3.4495753808533918,
    "p99_ms": 5.262366630853391,
    "max_ms": 7.481094730853392,
    "p50_ms_raw": 3.2854205,
    "p95_ms_raw": 3.69997265,
    "p99_ms_raw": 5.5127638999999995,
    "mean_ms_raw": 3.3774101716867473,
    "max_ms_raw": 7.731492,
    "producer_encode_mean_ms": 0.2503972691466083,
    "first_id": 125,
    "last_id": 456,
    "gap_count": 0,
    "seen": 392,
    "decoded": 392,
    "decoded_ratio": 1.0
  },
  "ros_jpeg": {
    "count": 0,
    "expected": 390,
    "frame_loss": null,
    "fps_effective": null,
    "mean_ms": null,
    "stddev_ms": null,
    "p50_ms": null,
    "p95_ms": null,
    "p99_ms": null,
    "max_ms": null,
    "p50_ms_raw": null,
    "p95_ms_raw": null,
    "p99_ms_raw": null,
    "mean_ms_raw": null,
    "max_ms_raw": null,
    "producer_encode_mean_ms": 0.2503972691466083,
    "first_id": null,
    "last_id": null,
    "gap_count": null,
    "seen": null,
    "decoded": null,
    "decoded_ratio": null
  },
  "cpu_stack": {
    "ros2": {
      "mean_pct": 0.0,
      "p95_pct": 0.0,
      "n": 26
    },
    "camera_server_s": {
      "mean_pct": 12.923076923076923,
      "p95_pct": 14.0,
      "n": 26
    },
    "_total": {
      "mean_pct": 12.923076923076923,
      "p95_pct": 14.0,
      "n": 26
    }
  },
  "producer": {
    "frames_produced": 457,
    "underruns": 0,
    "underrun_total_late_ms": 0,
    "base_video_frames": 1100,
    "base_video_catch_up_reuses": 0,
    "encode_count": 457,
    "encode_total_ns": 114431552,
    "encode_max_ns": 789536
  }
}