{
  "scenario": "cam-both-rcs-yuv-rtp",
  "duration_s": 30,
  "warmup_frames": 60,
  "expected_after_warmup": 840,
  "stream": {
    "count": 819,
    "expected": 840,
    "frame_loss": 0.025000000000000022,
    "fps_effective": 29.99892737001513,
    "mean_ms": 10.60809584468685,
    "stddev_ms": 0.7729813632975086,
    "p50_ms": 10.520022105981113,
    "p95_ms": 12.350576805981111,
    "p99_ms": 13.641809645981107,
    "max_ms": 14.908460105981113,
    "p50_ms_raw": 11.168438,
    "p95_ms_raw": 12.998992699999999,
    "p99_ms_raw": 14.290225539999994,
    "mean_ms_raw": 11.256511738705738,
    "max_ms_raw": 15.556876,
    "producer_encode_mean_ms": 0.6484158940188878,
    "first_id": 134,
    "last_id": 952,
    "gap_count": 0,
    "seen": 879,
    "decoded": 879,
    "decoded_ratio": 1.0
  },
  "ros_raw": {
    "count": 819,
    "expected": 840,
    "frame_loss": 0.025000000000000022,
    "fps_effective": 30.000120439481073,
    "mean_ms": 8.936302897189904,
    "stddev_ms": 0.5224024340056029,
    "p50_ms": 8.855838105981112,
    "p95_ms": 9.294413905981113,
    "p99_ms": 10.560943365981112,
    "max_ms": 15.199698105981113,
    "p50_ms_raw": 9.504254,
    "p95_ms_raw": 9.9428298,
    "p99_ms_raw": 11.20935926,
    "mean_ms_raw": 9.584718791208791,
    "max_ms_raw": 15.848114,
    "producer_encode_mean_ms": 0.6484158940188878,
    "first_id": 134,
    "last_id": 952,
    "gap_count": 0,
    "seen": 879,
    "decoded": 879,
    "decoded_ratio": 1.0
  },
  "ros_jpeg": {
    "count": 0,
    "expected": 840,
    "frame_loss": null,
    "fps_effective": null,
    "mean_ms": null,
    "stddev_ms": null,
    "p50_ms": null,
    "p95_ms": null,
    "p99_ms": null,
    "max_ms": null,
    "p50_ms_raw": null,
    "p95_ms_raw": null,
    "p99_ms_raw": null,
    "mean_ms_raw": null,
    "max_ms_raw": null,
    "producer_encode_mean_ms": 0.6484158940188878,
    "first_id": null,
    "last_id": null,
    "gap_count": null,
    "seen": null,
    "decoded": null,
    "decoded_ratio": null
  },
  "cpu_stack": {
    "ros2": {
      "mean_pct": 0.0,
      "p95_pct": 0.0,
      "n": 56
    },
    "camera_server_s": {
      "mean_pct": 33.67857142857143,
      "p95_pct": 36.0,
      "n": 56
    },
    "_total": {
      "mean_pct": 33.67857142857143,
      "p95_pct": 36.0,
      "n": 56
    }
  },
  "producer": {
    "frames_produced": 953,
    "underruns": 0,
    "underrun_total_late_ms": 0,
    "base_video_frames": 1439,
    "base_video_catch_up_reuses": 0,
    "encode_count": 953,
    "encode_total_ns": 617940347,
    "encode_max_ns": 2595699
  }
}