{
  "scenario": "cam-both-rcs-yuv-rtp",
  "duration_s": 30,
  "warmup_frames": 60,
  "expected_after_warmup": 840,
  "stream": {
    "count": 818,
    "expected": 840,
    "frame_loss": 0.02619047619047621,
    "fps_effective": 29.99908905287586,
    "mean_ms": 10.387452880471397,
    "stddev_ms": 0.56113328549577,
    "p50_ms": 10.269698572402937,
    "p95_ms": 11.130690722402937,
    "p99_ms": 12.73940423240294,
    "max_ms": 13.359629072402939,
    "p50_ms_raw": 10.890124499999999,
    "p95_ms_raw": 11.751116649999998,
    "p99_ms_raw": 13.359830160000001,
    "mean_ms_raw": 11.007878808068458,
    "max_ms_raw": 13.980055,
    "producer_encode_mean_ms": 0.6204259275970619,
    "first_id": 135,
    "last_id": 952,
    "gap_count": 0,
    "seen": 878,
    "decoded": 878,
    "decoded_ratio": 1.0
  },
  "ros_raw": {
    "count": 818,
    "expected": 840,
    "frame_loss": 0.02619047619047621,
    "fps_effective": 30.000593698162728,
    "mean_ms": 8.925566902476287,
    "stddev_ms": 0.5269594333256189,
    "p50_ms": 8.847365072402939,
    "p95_ms": 9.288689972402938,
    "p99_ms": 11.431688452402947,
    "max_ms": 14.540999072402938,
    "p50_ms_raw": 9.467791,
    "p95_ms_raw": 9.9091159,
    "p99_ms_raw": 12.052114380000008,
    "mean_ms_raw": 9.545992830073349,
    "max_ms_raw": 15.161425,
    "producer_encode_mean_ms": 0.6204259275970619,
    "first_id": 135,
    "last_id": 952,
    "gap_count": 0,
    "seen": 878,
    "decoded": 878,
    "decoded_ratio": 1.0
  },
  "ros_jpeg": {
    "count": 0,
    "expected": 840,
    "frame_loss": null,
    "fps_effective": null,
    "mean_ms": null,
    "stddev_ms": null,
    "p50_ms": null,
    "p95_ms": null,
    "p99_ms": null,
    "max_ms": null,
    "p50_ms_raw": null,
    "p95_ms_raw": null,
    "p99_ms_raw": null,
    "mean_ms_raw": null,
    "max_ms_raw": null,
    "producer_encode_mean_ms": 0.6204259275970619,
    "first_id": null,
    "last_id": null,
    "gap_count": null,
    "seen": null,
    "decoded": null,
    "decoded_ratio": null
  },
  "cpu_stack": {
    "ros2": {
      "mean_pct": 0.0,
      "p95_pct": 0.0,
      "n": 56
    },
    "camera_server_s": {
      "mean_pct": 32.642857142857146,
      "p95_pct": 34.0,
      "n": 56
    },
    "_total": {
      "mean_pct": 32.642857142857146,
      "p95_pct": 34.0,
      "n": 56
    }
  },
  "producer": {
    "frames_produced": 953,
    "underruns": 0,
    "underrun_total_late_ms": 0,
    "base_video_frames": 1440,
    "base_video_catch_up_reuses": 0,
    "encode_count": 953,
    "encode_total_ns": 591265909,
    "encode_max_ns": 2770011
  }
}