{
  "scenario": "cam-both-rcs-yuv-rtp",
  "duration_s": 15,
  "warmup_frames": 60,
  "expected_after_warmup": 390,
  "stream": {
    "count": 331,
    "expected": 390,
    "frame_loss": 0.1512820512820513,
    "fps_effective": 29.999606803335336,
    "mean_ms": 5.18865416184343,
    "stddev_ms": 0.36204225836157433,
    "p50_ms": 5.165249675438597,
    "p95_ms": 5.781580175438597,
    "p99_ms": 6.356233275438596,
    "max_ms": 7.052253675438597,
    "p50_ms_raw": 5.413749,
    "p95_ms_raw": 6.0300795,
    "p99_ms_raw": 6.604732599999999,
    "mean_ms_raw": 5.437153486404833,
    "max_ms_raw": 7.300753,
    "producer_encode_mean_ms": 0.2484993245614035,
    "first_id": 125,
    "last_id": 455,
    "gap_count": 0,
    "seen": 391,
    "decoded": 391,
    "decoded_ratio": 1.0
  },
  "ros_raw": {
    "count": 331,
    "expected": 390,
    "frame_loss": 0.1512820512820513,
    "fps_effective": 30.001098051098158,
    "mean_ms": 3.076182826495999,
    "stddev_ms": 0.33938503097674916,
    "p50_ms": 3.023369675438597,
    "p95_ms": 3.3543691754385963,
    "p99_ms": 4.8635732754385925,
    "max_ms": 5.882563675438597,
    "p50_ms_raw": 3.271869,
    "p95_ms_raw": 3.6028684999999996,
    "p99_ms_raw": 5.112072599999996,
    "mean_ms_raw": 3.3246821510574023,
    "max_ms_raw": 6.131063,
    "producer_encode_mean_ms": 0.2484993245614035,
    "first_id": 125,
    "last_id": 455,
    "gap_count": 0,
    "seen": 391,
    "decoded": 391,
    "decoded_ratio": 1.0
  },
  "ros_jpeg": {
    "count": 0,
    "expected": 390,
    "frame_loss": null,
    "fps_effective": null,
    "mean_ms": null,
    "stddev_ms": null,
    "p50_ms": null,
    "p95_ms": null,
    "p99_ms": null,
    "max_ms": null,
    "p50_ms_raw": null,
    "p95_ms_raw": null,
    "p99_ms_raw": null,
    "mean_ms_raw": null,
    "max_ms_raw": null,
    "producer_encode_mean_ms": 0.2484993245614035,
    "first_id": null,
    "last_id": null,
    "gap_count": null,
    "seen": null,
    "decoded": null,
    "decoded_ratio": null
  },
  "cpu_stack": {
    "ros2": {
      "mean_pct": 0.0,
      "p95_pct": 0.0,
      "n": 26
    },
    "camera_server_s": {
      "mean_pct": 13.076923076923077,
      "p95_pct": 14.0,
      "n": 26
    },
    "_total": {
      "mean_pct": 13.076923076923077,
      "p95_pct": 14.0,
      "n": 26
    }
  },
  "producer": {
    "frames_produced": 456,
    "underruns": 0,
    "underrun_total_late_ms": 0,
    "base_video_frames": 1100,
    "base_video_catch_up_reuses": 0,
    "encode_count": 456,
    "encode_total_ns": 113315692,
    "encode_max_ns": 742897
  }
}