{
  "scenario": "cam-both-rcs-mjpeg-decoded-rtp",
  "duration_s": 30,
  "warmup_frames": 60,
  "expected_after_warmup": 840,
  "stream": {
    "count": 816,
    "expected": 840,
    "frame_loss": 0.02857142857142858,
    "fps_effective": 29.997094545465202,
    "mean_ms": 9.092903699229693,
    "stddev_ms": 0.5874449272919121,
    "p50_ms": 9.08034737815126,
    "p95_ms": 9.92904862815126,
    "p99_ms": 10.949749728151266,
    "max_ms": 11.84763737815126,
    "p50_ms_raw": 12.425512,
    "p95_ms_raw": 13.27421325,
    "p99_ms_raw": 14.294914350000006,
    "mean_ms_raw": 12.438068321078433,
    "max_ms_raw": 15.192802,
    "producer_encode_mean_ms": 3.3451646218487396,
    "first_id": 136,
    "last_id": 951,
    "gap_count": 0,
    "seen": 876,
    "decoded": 876,
    "decoded_ratio": 1.0
  },
  "ros_raw": {
    "count": 816,
    "expected": 840,
    "frame_loss": 0.02857142857142858,
    "fps_effective": 29.998974384757336,
    "mean_ms": 8.916511264180672,
    "stddev_ms": 0.5238821912927039,
    "p50_ms": 8.835173878151261,
    "p95_ms": 9.43116687815126,
    "p99_ms": 10.895492278151261,
    "max_ms": 14.73509637815126,
    "p50_ms_raw": 12.180338500000001,
    "p95_ms_raw": 12.7763315,
    "p99_ms_raw": 14.240656900000001,
    "mean_ms_raw": 12.261675886029412,
    "max_ms_raw": 18.080261,
    "producer_encode_mean_ms": 3.3451646218487396,
    "first_id": 136,
    "last_id": 951,
    "gap_count": 0,
    "seen": 876,
    "decoded": 876,
    "decoded_ratio": 1.0
  },
  "ros_jpeg": {
    "count": 0,
    "expected": 840,
    "frame_loss": null,
    "fps_effective": null,
    "mean_ms": null,
    "stddev_ms": null,
    "p50_ms": null,
    "p95_ms": null,
    "p99_ms": null,
    "max_ms": null,
    "p50_ms_raw": null,
    "p95_ms_raw": null,
    "p99_ms_raw": null,
    "mean_ms_raw": null,
    "max_ms_raw": null,
    "producer_encode_mean_ms": 3.3451646218487396,
    "first_id": null,
    "last_id": null,
    "gap_count": null,
    "seen": null,
    "decoded": null,
    "decoded_ratio": null
  },
  "cpu_stack": {
    "ros2": {
      "mean_pct": 0.0,
      "p95_pct": 0.0,
      "n": 56
    },
    "camera_server_s": {
      "mean_pct": 21.357142857142858,
      "p95_pct": 25.0,
      "n": 56
    },
    "_total": {
      "mean_pct": 21.357142857142858,
      "p95_pct": 25.0,
      "n": 56
    }
  },
  "producer": {
    "frames_produced": 952,
    "underruns": 0,
    "underrun_total_late_ms": 0,
    "base_video_frames": 1439,
    "base_video_catch_up_reuses": 0,
    "encode_count": 952,
    "encode_total_ns": 3184596720,
    "encode_max_ns": 7887664
  }
}