{
  "scenario": "cam-both-rcs-mjpeg-decoded-rtp",
  "duration_s": 15,
  "warmup_frames": 60,
  "expected_after_warmup": 390,
  "stream": {
    "count": 330,
    "expected": 390,
    "frame_loss": 0.15384615384615385,
    "fps_effective": 29.997635901814878,
    "mean_ms": 5.7540183792236075,
    "stddev_ms": 0.39709233788546816,
    "p50_ms": 5.7586968671023975,
    "p95_ms": 6.380900967102397,
    "p99_ms": 6.586722577102396,
    "max_ms": 7.044814867102398,
    "p50_ms_raw": 7.403605000000001,
    "p95_ms_raw": 8.0258091,
    "p99_ms_raw": 8.23163071,
    "mean_ms_raw": 7.3989265121212116,
    "max_ms_raw": 8.689723,
    "producer_encode_mean_ms": 1.6449081328976036,
    "first_id": 129,
    "last_id": 458,
    "gap_count": 0,
    "seen": 390,
    "decoded": 390,
    "decoded_ratio": 1.0
  },
  "ros_raw": {
    "count": 330,
    "expected": 390,
    "frame_loss": 0.15384615384615385,
    "fps_effective": 29.999256215401463,
    "mean_ms": 4.768132651950882,
    "stddev_ms": 0.6621940308364394,
    "p50_ms": 4.615054867102396,
    "p95_ms": 6.3558283171024,
    "p99_ms": 7.404589537102394,
    "max_ms": 8.563288867102397,
    "p50_ms_raw": 6.259963,
    "p95_ms_raw": 8.000736450000003,
    "p99_ms_raw": 9.049497669999997,
    "mean_ms_raw": 6.413040784848485,
    "max_ms_raw": 10.208197,
    "producer_encode_mean_ms": 1.6449081328976036,
    "first_id": 129,
    "last_id": 458,
    "gap_count": 0,
    "seen": 390,
    "decoded": 390,
    "decoded_ratio": 1.0
  },
  "ros_jpeg": {
    "count": 0,
    "expected": 390,
    "frame_loss": null,
    "fps_effective": null,
    "mean_ms": null,
    "stddev_ms": null,
    "p50_ms": null,
    "p95_ms": null,
    "p99_ms": null,
    "max_ms": null,
    "p50_ms_raw": null,
    "p95_ms_raw": null,
    "p99_ms_raw": null,
    "mean_ms_raw": null,
    "max_ms_raw": null,
    "producer_encode_mean_ms": 1.6449081328976036,
    "first_id": null,
    "last_id": null,
    "gap_count": null,
    "seen": null,
    "decoded": null,
    "decoded_ratio": null
  },
  "cpu_stack": {
    "ros2": {
      "mean_pct": 0.0,
      "p95_pct": 0.0,
      "n": 26
    },
    "camera_server_s": {
      "mean_pct": 15.23076923076923,
      "p95_pct": 19.0,
      "n": 26
    },
    "_total": {
      "mean_pct": 15.23076923076923,
      "p95_pct": 19.0,
      "n": 26
    }
  },
  "producer": {
    "frames_produced": 459,
    "underruns": 0,
    "underrun_total_late_ms": 0,
    "base_video_frames": 1100,
    "base_video_catch_up_reuses": 0,
    "encode_count": 459,
    "encode_total_ns": 755012833,
    "encode_max_ns": 2726808
  }
}