{
  "scenario": "cam-both-rcs-yuv-rtp",
  "duration_s": 30,
  "warmup_frames": 60,
  "expected_after_warmup": 840,
  "stream": {
    "count": 817,
    "expected": 840,
    "frame_loss": 0.027380952380952395,
    "fps_effective": 29.999984503684477,
    "mean_ms": 10.62283951156112,
    "stddev_ms": 0.6951165915408002,
    "p50_ms": 10.501237618048268,
    "p95_ms": 11.577100018048263,
    "p99_ms": 13.588288778048275,
    "max_ms": 15.591818618048269,
    "p50_ms_raw": 11.148864,
    "p95_ms_raw": 12.224726399999994,
    "p99_ms_raw": 14.235915160000006,
    "mean_ms_raw": 11.270465893512851,
    "max_ms_raw": 16.239445,
    "producer_encode_mean_ms": 0.6476263819517314,
    "first_id": 135,
    "last_id": 951,
    "gap_count": 0,
    "seen": 877,
    "decoded": 877,
    "decoded_ratio": 1.0
  },
  "ros_raw": {
    "count": 817,
    "expected": 840,
    "frame_loss": 0.027380952380952395,
    "fps_effective": 30.000160536153174,
    "mean_ms": 6.570477898342026,
    "stddev_ms": 0.2838910241298529,
    "p50_ms": 6.535159618048269,
    "p95_ms": 6.810929418048269,
    "p99_ms": 8.00164301804827,
    "max_ms": 10.036551618048268,
    "p50_ms_raw": 7.182786,
    "p95_ms_raw": 7.4585558,
    "p99_ms_raw": 8.649269400000001,
    "mean_ms_raw": 7.218104280293757,
    "max_ms_raw": 10.684178,
    "producer_encode_mean_ms": 0.6476263819517314,
    "first_id": 135,
    "last_id": 951,
    "gap_count": 0,
    "seen": 877,
    "decoded": 877,
    "decoded_ratio": 1.0
  },
  "ros_jpeg": {
    "count": 0,
    "expected": 840,
    "frame_loss": null,
    "fps_effective": null,
    "mean_ms": null,
    "stddev_ms": null,
    "p50_ms": null,
    "p95_ms": null,
    "p99_ms": null,
    "max_ms": null,
    "p50_ms_raw": null,
    "p95_ms_raw": null,
    "p99_ms_raw": null,
    "mean_ms_raw": null,
    "max_ms_raw": null,
    "producer_encode_mean_ms": 0.6476263819517314,
    "first_id": null,
    "last_id": null,
    "gap_count": null,
    "seen": null,
    "decoded": null,
    "decoded_ratio": null
  },
  "cpu_stack": {
    "ros2": {
      "mean_pct": 0.03571428571428571,
      "p95_pct": 0.0,
      "n": 56
    },
    "camera_server_s": {
      "mean_pct": 24.821428571428573,
      "p95_pct": 28.5,
      "n": 56
    },
    "_total": {
      "mean_pct": 24.857142857142858,
      "p95_pct": 28.5,
      "n": 56
    }
  },
  "producer": {
    "frames_produced": 953,
    "underruns": 0,
    "underrun_total_late_ms": 0,
    "base_video_frames": 1439,
    "base_video_catch_up_reuses": 0,
    "encode_count": 953,
    "encode_total_ns": 617187942,
    "encode_max_ns": 2649118
  }
}