{
  "scenario": "cam-both-rcs-yuv-rtp",
  "duration_s": 15,
  "warmup_frames": 60,
  "expected_after_warmup": 390,
  "stream": {
    "count": 332,
    "expected": 390,
    "frame_loss": 0.14871794871794874,
    "fps_effective": 30.002245005451314,
    "mean_ms": 5.183310708457462,
    "stddev_ms": 0.3237032870430125,
    "p50_ms": 5.18721517833698,
    "p95_ms": 5.62950912833698,
    "p99_ms": 6.33284035833698,
    "max_ms": 6.9960426783369805,
    "p50_ms_raw": 5.4415885,
    "p95_ms_raw": 5.88388245,
    "p99_ms_raw": 6.58721368,
    "mean_ms_raw": 5.437684030120482,
    "max_ms_raw": 7.250416,
    "producer_encode_mean_ms": 0.2543733216630197,
    "first_id": 125,
    "last_id": 456,
    "gap_count": 0,
    "seen": 392,
    "decoded": 392,
    "decoded_ratio": 1.0
  },
  "ros_raw": {
    "count": 332,
    "expected": 390,
    "frame_loss": 0.14871794871794874,
    "fps_effective": 30.000990724257523,
    "mean_ms": 3.023345265686378,
    "stddev_ms": 0.3057394881401981,
    "p50_ms": 2.9711246783369805,
    "p95_ms": 3.294142228336981,
    "p99_ms": 4.856810028336979,
    "max_ms": 5.31082767833698,
    "p50_ms_raw": 3.225498,
    "p95_ms_raw": 3.5485155500000003,
    "p99_ms_raw": 5.111183349999999,
    "mean_ms_raw": 3.2777185873493977,
    "max_ms_raw": 5.565201,
    "producer_encode_mean_ms": 0.2543733216630197,
    "first_id": 125,
    "last_id": 456,
    "gap_count": 0,
    "seen": 392,
    "decoded": 392,
    "decoded_ratio": 1.0
  },
  "ros_jpeg": {
    "count": 0,
    "expected": 390,
    "frame_loss": null,
    "fps_effective": null,
    "mean_ms": null,
    "stddev_ms": null,
    "p50_ms": null,
    "p95_ms": null,
    "p99_ms": null,
    "max_ms": null,
    "p50_ms_raw": null,
    "p95_ms_raw": null,
    "p99_ms_raw": null,
    "mean_ms_raw": null,
    "max_ms_raw": null,
    "producer_encode_mean_ms": 0.2543733216630197,
    "first_id": null,
    "last_id": null,
    "gap_count": null,
    "seen": null,
    "decoded": null,
    "decoded_ratio": null
  },
  "cpu_stack": {
    "ros2": {
      "mean_pct": 0.0,
      "p95_pct": 0.0,
      "n": 26
    },
    "camera_server_s": {
      "mean_pct": 12.615384615384615,
      "p95_pct": 14.0,
      "n": 26
    },
    "_total": {
      "mean_pct": 12.615384615384615,
      "p95_pct": 14.0,
      "n": 26
    }
  },
  "producer": {
    "frames_produced": 457,
    "underruns": 0,
    "underrun_total_late_ms": 0,
    "base_video_frames": 1100,
    "base_video_catch_up_reuses": 0,
    "encode_count": 457,
    "encode_total_ns": 116248608,
    "encode_max_ns": 819446
  }
}