{
  "scenario": "cam-both-usb_cam+rtsp_fkie-yuv-h264",
  "duration_s": 30,
  "warmup_frames": 60,
  "expected_after_warmup": 840,
  "stream": {
    "count": 836,
    "expected": 840,
    "frame_loss": 0.004761904761904745,
    "fps_effective": 30.001441594778836,
    "mean_ms": 15.779063673986,
    "stddev_ms": 0.5341886241173581,
    "p50_ms": 15.81348784982332,
    "p95_ms": 16.50595109982332,
    "p99_ms": 17.51297594982332,
    "max_ms": 20.51799484982332,
    "p50_ms_raw": 16.443168999999997,
    "p95_ms_raw": 17.13563225,
    "p99_ms_raw": 18.1426571,
    "mean_ms_raw": 16.408744824162678,
    "max_ms_raw": 21.147676,
    "producer_encode_mean_ms": 0.6296811501766785,
    "first_id": 296,
    "last_id": 1131,
    "gap_count": 0,
    "seen": 896,
    "decoded": 896,
    "decoded_ratio": 1.0
  },
  "ros_raw": {
    "count": 900,
    "expected": 840,
    "frame_loss": 0.0,
    "fps_effective": 30.007113525051107,
    "mean_ms": 7.769430692045543,
    "stddev_ms": 1.081513170457742,
    "p50_ms": 7.488944849823322,
    "p95_ms": 8.841517099823323,
    "p99_ms": 13.635029329823322,
    "max_ms": 16.48477684982332,
    "p50_ms_raw": 8.118626,
    "p95_ms_raw": 9.47119825,
    "p99_ms_raw": 14.26471048,
    "mean_ms_raw": 8.399111842222222,
    "max_ms_raw": 17.114458,
    "producer_encode_mean_ms": 0.6296811501766785,
    "first_id": 136,
    "last_id": 1035,
    "gap_count": 0,
    "seen": 960,
    "decoded": 960,
    "decoded_ratio": 1.0
  },
  "ros_jpeg": {
    "count": 0,
    "expected": 840,
    "frame_loss": null,
    "fps_effective": null,
    "mean_ms": null,
    "stddev_ms": null,
    "p50_ms": null,
    "p95_ms": null,
    "p99_ms": null,
    "max_ms": null,
    "p50_ms_raw": null,
    "p95_ms_raw": null,
    "p99_ms_raw": null,
    "mean_ms_raw": null,
    "max_ms_raw": null,
    "producer_encode_mean_ms": 0.6296811501766785,
    "first_id": null,
    "last_id": null,
    "gap_count": null,
    "seen": null,
    "decoded": null,
    "decoded_ratio": null
  },
  "cpu_stack": {
    "ros2": {
      "mean_pct": 0.0,
      "p95_pct": 0.0,
      "n": 56
    },
    "usb_cam_node_ex": {
      "mean_pct": 16.857142857142858,
      "p95_pct": 18.0,
      "n": 56
    },
    "republish": {
      "mean_pct": 13.75,
      "p95_pct": 16.0,
      "n": 56
    },
    "_total": {
      "mean_pct": 30.607142857142858,
      "p95_pct": 32.5,
      "n": 56
    }
  },
  "producer": {
    "frames_produced": 1132,
    "underruns": 0,
    "underrun_total_late_ms": 0,
    "base_video_frames": 1439,
    "base_video_catch_up_reuses": 0,
    "encode_count": 1132,
    "encode_total_ns": 712799062,
    "encode_max_ns": 2571923
  }
}