{
  "scenario": "cam-both-usb_cam+rtsp_fkie-yuv-h264",
  "duration_s": 15,
  "warmup_frames": 60,
  "expected_after_warmup": 390,
  "stream": {
    "count": 385,
    "expected": 390,
    "frame_loss": 0.012820512820512775,
    "fps_effective": 30.000191136374013,
    "mean_ms": 7.425175651948052,
    "stddev_ms": 1.0378443256039838,
    "p50_ms": 7.139481818181818,
    "p95_ms": 8.868351618181816,
    "p99_ms": 11.377727458181775,
    "max_ms": 19.39422981818182,
    "p50_ms_raw": 7.406766,
    "p95_ms_raw": 9.135635799999998,
    "p99_ms_raw": 11.645011639999957,
    "mean_ms_raw": 7.692459833766234,
    "max_ms_raw": 19.661514,
    "producer_encode_mean_ms": 0.2672841818181818,
    "first_id": 253,
    "last_id": 637,
    "gap_count": 0,
    "seen": 445,
    "decoded": 445,
    "decoded_ratio": 1.0
  },
  "ros_raw": {
    "count": 553,
    "expected": 390,
    "frame_loss": 0.0,
    "fps_effective": 30.01416745370438,
    "mean_ms": 3.9279279284892317,
    "stddev_ms": 1.4054567440074395,
    "p50_ms": 3.462617818181818,
    "p95_ms": 7.035557218181816,
    "p99_ms": 10.729469898181824,
    "max_ms": 13.298848818181819,
    "p50_ms_raw": 3.729902,
    "p95_ms_raw": 7.3028413999999975,
    "p99_ms_raw": 10.996754080000006,
    "mean_ms_raw": 4.195212110307414,
    "max_ms_raw": 13.566133,
    "producer_encode_mean_ms": 0.2672841818181818,
    "first_id": 85,
    "last_id": 637,
    "gap_count": 0,
    "seen": 613,
    "decoded": 613,
    "decoded_ratio": 1.0
  },
  "ros_jpeg": {
    "count": 0,
    "expected": 390,
    "frame_loss": null,
    "fps_effective": null,
    "mean_ms": null,
    "stddev_ms": null,
    "p50_ms": null,
    "p95_ms": null,
    "p99_ms": null,
    "max_ms": null,
    "p50_ms_raw": null,
    "p95_ms_raw": null,
    "p99_ms_raw": null,
    "mean_ms_raw": null,
    "max_ms_raw": null,
    "producer_encode_mean_ms": 0.2672841818181818,
    "first_id": null,
    "last_id": null,
    "gap_count": null,
    "seen": null,
    "decoded": null,
    "decoded_ratio": null
  },
  "cpu_stack": {
    "ros2": {
      "mean_pct": 0.0,
      "p95_pct": 0.0,
      "n": 26
    },
    "usb_cam_node_ex": {
      "mean_pct": 8.538461538461538,
      "p95_pct": 10.0,
      "n": 26
    },
    "republish": {
      "mean_pct": 6.461538461538462,
      "p95_pct": 8.0,
      "n": 26
    },
    "_total": {
      "mean_pct": 15.0,
      "p95_pct": 18.0,
      "n": 26
    }
  },
  "producer": {
    "frames_produced": 638,
    "underruns": 0,
    "underrun_total_late_ms": 0,
    "base_video_frames": 1100,
    "base_video_catch_up_reuses": 0,
    "encode_count": 638,
    "encode_total_ns": 170527308,
    "encode_max_ns": 2205850
  }
}