{
  "scenario": "cam-both-rcs-mjpeg-rtp",
  "duration_s": 15,
  "warmup_frames": 60,
  "expected_after_warmup": 390,
  "stream": {
    "count": 328,
    "expected": 390,
    "frame_loss": 0.15897435897435896,
    "fps_effective": 30.002016771349588,
    "mean_ms": 5.615385281752582,
    "stddev_ms": 0.44640984188893734,
    "p50_ms": 5.585726650655021,
    "p95_ms": 6.233177800655021,
    "p99_ms": 6.87633452065503,
    "max_ms": 8.828290650655022,
    "p50_ms_raw": 7.275646999999999,
    "p95_ms_raw": 7.9230981499999995,
    "p99_ms_raw": 8.566254870000009,
    "mean_ms_raw": 7.305305631097561,
    "max_ms_raw": 10.518211,
    "producer_encode_mean_ms": 1.6899203493449781,
    "first_id": 130,
    "last_id": 457,
    "gap_count": 0,
    "seen": 388,
    "decoded": 388,
    "decoded_ratio": 1.0
  },
  "ros_raw": {
    "count": 0,
    "expected": 390,
    "frame_loss": null,
    "fps_effective": null,
    "mean_ms": null,
    "stddev_ms": null,
    "p50_ms": null,
    "p95_ms": null,
    "p99_ms": null,
    "max_ms": null,
    "p50_ms_raw": null,
    "p95_ms_raw": null,
    "p99_ms_raw": null,
    "mean_ms_raw": null,
    "max_ms_raw": null,
    "producer_encode_mean_ms": 1.6899203493449781,
    "first_id": null,
    "last_id": null,
    "gap_count": null,
    "seen": null,
    "decoded": null,
    "decoded_ratio": null
  },
  "ros_jpeg": {
    "count": 329,
    "expected": 390,
    "frame_loss": 0.1564102564102564,
    "fps_effective": 30.003246880028172,
    "mean_ms": 1.9678243892568457,
    "stddev_ms": 0.43209264701429745,
    "p50_ms": 1.884913650655022,
    "p95_ms": 2.6570486506550215,
    "p99_ms": 3.6962671706549988,
    "max_ms": 5.761809650655023,
    "p50_ms_raw": 3.574834,
    "p95_ms_raw": 4.346969,
    "p99_ms_raw": 5.386187519999977,
    "mean_ms_raw": 3.657744738601824,
    "max_ms_raw": 7.45173,
    "producer_encode_mean_ms": 1.6899203493449781,
    "first_id": 129,
    "last_id": 457,
    "gap_count": 0,
    "seen": 389,
    "decoded": 389,
    "decoded_ratio": 1.0
  },
  "cpu_stack": {
    "ros2": {
      "mean_pct": 0.07692307692307693,
      "p95_pct": 0.0,
      "n": 26
    },
    "camera_server_s": {
      "mean_pct": 6.3076923076923075,
      "p95_pct": 13.5,
      "n": 26
    },
    "_total": {
      "mean_pct": 6.384615384615385,
      "p95_pct": 14.0,
      "n": 26
    }
  },
  "producer": {
    "frames_produced": 458,
    "underruns": 0,
    "underrun_total_late_ms": 0,
    "base_video_frames": 1100,
    "base_video_catch_up_reuses": 0,
    "encode_count": 458,
    "encode_total_ns": 773983520,
    "encode_max_ns": 4034185
  }
}