{
  "scenario": "cam-both-rcs-mjpeg-rtp",
  "duration_s": 30,
  "warmup_frames": 60,
  "expected_after_warmup": 840,
  "stream": {
    "count": 824,
    "expected": 840,
    "frame_loss": 0.01904761904761909,
    "fps_effective": 29.999093502483216,
    "mean_ms": 8.866951267612386,
    "stddev_ms": 0.5145329830890303,
    "p50_ms": 8.819011206932773,
    "p95_ms": 9.646544306932771,
    "p99_ms": 10.573037146932771,
    "max_ms": 11.365527706932772,
    "p50_ms_raw": 12.1371675,
    "p95_ms_raw": 12.964700599999999,
    "p99_ms_raw": 13.891193439999999,
    "mean_ms_raw": 12.185107560679613,
    "max_ms_raw": 14.683684,
    "producer_encode_mean_ms": 3.318156293067227,
    "first_id": 128,
    "last_id": 951,
    "gap_count": 0,
    "seen": 884,
    "decoded": 884,
    "decoded_ratio": 1.0
  },
  "ros_raw": {
    "count": 0,
    "expected": 840,
    "frame_loss": null,
    "fps_effective": null,
    "mean_ms": null,
    "stddev_ms": null,
    "p50_ms": null,
    "p95_ms": null,
    "p99_ms": null,
    "max_ms": null,
    "p50_ms_raw": null,
    "p95_ms_raw": null,
    "p99_ms_raw": null,
    "mean_ms_raw": null,
    "max_ms_raw": null,
    "producer_encode_mean_ms": 3.318156293067227,
    "first_id": null,
    "last_id": null,
    "gap_count": null,
    "seen": null,
    "decoded": null,
    "decoded_ratio": null
  },
  "ros_jpeg": {
    "count": 824,
    "expected": 840,
    "frame_loss": 0.01904761904761909,
    "fps_effective": 29.999645445016604,
    "mean_ms": 2.6316909472240346,
    "stddev_ms": 0.3543938795535554,
    "p50_ms": 2.5949072069327728,
    "p95_ms": 3.2135483069327724,
    "p99_ms": 4.020281246932772,
    "max_ms": 4.405188706932773,
    "p50_ms_raw": 5.9130635,
    "p95_ms_raw": 6.531704599999999,
    "p99_ms_raw": 7.338437539999999,
    "mean_ms_raw": 5.949847240291262,
    "max_ms_raw": 7.723345,
    "producer_encode_mean_ms": 3.318156293067227,
    "first_id": 128,
    "last_id": 951,
    "gap_count": 0,
    "seen": 884,
    "decoded": 884,
    "decoded_ratio": 1.0
  },
  "cpu_stack": {
    "ros2": {
      "mean_pct": 0.0,
      "p95_pct": 0.0,
      "n": 56
    },
    "camera_server_s": {
      "mean_pct": 3.642857142857143,
      "p95_pct": 6.0,
      "n": 56
    },
    "_total": {
      "mean_pct": 3.642857142857143,
      "p95_pct": 6.0,
      "n": 56
    }
  },
  "producer": {
    "frames_produced": 952,
    "underruns": 0,
    "underrun_total_late_ms": 0,
    "base_video_frames": 1439,
    "base_video_catch_up_reuses": 0,
    "encode_count": 952,
    "encode_total_ns": 3158884791,
    "encode_max_ns": 11563785
  }
}