{
  "scenario": "cam-both-usb_cam+gst_bridge-yuv-rtp",
  "duration_s": 30,
  "warmup_frames": 60,
  "expected_after_warmup": 840,
  "stream": {
    "count": 838,
    "expected": 840,
    "frame_loss": 0.0023809523809523725,
    "fps_effective": 29.99884909254172,
    "mean_ms": 17.566470135206995,
    "stddev_ms": 0.6515272202690917,
    "p50_ms": 17.493641379837065,
    "p95_ms": 18.464119479837066,
    "p99_ms": 20.578288599837066,
    "max_ms": 22.213586879837067,
    "p50_ms_raw": 18.1271675,
    "p95_ms_raw": 19.0976456,
    "p99_ms_raw": 21.21181472,
    "mean_ms_raw": 18.19999625536993,
    "max_ms_raw": 22.847113,
    "producer_encode_mean_ms": 0.6335261201629327,
    "first_id": 144,
    "last_id": 981,
    "gap_count": 0,
    "seen": 898,
    "decoded": 898,
    "decoded_ratio": 1.0
  },
  "ros_raw": {
    "count": 847,
    "expected": 840,
    "frame_loss": 0.0,
    "fps_effective": 30.000494073030424,
    "mean_ms": 7.522497784205426,
    "stddev_ms": 0.29002894466062423,
    "p50_ms": 7.4956238798370665,
    "p95_ms": 7.848818979837067,
    "p99_ms": 8.288534019837066,
    "max_ms": 11.912905879837066,
    "p50_ms_raw": 8.12915,
    "p95_ms_raw": 8.4823451,
    "p99_ms_raw": 8.92206014,
    "mean_ms_raw": 8.15602390436836,
    "max_ms_raw": 12.546432,
    "producer_encode_mean_ms": 0.6335261201629327,
    "first_id": 135,
    "last_id": 981,
    "gap_count": 0,
    "seen": 907,
    "decoded": 907,
    "decoded_ratio": 1.0
  },
  "ros_jpeg": {
    "count": 0,
    "expected": 840,
    "frame_loss": null,
    "fps_effective": null,
    "mean_ms": null,
    "stddev_ms": null,
    "p50_ms": null,
    "p95_ms": null,
    "p99_ms": null,
    "max_ms": null,
    "p50_ms_raw": null,
    "p95_ms_raw": null,
    "p99_ms_raw": null,
    "mean_ms_raw": null,
    "max_ms_raw": null,
    "producer_encode_mean_ms": 0.6335261201629327,
    "first_id": null,
    "last_id": null,
    "gap_count": null,
    "seen": null,
    "decoded": null,
    "decoded_ratio": null
  },
  "cpu_stack": {
    "ros2": {
      "mean_pct": 0.0,
      "p95_pct": 0.0,
      "n": 56
    },
    "usb_cam_node_ex": {
      "mean_pct": 17.357142857142858,
      "p95_pct": 18.0,
      "n": 56
    },
    "gst-launch-1.0": {
      "mean_pct": 20.928571428571427,
      "p95_pct": 22.0,
      "n": 56
    },
    "_total": {
      "mean_pct": 38.285714285714285,
      "p95_pct": 40.5,
      "n": 56
    }
  },
  "producer": {
    "frames_produced": 982,
    "underruns": 0,
    "underrun_total_late_ms": 0,
    "base_video_frames": 1440,
    "base_video_catch_up_reuses": 0,
    "encode_count": 982,
    "encode_total_ns": 622122650,
    "encode_max_ns": 1723130
  }
}