{
  "scenario": "cam-both-rcs-mjpeg-rtp",
  "duration_s": 15,
  "warmup_frames": 60,
  "expected_after_warmup": 390,
  "stream": {
    "count": 329,
    "expected": 390,
    "frame_loss": 0.1564102564102564,
    "fps_effective": 29.997991346388893,
    "mean_ms": 5.771320584109766,
    "stddev_ms": 0.44059832963040513,
    "p50_ms": 5.753307775599129,
    "p95_ms": 6.377403375599128,
    "p99_ms": 7.0897829355991195,
    "max_ms": 8.504131775599129,
    "p50_ms_raw": 7.407403,
    "p95_ms_raw": 8.031498599999999,
    "p99_ms_raw": 8.74387815999999,
    "mean_ms_raw": 7.425415808510638,
    "max_ms_raw": 10.158227,
    "producer_encode_mean_ms": 1.6540952244008715,
    "first_id": 130,
    "last_id": 458,
    "gap_count": 0,
    "seen": 389,
    "decoded": 389,
    "decoded_ratio": 1.0
  },
  "ros_raw": {
    "count": 0,
    "expected": 390,
    "frame_loss": null,
    "fps_effective": null,
    "mean_ms": null,
    "stddev_ms": null,
    "p50_ms": null,
    "p95_ms": null,
    "p99_ms": null,
    "max_ms": null,
    "p50_ms_raw": null,
    "p95_ms_raw": null,
    "p99_ms_raw": null,
    "mean_ms_raw": null,
    "max_ms_raw": null,
    "producer_encode_mean_ms": 1.6540952244008715,
    "first_id": null,
    "last_id": null,
    "gap_count": null,
    "seen": null,
    "decoded": null,
    "decoded_ratio": null
  },
  "ros_jpeg": {
    "count": 330,
    "expected": 390,
    "frame_loss": 0.15384615384615385,
    "fps_effective": 30.000306407080846,
    "mean_ms": 1.977962560447613,
    "stddev_ms": 0.3542850988071772,
    "p50_ms": 1.9259787755991282,
    "p95_ms": 2.4611054755991284,
    "p99_ms": 3.349395345599127,
    "max_ms": 5.102896775599129,
    "p50_ms_raw": 3.5800739999999998,
    "p95_ms_raw": 4.1152007,
    "p99_ms_raw": 5.0034905699999985,
    "mean_ms_raw": 3.6320577848484845,
    "max_ms_raw": 6.756992,
    "producer_encode_mean_ms": 1.6540952244008715,
    "first_id": 129,
    "last_id": 458,
    "gap_count": 0,
    "seen": 390,
    "decoded": 390,
    "decoded_ratio": 1.0
  },
  "cpu_stack": {
    "ros2": {
      "mean_pct": 0.0,
      "p95_pct": 0.0,
      "n": 26
    },
    "camera_server_s": {
      "mean_pct": 6.3076923076923075,
      "p95_pct": 11.0,
      "n": 26
    },
    "_total": {
      "mean_pct": 6.3076923076923075,
      "p95_pct": 11.0,
      "n": 26
    }
  },
  "producer": {
    "frames_produced": 459,
    "underruns": 0,
    "underrun_total_late_ms": 0,
    "base_video_frames": 1100,
    "base_video_catch_up_reuses": 0,
    "encode_count": 459,
    "encode_total_ns": 759229708,
    "encode_max_ns": 4030031
  }
}