{
  "scenario": "cam-both-rcs-mjpeg-rtp",
  "duration_s": 30,
  "warmup_frames": 60,
  "expected_after_warmup": 840,
  "stream": {
    "count": 818,
    "expected": 840,
    "frame_loss": 0.02619047619047621,
    "fps_effective": 29.999590624925386,
    "mean_ms": 8.760529257739682,
    "stddev_ms": 0.5052306078660893,
    "p50_ms": 8.742968227177336,
    "p95_ms": 9.562083927177335,
    "p99_ms": 10.536291327177336,
    "max_ms": 11.798151727177334,
    "p50_ms_raw": 12.047966500000001,
    "p95_ms_raw": 12.8670822,
    "p99_ms_raw": 13.841289600000001,
    "mean_ms_raw": 12.065527530562347,
    "max_ms_raw": 15.10315,
    "producer_encode_mean_ms": 3.3049982728226652,
    "first_id": 135,
    "last_id": 952,
    "gap_count": 0,
    "seen": 878,
    "decoded": 878,
    "decoded_ratio": 1.0
  },
  "ros_raw": {
    "count": 0,
    "expected": 840,
    "frame_loss": null,
    "fps_effective": null,
    "mean_ms": null,
    "stddev_ms": null,
    "p50_ms": null,
    "p95_ms": null,
    "p99_ms": null,
    "max_ms": null,
    "p50_ms_raw": null,
    "p95_ms_raw": null,
    "p99_ms_raw": null,
    "mean_ms_raw": null,
    "max_ms_raw": null,
    "producer_encode_mean_ms": 3.3049982728226652,
    "first_id": null,
    "last_id": null,
    "gap_count": null,
    "seen": null,
    "decoded": null,
    "decoded_ratio": null
  },
  "ros_jpeg": {
    "count": 819,
    "expected": 840,
    "frame_loss": 0.025000000000000022,
    "fps_effective": 30.002439973738547,
    "mean_ms": 2.557190366981975,
    "stddev_ms": 0.29363592354173224,
    "p50_ms": 2.529557727177335,
    "p95_ms": 3.000871927177334,
    "p99_ms": 3.311272767177333,
    "max_ms": 5.247060727177335,
    "p50_ms_raw": 5.834556,
    "p95_ms_raw": 6.305870199999999,
    "p99_ms_raw": 6.616271039999998,
    "mean_ms_raw": 5.86218863980464,
    "max_ms_raw": 8.552059,
    "producer_encode_mean_ms": 3.3049982728226652,
    "first_id": 134,
    "last_id": 952,
    "gap_count": 0,
    "seen": 879,
    "decoded": 879,
    "decoded_ratio": 1.0
  },
  "cpu_stack": {
    "ros2": {
      "mean_pct": 0.0,
      "p95_pct": 0.0,
      "n": 56
    },
    "camera_server_s": {
      "mean_pct": 3.607142857142857,
      "p95_pct": 6.0,
      "n": 56
    },
    "_total": {
      "mean_pct": 3.607142857142857,
      "p95_pct": 6.0,
      "n": 56
    }
  },
  "producer": {
    "frames_produced": 953,
    "underruns": 0,
    "underrun_total_late_ms": 0,
    "base_video_frames": 1440,
    "base_video_catch_up_reuses": 0,
    "encode_count": 953,
    "encode_total_ns": 3149663354,
    "encode_max_ns": 7986904
  }
}