{
  "scenario": "cam-both-usb_cam+gst_bridge-mjpeg-rtp",
  "duration_s": 30,
  "warmup_frames": 60,
  "expected_after_warmup": 840,
  "stream": {
    "count": 838,
    "expected": 840,
    "frame_loss": 0.0023809523809523725,
    "fps_effective": 29.997698158349813,
    "mean_ms": 18.18065759321,
    "stddev_ms": 0.756381360612422,
    "p50_ms": 18.06256762423625,
    "p95_ms": 19.509371924236255,
    "p99_ms": 21.393154674236253,
    "max_ms": 23.795407624236255,
    "p50_ms_raw": 21.313530999999998,
    "p95_ms_raw": 22.7603353,
    "p99_ms_raw": 24.64411805,
    "mean_ms_raw": 21.431620968973746,
    "max_ms_raw": 27.046371,
    "producer_encode_mean_ms": 3.2509633757637473,
    "first_id": 144,
    "last_id": 981,
    "gap_count": 0,
    "seen": 898,
    "decoded": 898,
    "decoded_ratio": 1.0
  },
  "ros_raw": {
    "count": 846,
    "expected": 840,
    "frame_loss": 0.0,
    "fps_effective": 29.999017265921076,
    "mean_ms": 7.940884091139326,
    "stddev_ms": 0.4274008722510829,
    "p50_ms": 7.896902624236253,
    "p95_ms": 8.592123624236253,
    "p99_ms": 9.16392212423625,
    "max_ms": 10.910114624236252,
    "p50_ms_raw": 11.147866,
    "p95_ms_raw": 11.843087,
    "p99_ms_raw": 12.414885499999997,
    "mean_ms_raw": 11.191847466903074,
    "max_ms_raw": 14.161078,
    "producer_encode_mean_ms": 3.2509633757637473,
    "first_id": 136,
    "last_id": 981,
    "gap_count": 0,
    "seen": 906,
    "decoded": 906,
    "decoded_ratio": 1.0
  },
  "ros_jpeg": {
    "count": 0,
    "expected": 840,
    "frame_loss": null,
    "fps_effective": null,
    "mean_ms": null,
    "stddev_ms": null,
    "p50_ms": null,
    "p95_ms": null,
    "p99_ms": null,
    "max_ms": null,
    "p50_ms_raw": null,
    "p95_ms_raw": null,
    "p99_ms_raw": null,
    "mean_ms_raw": null,
    "max_ms_raw": null,
    "producer_encode_mean_ms": 3.2509633757637473,
    "first_id": null,
    "last_id": null,
    "gap_count": null,
    "seen": null,
    "decoded": null,
    "decoded_ratio": null
  },
  "cpu_stack": {
    "ros2": {
      "mean_pct": 0.0,
      "p95_pct": 0.0,
      "n": 56
    },
    "usb_cam_node_ex": {
      "mean_pct": 19.857142857142858,
      "p95_pct": 22.0,
      "n": 56
    },
    "gst-launch-1.0": {
      "mean_pct": 21.214285714285715,
      "p95_pct": 24.0,
      "n": 56
    },
    "_total": {
      "mean_pct": 41.07142857142857,
      "p95_pct": 44.0,
      "n": 56
    }
  },
  "producer": {
    "frames_produced": 982,
    "underruns": 0,
    "underrun_total_late_ms": 0,
    "base_video_frames": 1439,
    "base_video_catch_up_reuses": 0,
    "encode_count": 982,
    "encode_total_ns": 3192446035,
    "encode_max_ns": 8038871
  }
}