{
  "scenario": "cam-both-usb_cam+gst_bridge-yuv-rtp",
  "duration_s": 30,
  "warmup_frames": 60,
  "expected_after_warmup": 840,
  "stream": {
    "count": 837,
    "expected": 840,
    "frame_loss": 0.0035714285714285587,
    "fps_effective": 29.997958502569542,
    "mean_ms": 17.552214281835404,
    "stddev_ms": 0.5957699646087814,
    "p50_ms": 17.517870480162767,
    "p95_ms": 18.507079880162767,
    "p99_ms": 19.563590520162766,
    "max_ms": 21.916429480162765,
    "p50_ms_raw": 18.15218,
    "p95_ms_raw": 19.1413894,
    "p99_ms_raw": 20.19790004,
    "mean_ms_raw": 18.18652380167264,
    "max_ms_raw": 22.550739,
    "producer_encode_mean_ms": 0.634309519837233,
    "first_id": 145,
    "last_id": 981,
    "gap_count": 0,
    "seen": 897,
    "decoded": 897,
    "decoded_ratio": 1.0
  },
  "ros_raw": {
    "count": 846,
    "expected": 840,
    "frame_loss": 0.0,
    "fps_effective": 29.999979924865503,
    "mean_ms": 7.495555521533925,
    "stddev_ms": 0.26414172970974986,
    "p50_ms": 7.461267980162768,
    "p95_ms": 7.873267980162767,
    "p99_ms": 8.437642380162767,
    "max_ms": 10.256662480162767,
    "p50_ms_raw": 8.095577500000001,
    "p95_ms_raw": 8.5075775,
    "p99_ms_raw": 9.0719519,
    "mean_ms_raw": 8.129865041371158,
    "max_ms_raw": 10.890972,
    "producer_encode_mean_ms": 0.634309519837233,
    "first_id": 137,
    "last_id": 982,
    "gap_count": 0,
    "seen": 906,
    "decoded": 906,
    "decoded_ratio": 1.0
  },
  "ros_jpeg": {
    "count": 0,
    "expected": 840,
    "frame_loss": null,
    "fps_effective": null,
    "mean_ms": null,
    "stddev_ms": null,
    "p50_ms": null,
    "p95_ms": null,
    "p99_ms": null,
    "max_ms": null,
    "p50_ms_raw": null,
    "p95_ms_raw": null,
    "p99_ms_raw": null,
    "mean_ms_raw": null,
    "max_ms_raw": null,
    "producer_encode_mean_ms": 0.634309519837233,
    "first_id": null,
    "last_id": null,
    "gap_count": null,
    "seen": null,
    "decoded": null,
    "decoded_ratio": null
  },
  "cpu_stack": {
    "ros2": {
      "mean_pct": 0.0,
      "p95_pct": 0.0,
      "n": 56
    },
    "usb_cam_node_ex": {
      "mean_pct": 17.214285714285715,
      "p95_pct": 18.0,
      "n": 56
    },
    "gst-launch-1.0": {
      "mean_pct": 20.785714285714285,
      "p95_pct": 22.0,
      "n": 56
    },
    "_total": {
      "mean_pct": 38.0,
      "p95_pct": 40.0,
      "n": 56
    }
  },
  "producer": {
    "frames_produced": 983,
    "underruns": 0,
    "underrun_total_late_ms": 0,
    "base_video_frames": 1439,
    "base_video_catch_up_reuses": 0,
    "encode_count": 983,
    "encode_total_ns": 623526258,
    "encode_max_ns": 2660202
  }
}