{
  "scenario": "cam-both-rcs-yuv-webrtc",
  "duration_s": 30,
  "warmup_frames": 60,
  "expected_after_warmup": 840,
  "stream": {
    "count": 823,
    "expected": 840,
    "frame_loss": 0.020238095238095277,
    "fps_effective": 29.9978031590573,
    "mean_ms": 9.527187406431707,
    "stddev_ms": 0.6805033764346756,
    "p50_ms": 9.395646418582375,
    "p95_ms": 10.705110918582374,
    "p99_ms": 12.484218178582376,
    "max_ms": 14.045992418582376,
    "p50_ms_raw": 10.029703,
    "p95_ms_raw": 11.339167499999999,
    "p99_ms_raw": 13.11827476,
    "mean_ms_raw": 10.161243987849332,
    "max_ms_raw": 14.680049,
    "producer_encode_mean_ms": 0.6340565814176244,
    "first_id": 221,
    "last_id": 1043,
    "gap_count": 0,
    "seen": 883,
    "decoded": 883,
    "decoded_ratio": 1.0
  },
  "ros_raw": {
    "count": 900,
    "expected": 840,
    "frame_loss": 0.0,
    "fps_effective": 30.00002265886027,
    "mean_ms": 6.629989381915709,
    "stddev_ms": 0.507718398236067,
    "p50_ms": 6.5496529185823755,
    "p95_ms": 7.0544328185823755,
    "p99_ms": 9.031579948582374,
    "max_ms": 11.416062418582376,
    "p50_ms_raw": 7.1837095,
    "p95_ms_raw": 7.6884894,
    "p99_ms_raw": 9.665636529999999,
    "mean_ms_raw": 7.264045963333333,
    "max_ms_raw": 12.050119,
    "producer_encode_mean_ms": 0.6340565814176244,
    "first_id": 130,
    "last_id": 1029,
    "gap_count": 0,
    "seen": 960,
    "decoded": 960,
    "decoded_ratio": 1.0
  },
  "ros_jpeg": {
    "count": 0,
    "expected": 840,
    "frame_loss": null,
    "fps_effective": null,
    "mean_ms": null,
    "stddev_ms": null,
    "p50_ms": null,
    "p95_ms": null,
    "p99_ms": null,
    "max_ms": null,
    "p50_ms_raw": null,
    "p95_ms_raw": null,
    "p99_ms_raw": null,
    "mean_ms_raw": null,
    "max_ms_raw": null,
    "producer_encode_mean_ms": 0.6340565814176244,
    "first_id": null,
    "last_id": null,
    "gap_count": null,
    "seen": null,
    "decoded": null,
    "decoded_ratio": null
  },
  "cpu_stack": {
    "ros2": {
      "mean_pct": 0.0,
      "p95_pct": 0.0,
      "n": 56
    },
    "camera_server_s": {
      "mean_pct": 23.821428571428573,
      "p95_pct": 26.0,
      "n": 56
    },
    "_total": {
      "mean_pct": 23.821428571428573,
      "p95_pct": 26.0,
      "n": 56
    }
  },
  "producer": {
    "frames_produced": 1044,
    "underruns": 0,
    "underrun_total_late_ms": 0,
    "base_video_frames": 1439,
    "base_video_catch_up_reuses": 0,
    "encode_count": 1044,
    "encode_total_ns": 661955071,
    "encode_max_ns": 2514273
  }
}