{
  "scenario": "cam-both-rcs-yuv-webrtc",
  "duration_s": 15,
  "warmup_frames": 60,
  "expected_after_warmup": 390,
  "stream": {
    "count": 361,
    "expected": 390,
    "frame_loss": 0.07435897435897432,
    "fps_effective": 29.99834431888104,
    "mean_ms": 5.375808118653578,
    "stddev_ms": 0.43334742597471426,
    "p50_ms": 5.318678038321168,
    "p95_ms": 6.156493038321168,
    "p99_ms": 6.661904238321167,
    "max_ms": 7.8495060383211674,
    "p50_ms_raw": 5.575566,
    "p95_ms_raw": 6.413381,
    "p99_ms_raw": 6.9187921999999995,
    "mean_ms_raw": 5.63269608033241,
    "max_ms_raw": 8.106394,
    "producer_encode_mean_ms": 0.25688796167883216,
    "first_id": 187,
    "last_id": 547,
    "gap_count": 0,
    "seen": 421,
    "decoded": 421,
    "decoded_ratio": 1.0
  },
  "ros_raw": {
    "count": 421,
    "expected": 390,
    "frame_loss": 0.0,
    "fps_effective": 29.999791797159244,
    "mean_ms": 3.097941876800978,
    "stddev_ms": 0.355966808853497,
    "p50_ms": 3.007947038321168,
    "p95_ms": 3.7483770383211676,
    "p99_ms": 4.9106116383211695,
    "max_ms": 5.257084038321167,
    "p50_ms_raw": 3.264835,
    "p95_ms_raw": 4.005265,
    "p99_ms_raw": 5.167499600000002,
    "mean_ms_raw": 3.35482983847981,
    "max_ms_raw": 5.513972,
    "producer_encode_mean_ms": 0.25688796167883216,
    "first_id": 127,
    "last_id": 547,
    "gap_count": 0,
    "seen": 481,
    "decoded": 481,
    "decoded_ratio": 1.0
  },
  "ros_jpeg": {
    "count": 0,
    "expected": 390,
    "frame_loss": null,
    "fps_effective": null,
    "mean_ms": null,
    "stddev_ms": null,
    "p50_ms": null,
    "p95_ms": null,
    "p99_ms": null,
    "max_ms": null,
    "p50_ms_raw": null,
    "p95_ms_raw": null,
    "p99_ms_raw": null,
    "mean_ms_raw": null,
    "max_ms_raw": null,
    "producer_encode_mean_ms": 0.25688796167883216,
    "first_id": null,
    "last_id": null,
    "gap_count": null,
    "seen": null,
    "decoded": null,
    "decoded_ratio": null
  },
  "cpu_stack": {
    "ros2": {
      "mean_pct": 0.0,
      "p95_pct": 0.0,
      "n": 26
    },
    "camera_server_s": {
      "mean_pct": 12.307692307692308,
      "p95_pct": 14.0,
      "n": 26
    },
    "_total": {
      "mean_pct": 12.307692307692308,
      "p95_pct": 14.0,
      "n": 26
    }
  },
  "producer": {
    "frames_produced": 548,
    "underruns": 0,
    "underrun_total_late_ms": 0,
    "base_video_frames": 1100,
    "base_video_catch_up_reuses": 0,
    "encode_count": 548,
    "encode_total_ns": 140774603,
    "encode_max_ns": 741129
  }
}