{
  "scenario": "cam-both-rcs-yuv-webrtc",
  "duration_s": 15,
  "warmup_frames": 60,
  "expected_after_warmup": 390,
  "stream": {
    "count": 362,
    "expected": 390,
    "frame_loss": 0.07179487179487176,
    "fps_effective": 29.999948329451875,
    "mean_ms": 5.296641863461306,
    "stddev_ms": 0.41854187326671244,
    "p50_ms": 5.26486722810219,
    "p95_ms": 5.99084027810219,
    "p99_ms": 6.863857988102189,
    "max_ms": 7.54443372810219,
    "p50_ms_raw": 5.5261925000000005,
    "p95_ms_raw": 6.25216555,
    "p99_ms_raw": 7.125183259999999,
    "mean_ms_raw": 5.5579671353591165,
    "max_ms_raw": 7.805759,
    "producer_encode_mean_ms": 0.26132527189781024,
    "first_id": 186,
    "last_id": 547,
    "gap_count": 0,
    "seen": 422,
    "decoded": 422,
    "decoded_ratio": 1.0
  },
  "ros_raw": {
    "count": 423,
    "expected": 390,
    "frame_loss": 0.0,
    "fps_effective": 29.999697672715005,
    "mean_ms": 3.2317656548161375,
    "stddev_ms": 0.6457621775066421,
    "p50_ms": 3.0329337281021895,
    "p95_ms": 5.06492352810219,
    "p99_ms": 5.948114188102188,
    "max_ms": 6.463591728102189,
    "p50_ms_raw": 3.294259,
    "p95_ms_raw": 5.3262488,
    "p99_ms_raw": 6.209439459999999,
    "mean_ms_raw": 3.493090926713948,
    "max_ms_raw": 6.724917,
    "producer_encode_mean_ms": 0.26132527189781024,
    "first_id": 125,
    "last_id": 547,
    "gap_count": 0,
    "seen": 483,
    "decoded": 483,
    "decoded_ratio": 1.0
  },
  "ros_jpeg": {
    "count": 0,
    "expected": 390,
    "frame_loss": null,
    "fps_effective": null,
    "mean_ms": null,
    "stddev_ms": null,
    "p50_ms": null,
    "p95_ms": null,
    "p99_ms": null,
    "max_ms": null,
    "p50_ms_raw": null,
    "p95_ms_raw": null,
    "p99_ms_raw": null,
    "mean_ms_raw": null,
    "max_ms_raw": null,
    "producer_encode_mean_ms": 0.26132527189781024,
    "first_id": null,
    "last_id": null,
    "gap_count": null,
    "seen": null,
    "decoded": null,
    "decoded_ratio": null
  },
  "cpu_stack": {
    "ros2": {
      "mean_pct": 0.0,
      "p95_pct": 0.0,
      "n": 26
    },
    "camera_server_s": {
      "mean_pct": 12.384615384615385,
      "p95_pct": 14.0,
      "n": 26
    },
    "_total": {
      "mean_pct": 12.384615384615385,
      "p95_pct": 14.0,
      "n": 26
    }
  },
  "producer": {
    "frames_produced": 548,
    "underruns": 0,
    "underrun_total_late_ms": 0,
    "base_video_frames": 1100,
    "base_video_catch_up_reuses": 0,
    "encode_count": 548,
    "encode_total_ns": 143206249,
    "encode_max_ns": 667198
  }
}