{
  "scenario": "cam-both-rcs-yuv-webrtc",
  "duration_s": 30,
  "warmup_frames": 60,
  "expected_after_warmup": 840,
  "stream": {
    "count": 822,
    "expected": 840,
    "frame_loss": 0.021428571428571463,
    "fps_effective": 29.99841419467082,
    "mean_ms": 9.51893048277475,
    "stddev_ms": 0.589444385117798,
    "p50_ms": 9.429626093480346,
    "p95_ms": 10.446542993480342,
    "p99_ms": 12.183806613480344,
    "max_ms": 13.305283593480345,
    "p50_ms_raw": 10.067448500000001,
    "p95_ms_raw": 11.084365399999998,
    "p99_ms_raw": 12.82162902,
    "mean_ms_raw": 10.156752889294404,
    "max_ms_raw": 13.943106,
    "producer_encode_mean_ms": 0.6378224065196548,
    "first_id": 221,
    "last_id": 1042,
    "gap_count": 0,
    "seen": 882,
    "decoded": 882,
    "decoded_ratio": 1.0
  },
  "ros_raw": {
    "count": 900,
    "expected": 840,
    "frame_loss": 0.0,
    "fps_effective": 30.000286432656896,
    "mean_ms": 6.512479652369234,
    "stddev_ms": 0.27784487166212785,
    "p50_ms": 6.470217593480345,
    "p95_ms": 6.810514943480345,
    "p99_ms": 8.008507153480345,
    "max_ms": 9.203502593480344,
    "p50_ms_raw": 7.10804,
    "p95_ms_raw": 7.44833735,
    "p99_ms_raw": 8.64632956,
    "mean_ms_raw": 7.150302058888889,
    "max_ms_raw": 9.841325,
    "producer_encode_mean_ms": 0.6378224065196548,
    "first_id": 130,
    "last_id": 1029,
    "gap_count": 0,
    "seen": 960,
    "decoded": 960,
    "decoded_ratio": 1.0
  },
  "ros_jpeg": {
    "count": 0,
    "expected": 840,
    "frame_loss": null,
    "fps_effective": null,
    "mean_ms": null,
    "stddev_ms": null,
    "p50_ms": null,
    "p95_ms": null,
    "p99_ms": null,
    "max_ms": null,
    "p50_ms_raw": null,
    "p95_ms_raw": null,
    "p99_ms_raw": null,
    "mean_ms_raw": null,
    "max_ms_raw": null,
    "producer_encode_mean_ms": 0.6378224065196548,
    "first_id": null,
    "last_id": null,
    "gap_count": null,
    "seen": null,
    "decoded": null,
    "decoded_ratio": null
  },
  "cpu_stack": {
    "ros2": {
      "mean_pct": 0.0,
      "p95_pct": 0.0,
      "n": 56
    },
    "camera_server_s": {
      "mean_pct": 23.535714285714285,
      "p95_pct": 26.0,
      "n": 56
    },
    "_total": {
      "mean_pct": 23.535714285714285,
      "p95_pct": 26.0,
      "n": 56
    }
  },
  "producer": {
    "frames_produced": 1043,
    "underruns": 0,
    "underrun_total_late_ms": 0,
    "base_video_frames": 1440,
    "base_video_catch_up_reuses": 0,
    "encode_count": 1043,
    "encode_total_ns": 665248770,
    "encode_max_ns": 2729268
  }
}