{
  "scenario": "cam-both-rcs-mjpeg-decoded-rtp",
  "duration_s": 30,
  "warmup_frames": 60,
  "expected_after_warmup": 840,
  "stream": {
    "count": 823,
    "expected": 840,
    "frame_loss": 0.020238095238095277,
    "fps_effective": 29.999485906255153,
    "mean_ms": 8.865768678321269,
    "stddev_ms": 0.5331380009001899,
    "p50_ms": 8.827814649159665,
    "p95_ms": 9.685009149159665,
    "p99_ms": 10.81990084915966,
    "max_ms": 11.504319649159664,
    "p50_ms_raw": 12.096811,
    "p95_ms_raw": 12.954005500000001,
    "p99_ms_raw": 14.088897199999996,
    "mean_ms_raw": 12.134765029161604,
    "max_ms_raw": 14.773316,
    "producer_encode_mean_ms": 3.2689963508403364,
    "first_id": 129,
    "last_id": 951,
    "gap_count": 0,
    "seen": 883,
    "decoded": 883,
    "decoded_ratio": 1.0
  },
  "ros_raw": {
    "count": 823,
    "expected": 840,
    "frame_loss": 0.020238095238095277,
    "fps_effective": 30.001336833290747,
    "mean_ms": 11.27075759691179,
    "stddev_ms": 0.553298612563315,
    "p50_ms": 11.231271649159664,
    "p95_ms": 11.777435749159665,
    "p99_ms": 12.90777010915966,
    "max_ms": 17.721415649159663,
    "p50_ms_raw": 14.500268,
    "p95_ms_raw": 15.0464321,
    "p99_ms_raw": 16.176766459999996,
    "mean_ms_raw": 14.539753947752127,
    "max_ms_raw": 20.990412,
    "producer_encode_mean_ms": 3.2689963508403364,
    "first_id": 129,
    "last_id": 951,
    "gap_count": 0,
    "seen": 883,
    "decoded": 883,
    "decoded_ratio": 1.0
  },
  "ros_jpeg": {
    "count": 0,
    "expected": 840,
    "frame_loss": null,
    "fps_effective": null,
    "mean_ms": null,
    "stddev_ms": null,
    "p50_ms": null,
    "p95_ms": null,
    "p99_ms": null,
    "max_ms": null,
    "p50_ms_raw": null,
    "p95_ms_raw": null,
    "p99_ms_raw": null,
    "mean_ms_raw": null,
    "max_ms_raw": null,
    "producer_encode_mean_ms": 3.2689963508403364,
    "first_id": null,
    "last_id": null,
    "gap_count": null,
    "seen": null,
    "decoded": null,
    "decoded_ratio": null
  },
  "cpu_stack": {
    "ros2": {
      "mean_pct": 0.0,
      "p95_pct": 0.0,
      "n": 56
    },
    "camera_server_s": {
      "mean_pct": 29.821428571428573,
      "p95_pct": 32.0,
      "n": 56
    },
    "_total": {
      "mean_pct": 29.821428571428573,
      "p95_pct": 32.0,
      "n": 56
    }
  },
  "producer": {
    "frames_produced": 952,
    "underruns": 0,
    "underrun_total_late_ms": 0,
    "base_video_frames": 1439,
    "base_video_catch_up_reuses": 0,
    "encode_count": 952,
    "encode_total_ns": 3112084526,
    "encode_max_ns": 7448419
  }
}