{
  "scenario": "cam-both-rcs-mjpeg-decoded-rtp",
  "duration_s": 15,
  "warmup_frames": 60,
  "expected_after_warmup": 390,
  "stream": {
    "count": 329,
    "expected": 390,
    "frame_loss": 0.1564102564102564,
    "fps_effective": 29.993660986061137,
    "mean_ms": 5.872335193486947,
    "stddev_ms": 0.4281095396157742,
    "p50_ms": 5.853950661572052,
    "p95_ms": 6.5128924615720525,
    "p99_ms": 6.9704667015720485,
    "max_ms": 8.333197661572052,
    "p50_ms_raw": 7.551295,
    "p95_ms_raw": 8.2102368,
    "p99_ms_raw": 8.667811039999997,
    "mean_ms_raw": 7.569679531914894,
    "max_ms_raw": 10.030542,
    "producer_encode_mean_ms": 1.6973443384279476,
    "first_id": 129,
    "last_id": 457,
    "gap_count": 0,
    "seen": 389,
    "decoded": 389,
    "decoded_ratio": 1.0
  },
  "ros_raw": {
    "count": 329,
    "expected": 390,
    "frame_loss": 0.1564102564102564,
    "fps_effective": 30.00069635640727,
    "mean_ms": 4.790121998958071,
    "stddev_ms": 0.715532723772424,
    "p50_ms": 4.615976661572052,
    "p95_ms": 6.400251261572045,
    "p99_ms": 7.855621861572043,
    "max_ms": 9.240900661572052,
    "p50_ms_raw": 6.313321,
    "p95_ms_raw": 8.097595599999993,
    "p99_ms_raw": 9.552966199999991,
    "mean_ms_raw": 6.487466337386018,
    "max_ms_raw": 10.938245,
    "producer_encode_mean_ms": 1.6973443384279476,
    "first_id": 129,
    "last_id": 457,
    "gap_count": 0,
    "seen": 389,
    "decoded": 389,
    "decoded_ratio": 1.0
  },
  "ros_jpeg": {
    "count": 0,
    "expected": 390,
    "frame_loss": null,
    "fps_effective": null,
    "mean_ms": null,
    "stddev_ms": null,
    "p50_ms": null,
    "p95_ms": null,
    "p99_ms": null,
    "max_ms": null,
    "p50_ms_raw": null,
    "p95_ms_raw": null,
    "p99_ms_raw": null,
    "mean_ms_raw": null,
    "max_ms_raw": null,
    "producer_encode_mean_ms": 1.6973443384279476,
    "first_id": null,
    "last_id": null,
    "gap_count": null,
    "seen": null,
    "decoded": null,
    "decoded_ratio": null
  },
  "cpu_stack": {
    "ros2": {
      "mean_pct": 0.07692307692307693,
      "p95_pct": 0.0,
      "n": 26
    },
    "camera_server_s": {
      "mean_pct": 15.307692307692308,
      "p95_pct": 23.5,
      "n": 26
    },
    "_total": {
      "mean_pct": 15.384615384615385,
      "p95_pct": 23.5,
      "n": 26
    }
  },
  "producer": {
    "frames_produced": 458,
    "underruns": 0,
    "underrun_total_late_ms": 0,
    "base_video_frames": 1100,
    "base_video_catch_up_reuses": 0,
    "encode_count": 458,
    "encode_total_ns": 777383707,
    "encode_max_ns": 4178898
  }
}