{
  "scenario": "cam-both-rcs-yuv-rtp",
  "duration_s": 15,
  "warmup_frames": 60,
  "expected_after_warmup": 390,
  "stream": {
    "count": 331,
    "expected": 390,
    "frame_loss": 0.1512820512820513,
    "fps_effective": 29.99924712253099,
    "mean_ms": 5.111480263183642,
    "stddev_ms": 0.37236125356910377,
    "p50_ms": 5.07835964989059,
    "p95_ms": 5.68300614989059,
    "p99_ms": 6.35011024989059,
    "max_ms": 7.011899649890591,
    "p50_ms_raw": 5.330975,
    "p95_ms_raw": 5.9356215,
    "p99_ms_raw": 6.602725599999999,
    "mean_ms_raw": 5.364095613293052,
    "max_ms_raw": 7.264515,
    "producer_encode_mean_ms": 0.25261535010940916,
    "first_id": 126,
    "last_id": 456,
    "gap_count": 0,
    "seen": 391,
    "decoded": 391,
    "decoded_ratio": 1.0
  },
  "ros_raw": {
    "count": 332,
    "expected": 390,
    "frame_loss": 0.14871794871794874,
    "fps_effective": 29.999887001029858,
    "mean_ms": 3.092228366758061,
    "stddev_ms": 0.40510450714194113,
    "p50_ms": 3.0121791498905908,
    "p95_ms": 3.4051976498905905,
    "p99_ms": 5.207857819890591,
    "max_ms": 6.3712536498905905,
    "p50_ms_raw": 3.2647945,
    "p95_ms_raw": 3.6578129999999995,
    "p99_ms_raw": 5.46047317,
    "mean_ms_raw": 3.34484371686747,
    "max_ms_raw": 6.623869,
    "producer_encode_mean_ms": 0.25261535010940916,
    "first_id": 125,
    "last_id": 456,
    "gap_count": 0,
    "seen": 392,
    "decoded": 392,
    "decoded_ratio": 1.0
  },
  "ros_jpeg": {
    "count": 0,
    "expected": 390,
    "frame_loss": null,
    "fps_effective": null,
    "mean_ms": null,
    "stddev_ms": null,
    "p50_ms": null,
    "p95_ms": null,
    "p99_ms": null,
    "max_ms": null,
    "p50_ms_raw": null,
    "p95_ms_raw": null,
    "p99_ms_raw": null,
    "mean_ms_raw": null,
    "max_ms_raw": null,
    "producer_encode_mean_ms": 0.25261535010940916,
    "first_id": null,
    "last_id": null,
    "gap_count": null,
    "seen": null,
    "decoded": null,
    "decoded_ratio": null
  },
  "cpu_stack": {
    "ros2": {
      "mean_pct": 0.0,
      "p95_pct": 0.0,
      "n": 26
    },
    "camera_server_s": {
      "mean_pct": 13.0,
      "p95_pct": 15.5,
      "n": 26
    },
    "_total": {
      "mean_pct": 13.0,
      "p95_pct": 15.5,
      "n": 26
    }
  },
  "producer": {
    "frames_produced": 457,
    "underruns": 0,
    "underrun_total_late_ms": 0,
    "base_video_frames": 1100,
    "base_video_catch_up_reuses": 0,
    "encode_count": 457,
    "encode_total_ns": 115445215,
    "encode_max_ns": 839625
  }
}