{
  "scenario": "cam-both-rcs-yuv-rtp",
  "duration_s": 30,
  "warmup_frames": 60,
  "expected_after_warmup": 840,
  "stream": {
    "count": 824,
    "expected": 840,
    "frame_loss": 0.01904761904761909,
    "fps_effective": 29.997341863368913,
    "mean_ms": 10.580828944133964,
    "stddev_ms": 0.5943093383138272,
    "p50_ms": 10.550967531512605,
    "p95_ms": 11.203834331512605,
    "p99_ms": 13.083856651512603,
    "max_ms": 13.843217531512606,
    "p50_ms_raw": 11.173867,
    "p95_ms_raw": 11.8267338,
    "p99_ms_raw": 13.706756119999998,
    "mean_ms_raw": 11.20372841262136,
    "max_ms_raw": 14.466117,
    "producer_encode_mean_ms": 0.622899468487395,
    "first_id": 128,
    "last_id": 951,
    "gap_count": 0,
    "seen": 884,
    "decoded": 884,
    "decoded_ratio": 1.0
  },
  "ros_raw": {
    "count": 825,
    "expected": 840,
    "frame_loss": 0.017857142857142905,
    "fps_effective": 30.00079984571774,
    "mean_ms": 8.990530692724727,
    "stddev_ms": 0.4739033951680711,
    "p50_ms": 8.917717531512604,
    "p95_ms": 9.385181731512604,
    "p99_ms": 10.215637291512603,
    "max_ms": 14.959124531512606,
    "p50_ms_raw": 9.540617,
    "p95_ms_raw": 10.0080812,
    "p99_ms_raw": 10.838536759999998,
    "mean_ms_raw": 9.613430161212122,
    "max_ms_raw": 15.582024,
    "producer_encode_mean_ms": 0.622899468487395,
    "first_id": 127,
    "last_id": 951,
    "gap_count": 0,
    "seen": 885,
    "decoded": 885,
    "decoded_ratio": 1.0
  },
  "ros_jpeg": {
    "count": 0,
    "expected": 840,
    "frame_loss": null,
    "fps_effective": null,
    "mean_ms": null,
    "stddev_ms": null,
    "p50_ms": null,
    "p95_ms": null,
    "p99_ms": null,
    "max_ms": null,
    "p50_ms_raw": null,
    "p95_ms_raw": null,
    "p99_ms_raw": null,
    "mean_ms_raw": null,
    "max_ms_raw": null,
    "producer_encode_mean_ms": 0.622899468487395,
    "first_id": null,
    "last_id": null,
    "gap_count": null,
    "seen": null,
    "decoded": null,
    "decoded_ratio": null
  },
  "cpu_stack": {
    "ros2": {
      "mean_pct": 0.0,
      "p95_pct": 0.0,
      "n": 56
    },
    "camera_server_s": {
      "mean_pct": 33.0,
      "p95_pct": 34.0,
      "n": 56
    },
    "_total": {
      "mean_pct": 33.0,
      "p95_pct": 34.0,
      "n": 56
    }
  },
  "producer": {
    "frames_produced": 952,
    "underruns": 0,
    "underrun_total_late_ms": 0,
    "base_video_frames": 1439,
    "base_video_catch_up_reuses": 0,
    "encode_count": 952,
    "encode_total_ns": 593000294,
    "encode_max_ns": 2578795
  }
}