{
  "scenario": "cam-both-gscam+gst_bridge-yuv-rtp",
  "duration_s": 30,
  "warmup_frames": 60,
  "expected_after_warmup": 840,
  "stream": {
    "count": 838,
    "expected": 840,
    "frame_loss": 0.0023809523809523725,
    "fps_effective": 29.99809321905095,
    "mean_ms": 20.09737107381694,
    "stddev_ms": 0.5525253538183851,
    "p50_ms": 20.036936187182093,
    "p95_ms": 20.834077887182097,
    "p99_ms": 22.263751867182094,
    "max_ms": 23.818601187182097,
    "p50_ms_raw": 20.660477999999998,
    "p95_ms_raw": 21.457619700000002,
    "p99_ms_raw": 22.88729368,
    "mean_ms_raw": 20.720912886634846,
    "max_ms_raw": 24.442143,
    "producer_encode_mean_ms": 0.6235418128179044,
    "first_id": 144,
    "last_id": 981,
    "gap_count": 0,
    "seen": 898,
    "decoded": 898,
    "decoded_ratio": 1.0
  },
  "ros_raw": {
    "count": 847,
    "expected": 840,
    "frame_loss": 0.0,
    "fps_effective": 29.999971200027648,
    "mean_ms": 10.064361164749982,
    "stddev_ms": 0.3255567890440923,
    "p50_ms": 10.015314187182096,
    "p95_ms": 10.502628887182096,
    "p99_ms": 11.302485887182094,
    "max_ms": 13.632125187182096,
    "p50_ms_raw": 10.638856,
    "p95_ms_raw": 11.126170700000001,
    "p99_ms_raw": 11.926027699999999,
    "mean_ms_raw": 10.687902977567887,
    "max_ms_raw": 14.255667,
    "producer_encode_mean_ms": 0.6235418128179044,
    "first_id": 135,
    "last_id": 981,
    "gap_count": 0,
    "seen": 907,
    "decoded": 907,
    "decoded_ratio": 1.0
  },
  "ros_jpeg": {
    "count": 0,
    "expected": 840,
    "frame_loss": null,
    "fps_effective": null,
    "mean_ms": null,
    "stddev_ms": null,
    "p50_ms": null,
    "p95_ms": null,
    "p99_ms": null,
    "max_ms": null,
    "p50_ms_raw": null,
    "p95_ms_raw": null,
    "p99_ms_raw": null,
    "mean_ms_raw": null,
    "max_ms_raw": null,
    "producer_encode_mean_ms": 0.6235418128179044,
    "first_id": null,
    "last_id": null,
    "gap_count": null,
    "seen": null,
    "decoded": null,
    "decoded_ratio": null
  },
  "cpu_stack": {
    "ros2": {
      "mean_pct": 0.0,
      "p95_pct": 0.0,
      "n": 56
    },
    "gscam_node": {
      "mean_pct": 26.107142857142858,
      "p95_pct": 28.0,
      "n": 56
    },
    "gst-launch-1.0": {
      "mean_pct": 20.785714285714285,
      "p95_pct": 22.0,
      "n": 56
    },
    "_total": {
      "mean_pct": 46.892857142857146,
      "p95_pct": 50.0,
      "n": 56
    }
  },
  "producer": {
    "frames_produced": 983,
    "underruns": 0,
    "underrun_total_late_ms": 0,
    "base_video_frames": 1439,
    "base_video_catch_up_reuses": 0,
    "encode_count": 983,
    "encode_total_ns": 612941602,
    "encode_max_ns": 1706963
  }
}