{
  "scenario": "cam-both-gscam+gst_bridge-yuv-rtp",
  "duration_s": 15,
  "warmup_frames": 60,
  "expected_after_warmup": 390,
  "stream": {
    "count": 343,
    "expected": 390,
    "frame_loss": 0.12051282051282053,
    "fps_effective": 29.999375739306107,
    "mean_ms": 8.833805493583615,
    "stddev_ms": 0.6690480143877828,
    "p50_ms": 8.698928356557376,
    "p95_ms": 10.119308456557372,
    "p99_ms": 11.874825356557375,
    "max_ms": 13.004726356557377,
    "p50_ms_raw": 8.959304,
    "p95_ms_raw": 10.379684099999995,
    "p99_ms_raw": 12.135200999999999,
    "mean_ms_raw": 9.094181137026238,
    "max_ms_raw": 13.265102,
    "producer_encode_mean_ms": 0.26037564344262293,
    "first_id": 145,
    "last_id": 487,
    "gap_count": 0,
    "seen": 403,
    "decoded": 403,
    "decoded_ratio": 1.0
  },
  "ros_raw": {
    "count": 404,
    "expected": 390,
    "frame_loss": 0.0,
    "fps_effective": 29.99977202108733,
    "mean_ms": 3.4858331610128226,
    "stddev_ms": 0.40957400357318724,
    "p50_ms": 3.405325356557377,
    "p95_ms": 3.9920341565573767,
    "p99_ms": 5.195183796557376,
    "max_ms": 6.826533356557378,
    "p50_ms_raw": 3.665701,
    "p95_ms_raw": 4.2524098,
    "p99_ms_raw": 5.455559439999998,
    "mean_ms_raw": 3.7462088044554456,
    "max_ms_raw": 7.086909,
    "producer_encode_mean_ms": 0.26037564344262293,
    "first_id": 84,
    "last_id": 487,
    "gap_count": 0,
    "seen": 464,
    "decoded": 464,
    "decoded_ratio": 1.0
  },
  "ros_jpeg": {
    "count": 0,
    "expected": 390,
    "frame_loss": null,
    "fps_effective": null,
    "mean_ms": null,
    "stddev_ms": null,
    "p50_ms": null,
    "p95_ms": null,
    "p99_ms": null,
    "max_ms": null,
    "p50_ms_raw": null,
    "p95_ms_raw": null,
    "p99_ms_raw": null,
    "mean_ms_raw": null,
    "max_ms_raw": null,
    "producer_encode_mean_ms": 0.26037564344262293,
    "first_id": null,
    "last_id": null,
    "gap_count": null,
    "seen": null,
    "decoded": null,
    "decoded_ratio": null
  },
  "cpu_stack": {
    "ros2": {
      "mean_pct": 0.0,
      "p95_pct": 0.0,
      "n": 26
    },
    "gscam_node": {
      "mean_pct": 8.307692307692308,
      "p95_pct": 10.0,
      "n": 26
    },
    "gst-launch-1.0": {
      "mean_pct": 10.076923076923077,
      "p95_pct": 12.0,
      "n": 26
    },
    "_total": {
      "mean_pct": 18.384615384615383,
      "p95_pct": 20.0,
      "n": 26
    }
  },
  "producer": {
    "frames_produced": 488,
    "underruns": 0,
    "underrun_total_late_ms": 0,
    "base_video_frames": 1100,
    "base_video_catch_up_reuses": 0,
    "encode_count": 488,
    "encode_total_ns": 127063314,
    "encode_max_ns": 678443
  }
}