{
  "scenario": "cam-both-usb_cam+gst_bridge-mjpeg-rtp",
  "duration_s": 30,
  "warmup_frames": 60,
  "expected_after_warmup": 840,
  "stream": {
    "count": 838,
    "expected": 840,
    "frame_loss": 0.0023809523809523725,
    "fps_effective": 29.999498857833956,
    "mean_ms": 17.977254534039925,
    "stddev_ms": 0.7132399750601779,
    "p50_ms": 17.891051704684315,
    "p95_ms": 19.095615354684316,
    "p99_ms": 20.599879084684318,
    "max_ms": 24.352233704684316,
    "p50_ms_raw": 21.215427,
    "p95_ms_raw": 22.41999065,
    "p99_ms_raw": 23.92425438,
    "mean_ms_raw": 21.30162982935561,
    "max_ms_raw": 27.676609,
    "producer_encode_mean_ms": 3.3243752953156824,
    "first_id": 144,
    "last_id": 981,
    "gap_count": 0,
    "seen": 898,
    "decoded": 898,
    "decoded_ratio": 1.0
  },
  "ros_raw": {
    "count": 849,
    "expected": 840,
    "frame_loss": 0.0,
    "fps_effective": 30.005742621098076,
    "mean_ms": 7.7909221640482755,
    "stddev_ms": 0.48122455612793075,
    "p50_ms": 7.730738704684317,
    "p95_ms": 8.368535504684317,
    "p99_ms": 9.18230582468431,
    "max_ms": 13.723446704684317,
    "p50_ms_raw": 11.055114,
    "p95_ms_raw": 11.6929108,
    "p99_ms_raw": 12.506681119999993,
    "mean_ms_raw": 11.115297459363958,
    "max_ms_raw": 17.047822,
    "producer_encode_mean_ms": 3.3243752953156824,
    "first_id": 133,
    "last_id": 981,
    "gap_count": 0,
    "seen": 909,
    "decoded": 909,
    "decoded_ratio": 1.0
  },
  "ros_jpeg": {
    "count": 0,
    "expected": 840,
    "frame_loss": null,
    "fps_effective": null,
    "mean_ms": null,
    "stddev_ms": null,
    "p50_ms": null,
    "p95_ms": null,
    "p99_ms": null,
    "max_ms": null,
    "p50_ms_raw": null,
    "p95_ms_raw": null,
    "p99_ms_raw": null,
    "mean_ms_raw": null,
    "max_ms_raw": null,
    "producer_encode_mean_ms": 3.3243752953156824,
    "first_id": null,
    "last_id": null,
    "gap_count": null,
    "seen": null,
    "decoded": null,
    "decoded_ratio": null
  },
  "cpu_stack": {
    "ros2": {
      "mean_pct": 0.0,
      "p95_pct": 0.0,
      "n": 56
    },
    "usb_cam_node_ex": {
      "mean_pct": 19.607142857142858,
      "p95_pct": 22.0,
      "n": 56
    },
    "gst-launch-1.0": {
      "mean_pct": 21.25,
      "p95_pct": 24.0,
      "n": 56
    },
    "_total": {
      "mean_pct": 40.857142857142854,
      "p95_pct": 44.0,
      "n": 56
    }
  },
  "producer": {
    "frames_produced": 982,
    "underruns": 0,
    "underrun_total_late_ms": 0,
    "base_video_frames": 1440,
    "base_video_catch_up_reuses": 0,
    "encode_count": 982,
    "encode_total_ns": 3264536540,
    "encode_max_ns": 13474118
  }
}