{
  "scenario": "cam-both-gscam+gst_bridge-yuv-rtp",
  "duration_s": 30,
  "warmup_frames": 60,
  "expected_after_warmup": 840,
  "stream": {
    "count": 838,
    "expected": 840,
    "frame_loss": 0.0023809523809523725,
    "fps_effective": 29.999918640005596,
    "mean_ms": 20.021187712264677,
    "stddev_ms": 0.5503651852353131,
    "p50_ms": 19.987025917515272,
    "p95_ms": 20.823973117515276,
    "p99_ms": 21.983104527515273,
    "max_ms": 23.990513417515274,
    "p50_ms_raw": 20.619791499999998,
    "p95_ms_raw": 21.456738700000002,
    "p99_ms_raw": 22.61587011,
    "mean_ms_raw": 20.653953294749403,
    "max_ms_raw": 24.623279,
    "producer_encode_mean_ms": 0.632765582484725,
    "first_id": 144,
    "last_id": 981,
    "gap_count": 0,
    "seen": 898,
    "decoded": 898,
    "decoded_ratio": 1.0
  },
  "ros_raw": {
    "count": 847,
    "expected": 840,
    "frame_loss": 0.0,
    "fps_effective": 30.000194053382877,
    "mean_ms": 9.915971325425549,
    "stddev_ms": 0.24690180740656129,
    "p50_ms": 9.889840417515275,
    "p95_ms": 10.301514217515274,
    "p99_ms": 10.736989157515275,
    "max_ms": 12.308262417515275,
    "p50_ms_raw": 10.522606,
    "p95_ms_raw": 10.934279799999999,
    "p99_ms_raw": 11.36975474,
    "mean_ms_raw": 10.548736907910273,
    "max_ms_raw": 12.941028,
    "producer_encode_mean_ms": 0.632765582484725,
    "first_id": 135,
    "last_id": 981,
    "gap_count": 0,
    "seen": 907,
    "decoded": 907,
    "decoded_ratio": 1.0
  },
  "ros_jpeg": {
    "count": 0,
    "expected": 840,
    "frame_loss": null,
    "fps_effective": null,
    "mean_ms": null,
    "stddev_ms": null,
    "p50_ms": null,
    "p95_ms": null,
    "p99_ms": null,
    "max_ms": null,
    "p50_ms_raw": null,
    "p95_ms_raw": null,
    "p99_ms_raw": null,
    "mean_ms_raw": null,
    "max_ms_raw": null,
    "producer_encode_mean_ms": 0.632765582484725,
    "first_id": null,
    "last_id": null,
    "gap_count": null,
    "seen": null,
    "decoded": null,
    "decoded_ratio": null
  },
  "cpu_stack": {
    "ros2": {
      "mean_pct": 0.0,
      "p95_pct": 0.0,
      "n": 56
    },
    "gscam_node": {
      "mean_pct": 26.142857142857142,
      "p95_pct": 28.0,
      "n": 56
    },
    "gst-launch-1.0": {
      "mean_pct": 20.928571428571427,
      "p95_pct": 22.0,
      "n": 56
    },
    "_total": {
      "mean_pct": 47.07142857142857,
      "p95_pct": 50.0,
      "n": 56
    }
  },
  "producer": {
    "frames_produced": 982,
    "underruns": 0,
    "underrun_total_late_ms": 0,
    "base_video_frames": 1440,
    "base_video_catch_up_reuses": 0,
    "encode_count": 982,
    "encode_total_ns": 621375802,
    "encode_max_ns": 1940744
  }
}