{
  "scenario": "cam-both-gscam+gst_bridge-yuv-rtp",
  "duration_s": 15,
  "warmup_frames": 60,
  "expected_after_warmup": 390,
  "stream": {
    "count": 344,
    "expected": 390,
    "frame_loss": 0.11794871794871797,
    "fps_effective": 29.99873330304898,
    "mean_ms": 8.826156274351888,
    "stddev_ms": 0.4827926918792177,
    "p50_ms": 8.723525448770493,
    "p95_ms": 9.687186798770494,
    "p99_ms": 10.751358898770492,
    "max_ms": 11.847794448770493,
    "p50_ms_raw": 8.983515,
    "p95_ms_raw": 9.947176350000001,
    "p99_ms_raw": 11.01134845,
    "mean_ms_raw": 9.086145825581395,
    "max_ms_raw": 12.107784,
    "producer_encode_mean_ms": 0.2599895512295082,
    "first_id": 144,
    "last_id": 487,
    "gap_count": 0,
    "seen": 404,
    "decoded": 404,
    "decoded_ratio": 1.0
  },
  "ros_raw": {
    "count": 404,
    "expected": 390,
    "frame_loss": 0.0,
    "fps_effective": 30.000701494566542,
    "mean_ms": 3.423007837384353,
    "stddev_ms": 0.24100096800258528,
    "p50_ms": 3.3894739487704917,
    "p95_ms": 3.7893738987704912,
    "p99_ms": 4.416356868770491,
    "max_ms": 5.001261448770491,
    "p50_ms_raw": 3.6494635,
    "p95_ms_raw": 4.0493634499999995,
    "p99_ms_raw": 4.676346419999999,
    "mean_ms_raw": 3.6829973886138614,
    "max_ms_raw": 5.261251,
    "producer_encode_mean_ms": 0.2599895512295082,
    "first_id": 84,
    "last_id": 487,
    "gap_count": 0,
    "seen": 464,
    "decoded": 464,
    "decoded_ratio": 1.0
  },
  "ros_jpeg": {
    "count": 0,
    "expected": 390,
    "frame_loss": null,
    "fps_effective": null,
    "mean_ms": null,
    "stddev_ms": null,
    "p50_ms": null,
    "p95_ms": null,
    "p99_ms": null,
    "max_ms": null,
    "p50_ms_raw": null,
    "p95_ms_raw": null,
    "p99_ms_raw": null,
    "mean_ms_raw": null,
    "max_ms_raw": null,
    "producer_encode_mean_ms": 0.2599895512295082,
    "first_id": null,
    "last_id": null,
    "gap_count": null,
    "seen": null,
    "decoded": null,
    "decoded_ratio": null
  },
  "cpu_stack": {
    "ros2": {
      "mean_pct": 0.0,
      "p95_pct": 0.0,
      "n": 26
    },
    "gscam_node": {
      "mean_pct": 8.153846153846153,
      "p95_pct": 10.0,
      "n": 26
    },
    "gst-launch-1.0": {
      "mean_pct": 10.0,
      "p95_pct": 12.0,
      "n": 26
    },
    "_total": {
      "mean_pct": 18.153846153846153,
      "p95_pct": 20.0,
      "n": 26
    }
  },
  "producer": {
    "frames_produced": 488,
    "underruns": 0,
    "underrun_total_late_ms": 0,
    "base_video_frames": 1100,
    "base_video_catch_up_reuses": 0,
    "encode_count": 488,
    "encode_total_ns": 126874901,
    "encode_max_ns": 724867
  }
}