{
  "scenario": "cam-both-gscam+gst_bridge-yuv-rtp",
  "duration_s": 30,
  "warmup_frames": 60,
  "expected_after_warmup": 840,
  "stream": {
    "count": 837,
    "expected": 840,
    "frame_loss": 0.0035714285714285587,
    "fps_effective": 29.998055013667045,
    "mean_ms": 20.01681705564489,
    "stddev_ms": 0.6975489880675634,
    "p50_ms": 19.966176948118008,
    "p95_ms": 20.896033148118004,
    "p99_ms": 23.107542268118006,
    "max_ms": 24.798789948118007,
    "p50_ms_raw": 20.594252,
    "p95_ms_raw": 21.524108199999997,
    "p99_ms_raw": 23.73561732,
    "mean_ms_raw": 20.644892107526882,
    "max_ms_raw": 25.426865,
    "producer_encode_mean_ms": 0.6280750518819939,
    "first_id": 146,
    "last_id": 982,
    "gap_count": 0,
    "seen": 897,
    "decoded": 897,
    "decoded_ratio": 1.0
  },
  "ros_raw": {
    "count": 847,
    "expected": 840,
    "frame_loss": 0.0,
    "fps_effective": 30.000011006387016,
    "mean_ms": 9.81661718188424,
    "stddev_ms": 0.3382559857089398,
    "p50_ms": 9.781697948118005,
    "p95_ms": 10.324192348118006,
    "p99_ms": 10.723976768118005,
    "max_ms": 13.061604948118005,
    "p50_ms_raw": 10.409773,
    "p95_ms_raw": 10.9522674,
    "p99_ms_raw": 11.35205182,
    "mean_ms_raw": 10.444692233766235,
    "max_ms_raw": 13.68968,
    "producer_encode_mean_ms": 0.6280750518819939,
    "first_id": 136,
    "last_id": 982,
    "gap_count": 0,
    "seen": 907,
    "decoded": 907,
    "decoded_ratio": 1.0
  },
  "ros_jpeg": {
    "count": 0,
    "expected": 840,
    "frame_loss": null,
    "fps_effective": null,
    "mean_ms": null,
    "stddev_ms": null,
    "p50_ms": null,
    "p95_ms": null,
    "p99_ms": null,
    "max_ms": null,
    "p50_ms_raw": null,
    "p95_ms_raw": null,
    "p99_ms_raw": null,
    "mean_ms_raw": null,
    "max_ms_raw": null,
    "producer_encode_mean_ms": 0.6280750518819939,
    "first_id": null,
    "last_id": null,
    "gap_count": null,
    "seen": null,
    "decoded": null,
    "decoded_ratio": null
  },
  "cpu_stack": {
    "ros2": {
      "mean_pct": 0.0,
      "p95_pct": 0.0,
      "n": 56
    },
    "gscam_node": {
      "mean_pct": 25.571428571428573,
      "p95_pct": 28.0,
      "n": 56
    },
    "gst-launch-1.0": {
      "mean_pct": 21.107142857142858,
      "p95_pct": 24.0,
      "n": 56
    },
    "_total": {
      "mean_pct": 46.67857142857143,
      "p95_pct": 50.0,
      "n": 56
    }
  },
  "producer": {
    "frames_produced": 983,
    "underruns": 0,
    "underrun_total_late_ms": 0,
    "base_video_frames": 1439,
    "base_video_catch_up_reuses": 0,
    "encode_count": 983,
    "encode_total_ns": 617397776,
    "encode_max_ns": 3034749
  }
}