{
  "scenario": "cam-both-usb_cam+gst_bridge-yuv-rtp",
  "duration_s": 30,
  "warmup_frames": 60,
  "expected_after_warmup": 840,
  "stream": {
    "count": 838,
    "expected": 840,
    "frame_loss": 0.0023809523809523725,
    "fps_effective": 29.998041857926548,
    "mean_ms": 17.615628939959016,
    "stddev_ms": 0.6523015901691787,
    "p50_ms": 17.557043912512714,
    "p95_ms": 18.426795012512716,
    "p99_ms": 20.767131802512715,
    "max_ms": 21.967768912512717,
    "p50_ms_raw": 18.188926,
    "p95_ms_raw": 19.0586771,
    "p99_ms_raw": 21.39901389,
    "mean_ms_raw": 18.2475110274463,
    "max_ms_raw": 22.599651,
    "producer_encode_mean_ms": 0.6318820874872839,
    "first_id": 144,
    "last_id": 981,
    "gap_count": 0,
    "seen": 898,
    "decoded": 898,
    "decoded_ratio": 1.0
  },
  "ros_raw": {
    "count": 847,
    "expected": 840,
    "frame_loss": 0.0,
    "fps_effective": 30.00010591420371,
    "mean_ms": 7.481060923138454,
    "stddev_ms": 0.266188597383345,
    "p50_ms": 7.457364912512716,
    "p95_ms": 7.7972852125127154,
    "p99_ms": 8.141110012512714,
    "max_ms": 11.120034912512716,
    "p50_ms_raw": 8.089247,
    "p95_ms_raw": 8.4291673,
    "p99_ms_raw": 8.772992099999998,
    "mean_ms_raw": 8.112943010625738,
    "max_ms_raw": 11.751917,
    "producer_encode_mean_ms": 0.6318820874872839,
    "first_id": 135,
    "last_id": 981,
    "gap_count": 0,
    "seen": 907,
    "decoded": 907,
    "decoded_ratio": 1.0
  },
  "ros_jpeg": {
    "count": 0,
    "expected": 840,
    "frame_loss": null,
    "fps_effective": null,
    "mean_ms": null,
    "stddev_ms": null,
    "p50_ms": null,
    "p95_ms": null,
    "p99_ms": null,
    "max_ms": null,
    "p50_ms_raw": null,
    "p95_ms_raw": null,
    "p99_ms_raw": null,
    "mean_ms_raw": null,
    "max_ms_raw": null,
    "producer_encode_mean_ms": 0.6318820874872839,
    "first_id": null,
    "last_id": null,
    "gap_count": null,
    "seen": null,
    "decoded": null,
    "decoded_ratio": null
  },
  "cpu_stack": {
    "ros2": {
      "mean_pct": 0.0,
      "p95_pct": 0.0,
      "n": 56
    },
    "usb_cam_node_ex": {
      "mean_pct": 17.178571428571427,
      "p95_pct": 18.0,
      "n": 56
    },
    "gst-launch-1.0": {
      "mean_pct": 20.892857142857142,
      "p95_pct": 22.5,
      "n": 56
    },
    "_total": {
      "mean_pct": 38.07142857142857,
      "p95_pct": 40.5,
      "n": 56
    }
  },
  "producer": {
    "frames_produced": 983,
    "underruns": 0,
    "underrun_total_late_ms": 0,
    "base_video_frames": 1439,
    "base_video_catch_up_reuses": 0,
    "encode_count": 983,
    "encode_total_ns": 621140092,
    "encode_max_ns": 2649809
  }
}