{
  "scenario": "cam-both-usb_cam+gst_bridge-yuv-rtp",
  "duration_s": 15,
  "warmup_frames": 60,
  "expected_after_warmup": 390,
  "stream": {
    "count": 343,
    "expected": 390,
    "frame_loss": 0.12051282051282053,
    "fps_effective": 29.99997799738456,
    "mean_ms": 8.833708469202552,
    "stddev_ms": 0.5222394328343639,
    "p50_ms": 8.748404883196722,
    "p95_ms": 9.91336628319672,
    "p99_ms": 10.47296240319672,
    "max_ms": 11.456590883196721,
    "p50_ms_raw": 9.003733,
    "p95_ms_raw": 10.168694399999998,
    "p99_ms_raw": 10.728290519999998,
    "mean_ms_raw": 9.08903658600583,
    "max_ms_raw": 11.711919,
    "producer_encode_mean_ms": 0.25532811680327866,
    "first_id": 145,
    "last_id": 487,
    "gap_count": 0,
    "seen": 403,
    "decoded": 403,
    "decoded_ratio": 1.0
  },
  "ros_raw": {
    "count": 403,
    "expected": 390,
    "frame_loss": 0.0,
    "fps_effective": 30.004121148887002,
    "mean_ms": 3.3686360693009396,
    "stddev_ms": 0.2968219656319099,
    "p50_ms": 3.2972528831967214,
    "p95_ms": 3.8695939831967205,
    "p99_ms": 4.490581783196723,
    "max_ms": 5.677037883196721,
    "p50_ms_raw": 3.552581,
    "p95_ms_raw": 4.124922099999999,
    "p99_ms_raw": 4.745909900000002,
    "mean_ms_raw": 3.623964186104218,
    "max_ms_raw": 5.932366,
    "producer_encode_mean_ms": 0.25532811680327866,
    "first_id": 85,
    "last_id": 487,
    "gap_count": 0,
    "seen": 463,
    "decoded": 463,
    "decoded_ratio": 1.0
  },
  "ros_jpeg": {
    "count": 0,
    "expected": 390,
    "frame_loss": null,
    "fps_effective": null,
    "mean_ms": null,
    "stddev_ms": null,
    "p50_ms": null,
    "p95_ms": null,
    "p99_ms": null,
    "max_ms": null,
    "p50_ms_raw": null,
    "p95_ms_raw": null,
    "p99_ms_raw": null,
    "mean_ms_raw": null,
    "max_ms_raw": null,
    "producer_encode_mean_ms": 0.25532811680327866,
    "first_id": null,
    "last_id": null,
    "gap_count": null,
    "seen": null,
    "decoded": null,
    "decoded_ratio": null
  },
  "cpu_stack": {
    "ros2": {
      "mean_pct": 0.0,
      "p95_pct": 0.0,
      "n": 26
    },
    "usb_cam_node_ex": {
      "mean_pct": 8.153846153846153,
      "p95_pct": 10.0,
      "n": 26
    },
    "gst-launch-1.0": {
      "mean_pct": 10.384615384615385,
      "p95_pct": 12.0,
      "n": 26
    },
    "_total": {
      "mean_pct": 18.53846153846154,
      "p95_pct": 20.0,
      "n": 26
    }
  },
  "producer": {
    "frames_produced": 488,
    "underruns": 0,
    "underrun_total_late_ms": 0,
    "base_video_frames": 1100,
    "base_video_catch_up_reuses": 0,
    "encode_count": 488,
    "encode_total_ns": 124600121,
    "encode_max_ns": 877451
  }
}