{
  "scenario": "cam-both-rcs-yuv-webrtc",
  "duration_s": 30,
  "warmup_frames": 60,
  "expected_after_warmup": 840,
  "stream": {
    "count": 818,
    "expected": 840,
    "frame_loss": 0.02619047619047621,
    "fps_effective": 29.999806143602747,
    "mean_ms": 9.648081398170829,
    "stddev_ms": 0.706640982535043,
    "p50_ms": 9.478689054650047,
    "p95_ms": 10.850899654650046,
    "p99_ms": 12.853596984650055,
    "max_ms": 13.214226054650048,
    "p50_ms_raw": 10.117856,
    "p95_ms_raw": 11.490066599999999,
    "p99_ms_raw": 13.492763930000008,
    "mean_ms_raw": 10.287248343520782,
    "max_ms_raw": 13.853393,
    "producer_encode_mean_ms": 0.6391669453499521,
    "first_id": 225,
    "last_id": 1042,
    "gap_count": 0,
    "seen": 878,
    "decoded": 878,
    "decoded_ratio": 1.0
  },
  "ros_raw": {
    "count": 900,
    "expected": 840,
    "frame_loss": 0.0,
    "fps_effective": 30.000067222508804,
    "mean_ms": 9.199261983538937,
    "stddev_ms": 0.4245308318344295,
    "p50_ms": 9.103797054650048,
    "p95_ms": 9.763536754650048,
    "p99_ms": 10.740551094650042,
    "max_ms": 13.306017054650047,
    "p50_ms_raw": 9.742964,
    "p95_ms_raw": 10.4027037,
    "p99_ms_raw": 11.379718039999995,
    "mean_ms_raw": 9.83842892888889,
    "max_ms_raw": 13.945184,
    "producer_encode_mean_ms": 0.6391669453499521,
    "first_id": 134,
    "last_id": 1033,
    "gap_count": 0,
    "seen": 960,
    "decoded": 960,
    "decoded_ratio": 1.0
  },
  "ros_jpeg": {
    "count": 0,
    "expected": 840,
    "frame_loss": null,
    "fps_effective": null,
    "mean_ms": null,
    "stddev_ms": null,
    "p50_ms": null,
    "p95_ms": null,
    "p99_ms": null,
    "max_ms": null,
    "p50_ms_raw": null,
    "p95_ms_raw": null,
    "p99_ms_raw": null,
    "mean_ms_raw": null,
    "max_ms_raw": null,
    "producer_encode_mean_ms": 0.6391669453499521,
    "first_id": null,
    "last_id": null,
    "gap_count": null,
    "seen": null,
    "decoded": null,
    "decoded_ratio": null
  },
  "cpu_stack": {
    "ros2": {
      "mean_pct": 0.0,
      "p95_pct": 0.0,
      "n": 56
    },
    "camera_server_s": {
      "mean_pct": 32.535714285714285,
      "p95_pct": 34.5,
      "n": 56
    },
    "_total": {
      "mean_pct": 32.535714285714285,
      "p95_pct": 34.5,
      "n": 56
    }
  },
  "producer": {
    "frames_produced": 1043,
    "underruns": 0,
    "underrun_total_late_ms": 0,
    "base_video_frames": 1440,
    "base_video_catch_up_reuses": 0,
    "encode_count": 1043,
    "encode_total_ns": 666651124,
    "encode_max_ns": 3036951
  }
}