{
  "scenario": "cam-both-rcs-yuv-webrtc",
  "duration_s": 15,
  "warmup_frames": 60,
  "expected_after_warmup": 390,
  "stream": {
    "count": 361,
    "expected": 390,
    "frame_loss": 0.07435897435897432,
    "fps_effective": 29.999661403821623,
    "mean_ms": 5.338084904447297,
    "stddev_ms": 0.4428593726394242,
    "p50_ms": 5.27812134489051,
    "p95_ms": 6.181540344890511,
    "p99_ms": 6.862028944890509,
    "max_ms": 7.4866603448905105,
    "p50_ms_raw": 5.534971,
    "p95_ms_raw": 6.43839,
    "p99_ms_raw": 7.118878599999999,
    "mean_ms_raw": 5.594934559556786,
    "max_ms_raw": 7.74351,
    "producer_encode_mean_ms": 0.25684965510948904,
    "first_id": 187,
    "last_id": 547,
    "gap_count": 0,
    "seen": 421,
    "decoded": 421,
    "decoded_ratio": 1.0
  },
  "ros_raw": {
    "count": 422,
    "expected": 390,
    "frame_loss": 0.0,
    "fps_effective": 29.9993773248009,
    "mean_ms": 3.0592149586345867,
    "stddev_ms": 0.2989448961444805,
    "p50_ms": 3.013134344890511,
    "p95_ms": 3.3596642448905105,
    "p99_ms": 4.306386924890523,
    "max_ms": 5.873617344890511,
    "p50_ms_raw": 3.269984,
    "p95_ms_raw": 3.6165138999999997,
    "p99_ms_raw": 4.563236580000012,
    "mean_ms_raw": 3.316064613744076,
    "max_ms_raw": 6.130467,
    "producer_encode_mean_ms": 0.25684965510948904,
    "first_id": 126,
    "last_id": 547,
    "gap_count": 0,
    "seen": 482,
    "decoded": 482,
    "decoded_ratio": 1.0
  },
  "ros_jpeg": {
    "count": 0,
    "expected": 390,
    "frame_loss": null,
    "fps_effective": null,
    "mean_ms": null,
    "stddev_ms": null,
    "p50_ms": null,
    "p95_ms": null,
    "p99_ms": null,
    "max_ms": null,
    "p50_ms_raw": null,
    "p95_ms_raw": null,
    "p99_ms_raw": null,
    "mean_ms_raw": null,
    "max_ms_raw": null,
    "producer_encode_mean_ms": 0.25684965510948904,
    "first_id": null,
    "last_id": null,
    "gap_count": null,
    "seen": null,
    "decoded": null,
    "decoded_ratio": null
  },
  "cpu_stack": {
    "ros2": {
      "mean_pct": 0.0,
      "p95_pct": 0.0,
      "n": 26
    },
    "camera_server_s": {
      "mean_pct": 12.153846153846153,
      "p95_pct": 14.0,
      "n": 26
    },
    "_total": {
      "mean_pct": 12.153846153846153,
      "p95_pct": 14.0,
      "n": 26
    }
  },
  "producer": {
    "frames_produced": 548,
    "underruns": 0,
    "underrun_total_late_ms": 0,
    "base_video_frames": 1100,
    "base_video_catch_up_reuses": 0,
    "encode_count": 548,
    "encode_total_ns": 140753611,
    "encode_max_ns": 1125366
  }
}