{
  "scenario": "cam-both-usb_cam+gst_bridge-yuv-rtp",
  "duration_s": 30,
  "warmup_frames": 60,
  "expected_after_warmup": 840,
  "stream": {
    "count": 838,
    "expected": 840,
    "frame_loss": 0.0023809523809523725,
    "fps_effective": 29.99770211258218,
    "mean_ms": 17.750389268475786,
    "stddev_ms": 0.7473341549010116,
    "p50_ms": 17.646673972533062,
    "p95_ms": 19.079415522533065,
    "p99_ms": 21.13846402253306,
    "max_ms": 22.42133997253306,
    "p50_ms_raw": 18.286851,
    "p95_ms_raw": 19.71959255,
    "p99_ms_raw": 21.778641049999997,
    "mean_ms_raw": 18.390566295942723,
    "max_ms_raw": 23.061517,
    "producer_encode_mean_ms": 0.6401770274669379,
    "first_id": 145,
    "last_id": 982,
    "gap_count": 0,
    "seen": 898,
    "decoded": 898,
    "decoded_ratio": 1.0
  },
  "ros_raw": {
    "count": 849,
    "expected": 840,
    "frame_loss": 0.0,
    "fps_effective": 30.000316172553834,
    "mean_ms": 7.551651789965336,
    "stddev_ms": 0.36475304286222116,
    "p50_ms": 7.493583972533062,
    "p95_ms": 7.985497572533062,
    "p99_ms": 8.75064049253306,
    "max_ms": 12.69922797253306,
    "p50_ms_raw": 8.133761,
    "p95_ms_raw": 8.6256746,
    "p99_ms_raw": 9.390817519999999,
    "mean_ms_raw": 8.191828817432274,
    "max_ms_raw": 13.339405,
    "producer_encode_mean_ms": 0.6401770274669379,
    "first_id": 134,
    "last_id": 982,
    "gap_count": 0,
    "seen": 909,
    "decoded": 909,
    "decoded_ratio": 1.0
  },
  "ros_jpeg": {
    "count": 0,
    "expected": 840,
    "frame_loss": null,
    "fps_effective": null,
    "mean_ms": null,
    "stddev_ms": null,
    "p50_ms": null,
    "p95_ms": null,
    "p99_ms": null,
    "max_ms": null,
    "p50_ms_raw": null,
    "p95_ms_raw": null,
    "p99_ms_raw": null,
    "mean_ms_raw": null,
    "max_ms_raw": null,
    "producer_encode_mean_ms": 0.6401770274669379,
    "first_id": null,
    "last_id": null,
    "gap_count": null,
    "seen": null,
    "decoded": null,
    "decoded_ratio": null
  },
  "cpu_stack": {
    "ros2": {
      "mean_pct": 0.0,
      "p95_pct": 0.0,
      "n": 56
    },
    "usb_cam_node_ex": {
      "mean_pct": 17.214285714285715,
      "p95_pct": 18.0,
      "n": 56
    },
    "gst-launch-1.0": {
      "mean_pct": 21.178571428571427,
      "p95_pct": 22.0,
      "n": 56
    },
    "_total": {
      "mean_pct": 38.392857142857146,
      "p95_pct": 40.0,
      "n": 56
    }
  },
  "producer": {
    "frames_produced": 983,
    "underruns": 0,
    "underrun_total_late_ms": 0,
    "base_video_frames": 1440,
    "base_video_catch_up_reuses": 0,
    "encode_count": 983,
    "encode_total_ns": 629294018,
    "encode_max_ns": 2578844
  }
}