{
  "scenario": "cam-both-rcs-mjpeg-rtp",
  "duration_s": 15,
  "warmup_frames": 60,
  "expected_after_warmup": 390,
  "stream": {
    "count": 329,
    "expected": 390,
    "frame_loss": 0.1564102564102564,
    "fps_effective": 30.000390293187316,
    "mean_ms": 5.599849171148511,
    "stddev_ms": 0.45212588701570816,
    "p50_ms": 5.551017858078602,
    "p95_ms": 6.336583458078602,
    "p99_ms": 6.9237996980786,
    "max_ms": 7.443205858078603,
    "p50_ms_raw": 7.23551,
    "p95_ms_raw": 8.0210756,
    "p99_ms_raw": 8.608291839999998,
    "mean_ms_raw": 7.284341313069909,
    "max_ms_raw": 9.127698,
    "producer_encode_mean_ms": 1.6844921419213974,
    "first_id": 129,
    "last_id": 457,
    "gap_count": 0,
    "seen": 389,
    "decoded": 389,
    "decoded_ratio": 1.0
  },
  "ros_raw": {
    "count": 0,
    "expected": 390,
    "frame_loss": null,
    "fps_effective": null,
    "mean_ms": null,
    "stddev_ms": null,
    "p50_ms": null,
    "p95_ms": null,
    "p99_ms": null,
    "max_ms": null,
    "p50_ms_raw": null,
    "p95_ms_raw": null,
    "p99_ms_raw": null,
    "mean_ms_raw": null,
    "max_ms_raw": null,
    "producer_encode_mean_ms": 1.6844921419213974,
    "first_id": null,
    "last_id": null,
    "gap_count": null,
    "seen": null,
    "decoded": null,
    "decoded_ratio": null
  },
  "ros_jpeg": {
    "count": 330,
    "expected": 390,
    "frame_loss": 0.15384615384615385,
    "fps_effective": 30.00114394817819,
    "mean_ms": 1.924825206563451,
    "stddev_ms": 0.3437189926997754,
    "p50_ms": 1.8550958580786028,
    "p95_ms": 2.742619258078603,
    "p99_ms": 3.1045222180786003,
    "max_ms": 3.342871858078603,
    "p50_ms_raw": 3.539588,
    "p95_ms_raw": 4.4271114,
    "p99_ms_raw": 4.789014359999998,
    "mean_ms_raw": 3.6093173484848484,
    "max_ms_raw": 5.027364,
    "producer_encode_mean_ms": 1.6844921419213974,
    "first_id": 128,
    "last_id": 457,
    "gap_count": 0,
    "seen": 390,
    "decoded": 390,
    "decoded_ratio": 1.0
  },
  "cpu_stack": {
    "ros2": {
      "mean_pct": 0.0,
      "p95_pct": 0.0,
      "n": 26
    },
    "camera_server_s": {
      "mean_pct": 6.153846153846154,
      "p95_pct": 8.0,
      "n": 26
    },
    "_total": {
      "mean_pct": 6.153846153846154,
      "p95_pct": 8.0,
      "n": 26
    }
  },
  "producer": {
    "frames_produced": 458,
    "underruns": 0,
    "underrun_total_late_ms": 0,
    "base_video_frames": 1100,
    "base_video_catch_up_reuses": 0,
    "encode_count": 458,
    "encode_total_ns": 771497401,
    "encode_max_ns": 3483801
  }
}