{
  "scenario": "cam-both-rcs-mjpeg-rtp",
  "duration_s": 30,
  "warmup_frames": 60,
  "expected_after_warmup": 840,
  "stream": {
    "count": 825,
    "expected": 840,
    "frame_loss": 0.017857142857142905,
    "fps_effective": 30.001888791483104,
    "mean_ms": 8.737695430411142,
    "stddev_ms": 0.5812406552517505,
    "p50_ms": 8.677617975865687,
    "p95_ms": 9.548925775865685,
    "p99_ms": 10.944321295865684,
    "max_ms": 13.133417975865687,
    "p50_ms_raw": 11.987361,
    "p95_ms_raw": 12.858668799999998,
    "p99_ms_raw": 14.254064319999998,
    "mean_ms_raw": 12.047438454545455,
    "max_ms_raw": 16.443161,
    "producer_encode_mean_ms": 3.309743024134313,
    "first_id": 127,
    "last_id": 951,
    "gap_count": 0,
    "seen": 885,
    "decoded": 885,
    "decoded_ratio": 1.0
  },
  "ros_raw": {
    "count": 0,
    "expected": 840,
    "frame_loss": null,
    "fps_effective": null,
    "mean_ms": null,
    "stddev_ms": null,
    "p50_ms": null,
    "p95_ms": null,
    "p99_ms": null,
    "max_ms": null,
    "p50_ms_raw": null,
    "p95_ms_raw": null,
    "p99_ms_raw": null,
    "mean_ms_raw": null,
    "max_ms_raw": null,
    "producer_encode_mean_ms": 3.309743024134313,
    "first_id": null,
    "last_id": null,
    "gap_count": null,
    "seen": null,
    "decoded": null,
    "decoded_ratio": null
  },
  "ros_jpeg": {
    "count": 826,
    "expected": 840,
    "frame_loss": 0.01666666666666672,
    "fps_effective": 30.006018542822773,
    "mean_ms": 2.6172414274395366,
    "stddev_ms": 0.5686247230469972,
    "p50_ms": 2.5398414758656878,
    "p95_ms": 3.112138975865687,
    "p99_ms": 4.2766427258656865,
    "max_ms": 8.990045975865687,
    "p50_ms_raw": 5.849584500000001,
    "p95_ms_raw": 6.421882,
    "p99_ms_raw": 7.58638575,
    "mean_ms_raw": 5.9269844515738495,
    "max_ms_raw": 12.299789,
    "producer_encode_mean_ms": 3.309743024134313,
    "first_id": 127,
    "last_id": 952,
    "gap_count": 0,
    "seen": 886,
    "decoded": 886,
    "decoded_ratio": 1.0
  },
  "cpu_stack": {
    "ros2": {
      "mean_pct": 0.0,
      "p95_pct": 0.0,
      "n": 56
    },
    "camera_server_s": {
      "mean_pct": 3.642857142857143,
      "p95_pct": 6.0,
      "n": 56
    },
    "_total": {
      "mean_pct": 3.642857142857143,
      "p95_pct": 6.0,
      "n": 56
    }
  },
  "producer": {
    "frames_produced": 953,
    "underruns": 0,
    "underrun_total_late_ms": 0,
    "base_video_frames": 1439,
    "base_video_catch_up_reuses": 0,
    "encode_count": 953,
    "encode_total_ns": 3154185102,
    "encode_max_ns": 7741968
  }
}