{
  "scenario": "cam-both-rcs-mjpeg-rtp",
  "duration_s": 15,
  "warmup_frames": 60,
  "expected_after_warmup": 390,
  "stream": {
    "count": 329,
    "expected": 390,
    "frame_loss": 0.1564102564102564,
    "fps_effective": 29.99947843528733,
    "mean_ms": 5.660278220324923,
    "stddev_ms": 0.41900165472695866,
    "p50_ms": 5.640775569868996,
    "p95_ms": 6.3733269698689945,
    "p99_ms": 6.612481969868993,
    "max_ms": 7.862496569868995,
    "p50_ms_raw": 7.427359,
    "p95_ms_raw": 8.1599104,
    "p99_ms_raw": 8.399065399999998,
    "mean_ms_raw": 7.4468616504559275,
    "max_ms_raw": 9.64908,
    "producer_encode_mean_ms": 1.7865834301310044,
    "first_id": 129,
    "last_id": 457,
    "gap_count": 0,
    "seen": 389,
    "decoded": 389,
    "decoded_ratio": 1.0
  },
  "ros_raw": {
    "count": 0,
    "expected": 390,
    "frame_loss": null,
    "fps_effective": null,
    "mean_ms": null,
    "stddev_ms": null,
    "p50_ms": null,
    "p95_ms": null,
    "p99_ms": null,
    "max_ms": null,
    "p50_ms_raw": null,
    "p95_ms_raw": null,
    "p99_ms_raw": null,
    "mean_ms_raw": null,
    "max_ms_raw": null,
    "producer_encode_mean_ms": 1.7865834301310044,
    "first_id": null,
    "last_id": null,
    "gap_count": null,
    "seen": null,
    "decoded": null,
    "decoded_ratio": null
  },
  "ros_jpeg": {
    "count": 330,
    "expected": 390,
    "frame_loss": 0.15384615384615385,
    "fps_effective": 30.001141242500978,
    "mean_ms": 1.8925908577477832,
    "stddev_ms": 0.3654798977205908,
    "p50_ms": 1.8212070698689957,
    "p95_ms": 2.447602869868996,
    "p99_ms": 3.1931437098689934,
    "max_ms": 4.7776345698689955,
    "p50_ms_raw": 3.6077905,
    "p95_ms_raw": 4.2341863,
    "p99_ms_raw": 4.979727139999998,
    "mean_ms_raw": 3.6791742878787876,
    "max_ms_raw": 6.564218,
    "producer_encode_mean_ms": 1.7865834301310044,
    "first_id": 128,
    "last_id": 457,
    "gap_count": 0,
    "seen": 390,
    "decoded": 390,
    "decoded_ratio": 1.0
  },
  "cpu_stack": {
    "ros2": {
      "mean_pct": 0.0,
      "p95_pct": 0.0,
      "n": 26
    },
    "camera_server_s": {
      "mean_pct": 6.384615384615385,
      "p95_pct": 11.0,
      "n": 26
    },
    "_total": {
      "mean_pct": 6.384615384615385,
      "p95_pct": 11.0,
      "n": 26
    }
  },
  "producer": {
    "frames_produced": 458,
    "underruns": 0,
    "underrun_total_late_ms": 0,
    "base_video_frames": 1100,
    "base_video_catch_up_reuses": 0,
    "encode_count": 458,
    "encode_total_ns": 818255211,
    "encode_max_ns": 5613935
  }
}