{
  "scenario": "cam-both-rcs-mjpeg-rtp",
  "duration_s": 30,
  "warmup_frames": 60,
  "expected_after_warmup": 840,
  "stream": {
    "count": 818,
    "expected": 840,
    "frame_loss": 0.02619047619047621,
    "fps_effective": 29.99841745092832,
    "mean_ms": 8.83507754976307,
    "stddev_ms": 0.5525938546764436,
    "p50_ms": 8.819773742917105,
    "p95_ms": 9.663607292917105,
    "p99_ms": 10.692066862917105,
    "max_ms": 11.799653742917105,
    "p50_ms_raw": 12.118182000000001,
    "p95_ms_raw": 12.96201555,
    "p99_ms_raw": 13.990475120000001,
    "mean_ms_raw": 12.133485806845966,
    "max_ms_raw": 15.098062,
    "producer_encode_mean_ms": 3.298408257082896,
    "first_id": 134,
    "last_id": 951,
    "gap_count": 0,
    "seen": 878,
    "decoded": 878,
    "decoded_ratio": 1.0
  },
  "ros_raw": {
    "count": 0,
    "expected": 840,
    "frame_loss": null,
    "fps_effective": null,
    "mean_ms": null,
    "stddev_ms": null,
    "p50_ms": null,
    "p95_ms": null,
    "p99_ms": null,
    "max_ms": null,
    "p50_ms_raw": null,
    "p95_ms_raw": null,
    "p99_ms_raw": null,
    "mean_ms_raw": null,
    "max_ms_raw": null,
    "producer_encode_mean_ms": 3.298408257082896,
    "first_id": null,
    "last_id": null,
    "gap_count": null,
    "seen": null,
    "decoded": null,
    "decoded_ratio": null
  },
  "ros_jpeg": {
    "count": 818,
    "expected": 840,
    "frame_loss": 0.02619047619047621,
    "fps_effective": 29.999956213283003,
    "mean_ms": 2.5752108358266397,
    "stddev_ms": 0.36966141543038245,
    "p50_ms": 2.529851742917104,
    "p95_ms": 3.1216008429171036,
    "p99_ms": 4.153005132917109,
    "max_ms": 5.319613742917104,
    "p50_ms_raw": 5.82826,
    "p95_ms_raw": 6.4200091,
    "p99_ms_raw": 7.451413390000004,
    "mean_ms_raw": 5.873619092909536,
    "max_ms_raw": 8.618022,
    "producer_encode_mean_ms": 3.298408257082896,
    "first_id": 134,
    "last_id": 951,
    "gap_count": 0,
    "seen": 878,
    "decoded": 878,
    "decoded_ratio": 1.0
  },
  "cpu_stack": {
    "ros2": {
      "mean_pct": 0.0,
      "p95_pct": 0.0,
      "n": 56
    },
    "camera_server_s": {
      "mean_pct": 3.642857142857143,
      "p95_pct": 6.0,
      "n": 56
    },
    "_total": {
      "mean_pct": 3.642857142857143,
      "p95_pct": 6.0,
      "n": 56
    }
  },
  "producer": {
    "frames_produced": 953,
    "underruns": 0,
    "underrun_total_late_ms": 0,
    "base_video_frames": 1439,
    "base_video_catch_up_reuses": 0,
    "encode_count": 953,
    "encode_total_ns": 3143383069,
    "encode_max_ns": 7684754
  }
}