{
  "scenario": "cam-both-usb_cam+gst_bridge-mjpeg-rtp",
  "duration_s": 30,
  "warmup_frames": 60,
  "expected_after_warmup": 840,
  "stream": {
    "count": 838,
    "expected": 840,
    "frame_loss": 0.0023809523809523725,
    "fps_effective": 29.998371138982044,
    "mean_ms": 18.014926489656297,
    "stddev_ms": 0.7796747033037864,
    "p50_ms": 17.950000449083504,
    "p95_ms": 19.238891099083503,
    "p99_ms": 21.4058969790835,
    "max_ms": 24.5132729490835,
    "p50_ms_raw": 21.2318565,
    "p95_ms_raw": 22.52074715,
    "p99_ms_raw": 24.687753029999996,
    "mean_ms_raw": 21.296782540572792,
    "max_ms_raw": 27.795129,
    "producer_encode_mean_ms": 3.281856050916497,
    "first_id": 144,
    "last_id": 981,
    "gap_count": 0,
    "seen": 898,
    "decoded": 898,
    "decoded_ratio": 1.0
  },
  "ros_raw": {
    "count": 854,
    "expected": 840,
    "frame_loss": 0.0,
    "fps_effective": 30.00561651989451,
    "mean_ms": 7.938443554469918,
    "stddev_ms": 0.6748913103809038,
    "p50_ms": 7.872646949083503,
    "p95_ms": 8.588382549083502,
    "p99_ms": 10.734337889083507,
    "max_ms": 16.423896949083506,
    "p50_ms_raw": 11.154503,
    "p95_ms_raw": 11.870238599999999,
    "p99_ms_raw": 14.016193940000004,
    "mean_ms_raw": 11.220299605386415,
    "max_ms_raw": 19.705753,
    "producer_encode_mean_ms": 3.281856050916497,
    "first_id": 128,
    "last_id": 981,
    "gap_count": 0,
    "seen": 914,
    "decoded": 914,
    "decoded_ratio": 1.0
  },
  "ros_jpeg": {
    "count": 0,
    "expected": 840,
    "frame_loss": null,
    "fps_effective": null,
    "mean_ms": null,
    "stddev_ms": null,
    "p50_ms": null,
    "p95_ms": null,
    "p99_ms": null,
    "max_ms": null,
    "p50_ms_raw": null,
    "p95_ms_raw": null,
    "p99_ms_raw": null,
    "mean_ms_raw": null,
    "max_ms_raw": null,
    "producer_encode_mean_ms": 3.281856050916497,
    "first_id": null,
    "last_id": null,
    "gap_count": null,
    "seen": null,
    "decoded": null,
    "decoded_ratio": null
  },
  "cpu_stack": {
    "ros2": {
      "mean_pct": 0.0,
      "p95_pct": 0.0,
      "n": 56
    },
    "usb_cam_node_ex": {
      "mean_pct": 19.714285714285715,
      "p95_pct": 22.0,
      "n": 56
    },
    "gst-launch-1.0": {
      "mean_pct": 20.964285714285715,
      "p95_pct": 22.5,
      "n": 56
    },
    "_total": {
      "mean_pct": 40.67857142857143,
      "p95_pct": 44.0,
      "n": 56
    }
  },
  "producer": {
    "frames_produced": 982,
    "underruns": 0,
    "underrun_total_late_ms": 0,
    "base_video_frames": 1440,
    "base_video_catch_up_reuses": 0,
    "encode_count": 982,
    "encode_total_ns": 3222782642,
    "encode_max_ns": 13855791
  }
}