{
  "scenario": "cam-both-usb_cam+gst_bridge-mjpeg-rtp",
  "duration_s": 15,
  "warmup_frames": 60,
  "expected_after_warmup": 390,
  "stream": {
    "count": 344,
    "expected": 390,
    "frame_loss": 0.11794871794871797,
    "fps_effective": 30.00000619067183,
    "mean_ms": 9.667886847979412,
    "stddev_ms": 0.7082509017660876,
    "p50_ms": 9.48242300204918,
    "p95_ms": 10.974862402049178,
    "p99_ms": 12.42190478204918,
    "max_ms": 13.97103950204918,
    "p50_ms_raw": 11.2056665,
    "p95_ms_raw": 12.698105899999998,
    "p99_ms_raw": 14.14514828,
    "mean_ms_raw": 11.391130345930232,
    "max_ms_raw": 15.694283,
    "producer_encode_mean_ms": 1.7232434979508198,
    "first_id": 144,
    "last_id": 487,
    "gap_count": 0,
    "seen": 404,
    "decoded": 404,
    "decoded_ratio": 1.0
  },
  "ros_raw": {
    "count": 404,
    "expected": 390,
    "frame_loss": 0.0,
    "fps_effective": 30.04122002911985,
    "mean_ms": 4.3012491579897745,
    "stddev_ms": 0.9418590180656247,
    "p50_ms": 4.13330250204918,
    "p95_ms": 5.169153202049181,
    "p99_ms": 6.4154932620491785,
    "max_ms": 20.270733502049183,
    "p50_ms_raw": 5.856546,
    "p95_ms_raw": 6.8923967,
    "p99_ms_raw": 8.138736759999999,
    "mean_ms_raw": 6.024492655940594,
    "max_ms_raw": 21.993977,
    "producer_encode_mean_ms": 1.7232434979508198,
    "first_id": 85,
    "last_id": 487,
    "gap_count": 0,
    "seen": 464,
    "decoded": 464,
    "decoded_ratio": 1.0
  },
  "ros_jpeg": {
    "count": 0,
    "expected": 390,
    "frame_loss": null,
    "fps_effective": null,
    "mean_ms": null,
    "stddev_ms": null,
    "p50_ms": null,
    "p95_ms": null,
    "p99_ms": null,
    "max_ms": null,
    "p50_ms_raw": null,
    "p95_ms_raw": null,
    "p99_ms_raw": null,
    "mean_ms_raw": null,
    "max_ms_raw": null,
    "producer_encode_mean_ms": 1.7232434979508198,
    "first_id": null,
    "last_id": null,
    "gap_count": null,
    "seen": null,
    "decoded": null,
    "decoded_ratio": null
  },
  "cpu_stack": {
    "ros2": {
      "mean_pct": 0.0,
      "p95_pct": 0.0,
      "n": 26
    },
    "usb_cam_node_ex": {
      "mean_pct": 11.076923076923077,
      "p95_pct": 13.5,
      "n": 26
    },
    "gst-launch-1.0": {
      "mean_pct": 10.384615384615385,
      "p95_pct": 12.0,
      "n": 26
    },
    "_total": {
      "mean_pct": 21.46153846153846,
      "p95_pct": 26.0,
      "n": 26
    }
  },
  "producer": {
    "frames_produced": 488,
    "underruns": 0,
    "underrun_total_late_ms": 0,
    "base_video_frames": 1100,
    "base_video_catch_up_reuses": 0,
    "encode_count": 488,
    "encode_total_ns": 840942827,
    "encode_max_ns": 3918582
  }
}