{
  "scenario": "cam-both-rcs-mjpeg-decoded-rtp",
  "duration_s": 15,
  "warmup_frames": 60,
  "expected_after_warmup": 390,
  "stream": {
    "count": 330,
    "expected": 390,
    "frame_loss": 0.15384615384615385,
    "fps_effective": 29.99564455217951,
    "mean_ms": 5.796647261160626,
    "stddev_ms": 0.41735493991740413,
    "p50_ms": 5.798924618736383,
    "p95_ms": 6.406881368736383,
    "p99_ms": 6.881904768736383,
    "max_ms": 7.794809618736383,
    "p50_ms_raw": 7.479094,
    "p95_ms_raw": 8.08705075,
    "p99_ms_raw": 8.562074149999999,
    "mean_ms_raw": 7.476816642424242,
    "max_ms_raw": 9.474979,
    "producer_encode_mean_ms": 1.6801693812636165,
    "first_id": 129,
    "last_id": 458,
    "gap_count": 0,
    "seen": 390,
    "decoded": 390,
    "decoded_ratio": 1.0
  },
  "ros_raw": {
    "count": 330,
    "expected": 390,
    "frame_loss": 0.15384615384615385,
    "fps_effective": 29.998439368120042,
    "mean_ms": 4.804741167221232,
    "stddev_ms": 0.7105258979019689,
    "p50_ms": 4.625517618736383,
    "p95_ms": 6.8451624187363835,
    "p99_ms": 7.504250408736383,
    "max_ms": 8.626490618736383,
    "p50_ms_raw": 6.305687,
    "p95_ms_raw": 8.5253318,
    "p99_ms_raw": 9.18441979,
    "mean_ms_raw": 6.484910548484849,
    "max_ms_raw": 10.30666,
    "producer_encode_mean_ms": 1.6801693812636165,
    "first_id": 129,
    "last_id": 458,
    "gap_count": 0,
    "seen": 390,
    "decoded": 390,
    "decoded_ratio": 1.0
  },
  "ros_jpeg": {
    "count": 0,
    "expected": 390,
    "frame_loss": null,
    "fps_effective": null,
    "mean_ms": null,
    "stddev_ms": null,
    "p50_ms": null,
    "p95_ms": null,
    "p99_ms": null,
    "max_ms": null,
    "p50_ms_raw": null,
    "p95_ms_raw": null,
    "p99_ms_raw": null,
    "mean_ms_raw": null,
    "max_ms_raw": null,
    "producer_encode_mean_ms": 1.6801693812636165,
    "first_id": null,
    "last_id": null,
    "gap_count": null,
    "seen": null,
    "decoded": null,
    "decoded_ratio": null
  },
  "cpu_stack": {
    "ros2": {
      "mean_pct": 0.0,
      "p95_pct": 0.0,
      "n": 26
    },
    "camera_server_s": {
      "mean_pct": 15.153846153846153,
      "p95_pct": 16.0,
      "n": 26
    },
    "_total": {
      "mean_pct": 15.153846153846153,
      "p95_pct": 16.0,
      "n": 26
    }
  },
  "producer": {
    "frames_produced": 459,
    "underruns": 0,
    "underrun_total_late_ms": 0,
    "base_video_frames": 1100,
    "base_video_catch_up_reuses": 0,
    "encode_count": 459,
    "encode_total_ns": 771197746,
    "encode_max_ns": 4047329
  }
}