{
  "scenario": "cam-both-rcs-mjpeg-decoded-rtp",
  "duration_s": 30,
  "warmup_frames": 60,
  "expected_after_warmup": 840,
  "stream": {
    "count": 820,
    "expected": 840,
    "frame_loss": 0.023809523809523836,
    "fps_effective": 29.99779476321313,
    "mean_ms": 9.042545501330842,
    "stddev_ms": 0.5618586799888868,
    "p50_ms": 9.002482074501573,
    "p95_ms": 9.903937874501572,
    "p99_ms": 10.62115732450157,
    "max_ms": 11.305728074501573,
    "p50_ms_raw": 12.348424,
    "p95_ms_raw": 13.249879799999999,
    "p99_ms_raw": 13.967099249999997,
    "mean_ms_raw": 12.388487426829268,
    "max_ms_raw": 14.65167,
    "producer_encode_mean_ms": 3.345941925498426,
    "first_id": 133,
    "last_id": 952,
    "gap_count": 0,
    "seen": 880,
    "decoded": 880,
    "decoded_ratio": 1.0
  },
  "ros_raw": {
    "count": 820,
    "expected": 840,
    "frame_loss": 0.023809523809523836,
    "fps_effective": 29.99935191400082,
    "mean_ms": 8.92641286108694,
    "stddev_ms": 0.47200908649613327,
    "p50_ms": 8.867213074501574,
    "p95_ms": 9.466784024501575,
    "p99_ms": 10.940111254501572,
    "max_ms": 14.649754074501573,
    "p50_ms_raw": 12.213155,
    "p95_ms_raw": 12.81272595,
    "p99_ms_raw": 14.286053179999998,
    "mean_ms_raw": 12.272354786585366,
    "max_ms_raw": 17.995696,
    "producer_encode_mean_ms": 3.345941925498426,
    "first_id": 133,
    "last_id": 952,
    "gap_count": 0,
    "seen": 880,
    "decoded": 880,
    "decoded_ratio": 1.0
  },
  "ros_jpeg": {
    "count": 0,
    "expected": 840,
    "frame_loss": null,
    "fps_effective": null,
    "mean_ms": null,
    "stddev_ms": null,
    "p50_ms": null,
    "p95_ms": null,
    "p99_ms": null,
    "max_ms": null,
    "p50_ms_raw": null,
    "p95_ms_raw": null,
    "p99_ms_raw": null,
    "mean_ms_raw": null,
    "max_ms_raw": null,
    "producer_encode_mean_ms": 3.345941925498426,
    "first_id": null,
    "last_id": null,
    "gap_count": null,
    "seen": null,
    "decoded": null,
    "decoded_ratio": null
  },
  "cpu_stack": {
    "ros2": {
      "mean_pct": 0.0,
      "p95_pct": 0.0,
      "n": 56
    },
    "camera_server_s": {
      "mean_pct": 21.607142857142858,
      "p95_pct": 22.5,
      "n": 56
    },
    "_total": {
      "mean_pct": 21.607142857142858,
      "p95_pct": 22.5,
      "n": 56
    }
  },
  "producer": {
    "frames_produced": 953,
    "underruns": 0,
    "underrun_total_late_ms": 0,
    "base_video_frames": 1440,
    "base_video_catch_up_reuses": 0,
    "encode_count": 953,
    "encode_total_ns": 3188682655,
    "encode_max_ns": 8465922
  }
}