{
  "scenario": "cam-both-gscam+gst_bridge-mjpeg-rtp",
  "duration_s": 30,
  "warmup_frames": 60,
  "expected_after_warmup": 840,
  "stream": {
    "count": 838,
    "expected": 840,
    "frame_loss": 0.0023809523809523725,
    "fps_effective": 29.99871172521658,
    "mean_ms": 18.089764813657773,
    "stddev_ms": 0.6194557191103205,
    "p50_ms": 18.089425195519347,
    "p95_ms": 18.88176719551935,
    "p99_ms": 20.016650705519346,
    "max_ms": 23.976467195519348,
    "p50_ms_raw": 21.436194999999998,
    "p95_ms_raw": 22.228537,
    "p99_ms_raw": 23.363420509999997,
    "mean_ms_raw": 21.436534618138424,
    "max_ms_raw": 27.323237,
    "producer_encode_mean_ms": 3.346769804480652,
    "first_id": 144,
    "last_id": 981,
    "gap_count": 0,
    "seen": 898,
    "decoded": 898,
    "decoded_ratio": 1.0
  },
  "ros_raw": {
    "count": 856,
    "expected": 840,
    "frame_loss": 0.0,
    "fps_effective": 29.999295018672274,
    "mean_ms": 8.037879035472617,
    "stddev_ms": 0.4144135812779186,
    "p50_ms": 8.01387269551935,
    "p95_ms": 8.622958945519347,
    "p99_ms": 8.955228595519351,
    "max_ms": 14.131304195519348,
    "p50_ms_raw": 11.3606425,
    "p95_ms_raw": 11.96972875,
    "p99_ms_raw": 12.301998400000002,
    "mean_ms_raw": 11.38464883995327,
    "max_ms_raw": 17.478074,
    "producer_encode_mean_ms": 3.346769804480652,
    "first_id": 126,
    "last_id": 981,
    "gap_count": 0,
    "seen": 916,
    "decoded": 916,
    "decoded_ratio": 1.0
  },
  "ros_jpeg": {
    "count": 0,
    "expected": 840,
    "frame_loss": null,
    "fps_effective": null,
    "mean_ms": null,
    "stddev_ms": null,
    "p50_ms": null,
    "p95_ms": null,
    "p99_ms": null,
    "max_ms": null,
    "p50_ms_raw": null,
    "p95_ms_raw": null,
    "p99_ms_raw": null,
    "mean_ms_raw": null,
    "max_ms_raw": null,
    "producer_encode_mean_ms": 3.346769804480652,
    "first_id": null,
    "last_id": null,
    "gap_count": null,
    "seen": null,
    "decoded": null,
    "decoded_ratio": null
  },
  "cpu_stack": {
    "ros2": {
      "mean_pct": 0.0,
      "p95_pct": 0.0,
      "n": 56
    },
    "gscam_node": {
      "mean_pct": 19.892857142857142,
      "p95_pct": 22.0,
      "n": 56
    },
    "gst-launch-1.0": {
      "mean_pct": 20.892857142857142,
      "p95_pct": 22.0,
      "n": 56
    },
    "_total": {
      "mean_pct": 40.785714285714285,
      "p95_pct": 42.5,
      "n": 56
    }
  },
  "producer": {
    "frames_produced": 982,
    "underruns": 0,
    "underrun_total_late_ms": 0,
    "base_video_frames": 1439,
    "base_video_catch_up_reuses": 0,
    "encode_count": 982,
    "encode_total_ns": 3286527948,
    "encode_max_ns": 8026126
  }
}