{
  "scenario": "cam-both-gscam+gst_bridge-mjpeg-rtp",
  "duration_s": 15,
  "warmup_frames": 60,
  "expected_after_warmup": 390,
  "stream": {
    "count": 344,
    "expected": 390,
    "frame_loss": 0.11794871794871797,
    "fps_effective": 30.00372855022577,
    "mean_ms": 9.663318246378193,
    "stddev_ms": 0.6592748933494484,
    "p50_ms": 9.503957022540984,
    "p95_ms": 11.273161922540984,
    "p99_ms": 12.044126232540984,
    "max_ms": 12.822024522540984,
    "p50_ms_raw": 11.2221335,
    "p95_ms_raw": 12.9913384,
    "p99_ms_raw": 13.76230271,
    "mean_ms_raw": 11.381494723837209,
    "max_ms_raw": 14.540201,
    "producer_encode_mean_ms": 1.7181764774590165,
    "first_id": 144,
    "last_id": 487,
    "gap_count": 0,
    "seen": 404,
    "decoded": 404,
    "decoded_ratio": 1.0
  },
  "ros_raw": {
    "count": 404,
    "expected": 390,
    "frame_loss": 0.0,
    "fps_effective": 30.001649275528862,
    "mean_ms": 4.253025648778607,
    "stddev_ms": 0.4799349363726207,
    "p50_ms": 4.137893522540985,
    "p95_ms": 5.279176422540983,
    "p99_ms": 6.10787692254098,
    "max_ms": 7.329615522540983,
    "p50_ms_raw": 5.856070000000001,
    "p95_ms_raw": 6.997352899999999,
    "p99_ms_raw": 7.826053399999997,
    "mean_ms_raw": 5.971202126237624,
    "max_ms_raw": 9.047792,
    "producer_encode_mean_ms": 1.7181764774590165,
    "first_id": 84,
    "last_id": 487,
    "gap_count": 0,
    "seen": 464,
    "decoded": 464,
    "decoded_ratio": 1.0
  },
  "ros_jpeg": {
    "count": 0,
    "expected": 390,
    "frame_loss": null,
    "fps_effective": null,
    "mean_ms": null,
    "stddev_ms": null,
    "p50_ms": null,
    "p95_ms": null,
    "p99_ms": null,
    "max_ms": null,
    "p50_ms_raw": null,
    "p95_ms_raw": null,
    "p99_ms_raw": null,
    "mean_ms_raw": null,
    "max_ms_raw": null,
    "producer_encode_mean_ms": 1.7181764774590165,
    "first_id": null,
    "last_id": null,
    "gap_count": null,
    "seen": null,
    "decoded": null,
    "decoded_ratio": null
  },
  "cpu_stack": {
    "ros2": {
      "mean_pct": 0.0,
      "p95_pct": 0.0,
      "n": 26
    },
    "gscam_node": {
      "mean_pct": 10.692307692307692,
      "p95_pct": 12.0,
      "n": 26
    },
    "gst-launch-1.0": {
      "mean_pct": 10.23076923076923,
      "p95_pct": 12.0,
      "n": 26
    },
    "_total": {
      "mean_pct": 20.923076923076923,
      "p95_pct": 24.0,
      "n": 26
    }
  },
  "producer": {
    "frames_produced": 488,
    "underruns": 0,
    "underrun_total_late_ms": 0,
    "base_video_frames": 1100,
    "base_video_catch_up_reuses": 0,
    "encode_count": 488,
    "encode_total_ns": 838470121,
    "encode_max_ns": 4070711
  }
}