{
  "scenario": "cam-both-gscam+gst_bridge-mjpeg-rtp",
  "duration_s": 30,
  "warmup_frames": 60,
  "expected_after_warmup": 840,
  "stream": {
    "count": 838,
    "expected": 840,
    "frame_loss": 0.0023809523809523725,
    "fps_effective": 29.999447104813612,
    "mean_ms": 18.1675850524209,
    "stddev_ms": 0.6640283829155154,
    "p50_ms": 18.10305132688391,
    "p95_ms": 19.18165487688391,
    "p99_ms": 20.88895879688391,
    "max_ms": 22.251033826883912,
    "p50_ms_raw": 21.4035905,
    "p95_ms_raw": 22.48219405,
    "p99_ms_raw": 24.189497969999998,
    "mean_ms_raw": 21.46812422553699,
    "max_ms_raw": 25.551573,
    "producer_encode_mean_ms": 3.3005391731160896,
    "first_id": 144,
    "last_id": 981,
    "gap_count": 0,
    "seen": 898,
    "decoded": 898,
    "decoded_ratio": 1.0
  },
  "ros_raw": {
    "count": 847,
    "expected": 840,
    "frame_loss": 0.0,
    "fps_effective": 29.999531636035677,
    "mean_ms": 8.050129309764666,
    "stddev_ms": 0.38221715529611366,
    "p50_ms": 8.018128826883911,
    "p95_ms": 8.580543226883911,
    "p99_ms": 9.114890566883908,
    "max_ms": 11.37314782688391,
    "p50_ms_raw": 11.318668,
    "p95_ms_raw": 11.8810824,
    "p99_ms_raw": 12.415429739999997,
    "mean_ms_raw": 11.350668482880755,
    "max_ms_raw": 14.673687,
    "producer_encode_mean_ms": 3.3005391731160896,
    "first_id": 135,
    "last_id": 981,
    "gap_count": 0,
    "seen": 907,
    "decoded": 907,
    "decoded_ratio": 1.0
  },
  "ros_jpeg": {
    "count": 0,
    "expected": 840,
    "frame_loss": null,
    "fps_effective": null,
    "mean_ms": null,
    "stddev_ms": null,
    "p50_ms": null,
    "p95_ms": null,
    "p99_ms": null,
    "max_ms": null,
    "p50_ms_raw": null,
    "p95_ms_raw": null,
    "p99_ms_raw": null,
    "mean_ms_raw": null,
    "max_ms_raw": null,
    "producer_encode_mean_ms": 3.3005391731160896,
    "first_id": null,
    "last_id": null,
    "gap_count": null,
    "seen": null,
    "decoded": null,
    "decoded_ratio": null
  },
  "cpu_stack": {
    "ros2": {
      "mean_pct": 0.0,
      "p95_pct": 0.0,
      "n": 56
    },
    "gscam_node": {
      "mean_pct": 20.0,
      "p95_pct": 22.0,
      "n": 56
    },
    "gst-launch-1.0": {
      "mean_pct": 20.821428571428573,
      "p95_pct": 22.0,
      "n": 56
    },
    "_total": {
      "mean_pct": 40.82142857142857,
      "p95_pct": 42.5,
      "n": 56
    }
  },
  "producer": {
    "frames_produced": 982,
    "underruns": 0,
    "underrun_total_late_ms": 0,
    "base_video_frames": 1439,
    "base_video_catch_up_reuses": 0,
    "encode_count": 982,
    "encode_total_ns": 3241129468,
    "encode_max_ns": 14688195
  }
}