{
  "scenario": "cam-both-gscam+gst_bridge-mjpeg-rtp",
  "duration_s": 30,
  "warmup_frames": 60,
  "expected_after_warmup": 840,
  "stream": {
    "count": 837,
    "expected": 840,
    "frame_loss": 0.0035714285714285587,
    "fps_effective": 29.998600061144074,
    "mean_ms": 18.18695370542715,
    "stddev_ms": 0.6069190272790485,
    "p50_ms": 18.1263763051882,
    "p95_ms": 19.034703905188202,
    "p99_ms": 20.345066785188198,
    "max_ms": 22.9089603051882,
    "p50_ms_raw": 21.358825,
    "p95_ms_raw": 22.267152600000003,
    "p99_ms_raw": 23.57751548,
    "mean_ms_raw": 21.41940240023895,
    "max_ms_raw": 26.141409,
    "producer_encode_mean_ms": 3.2324486948118003,
    "first_id": 145,
    "last_id": 981,
    "gap_count": 0,
    "seen": 897,
    "decoded": 897,
    "decoded_ratio": 1.0
  },
  "ros_raw": {
    "count": 847,
    "expected": 840,
    "frame_loss": 0.0,
    "fps_effective": 29.999779706936792,
    "mean_ms": 8.109377699521138,
    "stddev_ms": 0.35296945750727204,
    "p50_ms": 8.069316305188199,
    "p95_ms": 8.722458205188198,
    "p99_ms": 9.177544405188199,
    "max_ms": 10.1346963051882,
    "p50_ms_raw": 11.301765,
    "p95_ms_raw": 11.9549069,
    "p99_ms_raw": 12.4099931,
    "mean_ms_raw": 11.341826394332939,
    "max_ms_raw": 13.367145,
    "producer_encode_mean_ms": 3.2324486948118003,
    "first_id": 136,
    "last_id": 982,
    "gap_count": 0,
    "seen": 907,
    "decoded": 907,
    "decoded_ratio": 1.0
  },
  "ros_jpeg": {
    "count": 0,
    "expected": 840,
    "frame_loss": null,
    "fps_effective": null,
    "mean_ms": null,
    "stddev_ms": null,
    "p50_ms": null,
    "p95_ms": null,
    "p99_ms": null,
    "max_ms": null,
    "p50_ms_raw": null,
    "p95_ms_raw": null,
    "p99_ms_raw": null,
    "mean_ms_raw": null,
    "max_ms_raw": null,
    "producer_encode_mean_ms": 3.2324486948118003,
    "first_id": null,
    "last_id": null,
    "gap_count": null,
    "seen": null,
    "decoded": null,
    "decoded_ratio": null
  },
  "cpu_stack": {
    "ros2": {
      "mean_pct": 0.0,
      "p95_pct": 0.0,
      "n": 56
    },
    "gscam_node": {
      "mean_pct": 20.035714285714285,
      "p95_pct": 22.0,
      "n": 56
    },
    "gst-launch-1.0": {
      "mean_pct": 20.857142857142858,
      "p95_pct": 22.5,
      "n": 56
    },
    "_total": {
      "mean_pct": 40.892857142857146,
      "p95_pct": 44.0,
      "n": 56
    }
  },
  "producer": {
    "frames_produced": 983,
    "underruns": 0,
    "underrun_total_late_ms": 0,
    "base_video_frames": 1439,
    "base_video_catch_up_reuses": 0,
    "encode_count": 983,
    "encode_total_ns": 3177497067,
    "encode_max_ns": 13848306
  }
}