{
  "scenario": "cam-both-gscam+gst_bridge-mjpeg-rtp",
  "duration_s": 15,
  "warmup_frames": 60,
  "expected_after_warmup": 390,
  "stream": {
    "count": 343,
    "expected": 390,
    "frame_loss": 0.12051282051282053,
    "fps_effective": 29.999351758744368,
    "mean_ms": 9.87169781671486,
    "stddev_ms": 1.035685115392403,
    "p50_ms": 9.58265830942623,
    "p95_ms": 11.48955720942623,
    "p99_ms": 14.351153769426222,
    "max_ms": 18.24555130942623,
    "p50_ms_raw": 11.320714,
    "p95_ms_raw": 13.2276129,
    "p99_ms_raw": 16.089209459999992,
    "mean_ms_raw": 11.60975350728863,
    "max_ms_raw": 19.983607,
    "producer_encode_mean_ms": 1.7380556905737705,
    "first_id": 145,
    "last_id": 487,
    "gap_count": 0,
    "seen": 403,
    "decoded": 403,
    "decoded_ratio": 1.0
  },
  "ros_raw": {
    "count": 404,
    "expected": 390,
    "frame_loss": 0.0,
    "fps_effective": 30.002791511091736,
    "mean_ms": 4.369436732693556,
    "stddev_ms": 0.7598976949221172,
    "p50_ms": 4.168190809426229,
    "p95_ms": 5.641188659426229,
    "p99_ms": 7.701264079426205,
    "max_ms": 11.74433230942623,
    "p50_ms_raw": 5.9062465,
    "p95_ms_raw": 7.37924435,
    "p99_ms_raw": 9.439319769999976,
    "mean_ms_raw": 6.107492423267327,
    "max_ms_raw": 13.482388,
    "producer_encode_mean_ms": 1.7380556905737705,
    "first_id": 84,
    "last_id": 487,
    "gap_count": 0,
    "seen": 464,
    "decoded": 464,
    "decoded_ratio": 1.0
  },
  "ros_jpeg": {
    "count": 0,
    "expected": 390,
    "frame_loss": null,
    "fps_effective": null,
    "mean_ms": null,
    "stddev_ms": null,
    "p50_ms": null,
    "p95_ms": null,
    "p99_ms": null,
    "max_ms": null,
    "p50_ms_raw": null,
    "p95_ms_raw": null,
    "p99_ms_raw": null,
    "mean_ms_raw": null,
    "max_ms_raw": null,
    "producer_encode_mean_ms": 1.7380556905737705,
    "first_id": null,
    "last_id": null,
    "gap_count": null,
    "seen": null,
    "decoded": null,
    "decoded_ratio": null
  },
  "cpu_stack": {
    "ros2": {
      "mean_pct": 0.0,
      "p95_pct": 0.0,
      "n": 26
    },
    "gscam_node": {
      "mean_pct": 11.153846153846153,
      "p95_pct": 12.0,
      "n": 26
    },
    "gst-launch-1.0": {
      "mean_pct": 10.923076923076923,
      "p95_pct": 13.5,
      "n": 26
    },
    "_total": {
      "mean_pct": 22.076923076923077,
      "p95_pct": 25.5,
      "n": 26
    }
  },
  "producer": {
    "frames_produced": 488,
    "underruns": 0,
    "underrun_total_late_ms": 0,
    "base_video_frames": 1100,
    "base_video_catch_up_reuses": 0,
    "encode_count": 488,
    "encode_total_ns": 848171177,
    "encode_max_ns": 5619837
  }
}