{
  "scenario": "cam-both-rcs-yuv-rtp",
  "duration_s": 30,
  "warmup_frames": 60,
  "expected_after_warmup": 840,
  "stream": {
    "count": 825,
    "expected": 840,
    "frame_loss": 0.017857142857142905,
    "fps_effective": 29.99841618920216,
    "mean_ms": 10.55099380486502,
    "stddev_ms": 0.6172555356997385,
    "p50_ms": 10.419487913955928,
    "p95_ms": 11.272380913955926,
    "p99_ms": 12.820994993955926,
    "max_ms": 14.544319913955928,
    "p50_ms_raw": 11.063791,
    "p95_ms_raw": 11.916683999999998,
    "p99_ms_raw": 13.465298079999998,
    "mean_ms_raw": 11.195296890909091,
    "max_ms_raw": 15.188623,
    "producer_encode_mean_ms": 0.6443030860440714,
    "first_id": 128,
    "last_id": 952,
    "gap_count": 0,
    "seen": 885,
    "decoded": 885,
    "decoded_ratio": 1.0
  },
  "ros_raw": {
    "count": 825,
    "expected": 840,
    "frame_loss": 0.017857142857142905,
    "fps_effective": 30.000733981792152,
    "mean_ms": 6.58065103516805,
    "stddev_ms": 0.2885589934102544,
    "p50_ms": 6.559538913955929,
    "p95_ms": 6.811593913955929,
    "p99_ms": 7.3296855939559284,
    "max_ms": 11.325606913955928,
    "p50_ms_raw": 7.203842,
    "p95_ms_raw": 7.455897,
    "p99_ms_raw": 7.97398868,
    "mean_ms_raw": 7.2249541212121215,
    "max_ms_raw": 11.96991,
    "producer_encode_mean_ms": 0.6443030860440714,
    "first_id": 128,
    "last_id": 952,
    "gap_count": 0,
    "seen": 885,
    "decoded": 885,
    "decoded_ratio": 1.0
  },
  "ros_jpeg": {
    "count": 0,
    "expected": 840,
    "frame_loss": null,
    "fps_effective": null,
    "mean_ms": null,
    "stddev_ms": null,
    "p50_ms": null,
    "p95_ms": null,
    "p99_ms": null,
    "max_ms": null,
    "p50_ms_raw": null,
    "p95_ms_raw": null,
    "p99_ms_raw": null,
    "mean_ms_raw": null,
    "max_ms_raw": null,
    "producer_encode_mean_ms": 0.6443030860440714,
    "first_id": null,
    "last_id": null,
    "gap_count": null,
    "seen": null,
    "decoded": null,
    "decoded_ratio": null
  },
  "cpu_stack": {
    "ros2": {
      "mean_pct": 0.0,
      "p95_pct": 0.0,
      "n": 56
    },
    "camera_server_s": {
      "mean_pct": 24.428571428571427,
      "p95_pct": 26.0,
      "n": 56
    },
    "_total": {
      "mean_pct": 24.428571428571427,
      "p95_pct": 26.0,
      "n": 56
    }
  },
  "producer": {
    "frames_produced": 953,
    "underruns": 0,
    "underrun_total_late_ms": 0,
    "base_video_frames": 1440,
    "base_video_catch_up_reuses": 0,
    "encode_count": 953,
    "encode_total_ns": 614020841,
    "encode_max_ns": 2572226
  }
}