{
  "scenario": "cam-both-rcs-yuv-rtp",
  "duration_s": 15,
  "warmup_frames": 60,
  "expected_after_warmup": 390,
  "stream": {
    "count": 332,
    "expected": 390,
    "frame_loss": 0.14871794871794874,
    "fps_effective": 29.999189772638157,
    "mean_ms": 5.158776761501147,
    "stddev_ms": 0.3278209006775208,
    "p50_ms": 5.129604749452954,
    "p95_ms": 5.729149299452954,
    "p99_ms": 5.954568599452954,
    "max_ms": 6.4778882494529535,
    "p50_ms_raw": 5.3845445000000005,
    "p95_ms_raw": 5.98408905,
    "p99_ms_raw": 6.20950835,
    "mean_ms_raw": 5.413716512048193,
    "max_ms_raw": 6.732828,
    "producer_encode_mean_ms": 0.254939750547046,
    "first_id": 125,
    "last_id": 456,
    "gap_count": 0,
    "seen": 392,
    "decoded": 392,
    "decoded_ratio": 1.0
  },
  "ros_raw": {
    "count": 333,
    "expected": 390,
    "frame_loss": 0.1461538461538462,
    "fps_effective": 30.005188973564493,
    "mean_ms": 3.0965510632667677,
    "stddev_ms": 0.4162201382009229,
    "p50_ms": 3.033878249452954,
    "p95_ms": 3.4602332494529535,
    "p99_ms": 5.564069089452954,
    "max_ms": 6.137619249452954,
    "p50_ms_raw": 3.288818,
    "p95_ms_raw": 3.7151729999999996,
    "p99_ms_raw": 5.81900884,
    "mean_ms_raw": 3.3514908138138138,
    "max_ms_raw": 6.392559,
    "producer_encode_mean_ms": 0.254939750547046,
    "first_id": 124,
    "last_id": 456,
    "gap_count": 0,
    "seen": 393,
    "decoded": 393,
    "decoded_ratio": 1.0
  },
  "ros_jpeg": {
    "count": 0,
    "expected": 390,
    "frame_loss": null,
    "fps_effective": null,
    "mean_ms": null,
    "stddev_ms": null,
    "p50_ms": null,
    "p95_ms": null,
    "p99_ms": null,
    "max_ms": null,
    "p50_ms_raw": null,
    "p95_ms_raw": null,
    "p99_ms_raw": null,
    "mean_ms_raw": null,
    "max_ms_raw": null,
    "producer_encode_mean_ms": 0.254939750547046,
    "first_id": null,
    "last_id": null,
    "gap_count": null,
    "seen": null,
    "decoded": null,
    "decoded_ratio": null
  },
  "cpu_stack": {
    "ros2": {
      "mean_pct": 0.0,
      "p95_pct": 0.0,
      "n": 26
    },
    "camera_server_s": {
      "mean_pct": 12.615384615384615,
      "p95_pct": 14.0,
      "n": 26
    },
    "_total": {
      "mean_pct": 12.615384615384615,
      "p95_pct": 14.0,
      "n": 26
    }
  },
  "producer": {
    "frames_produced": 457,
    "underruns": 0,
    "underrun_total_late_ms": 0,
    "base_video_frames": 1100,
    "base_video_catch_up_reuses": 0,
    "encode_count": 457,
    "encode_total_ns": 116507466,
    "encode_max_ns": 706242
  }
}