{
  "scenario": "cam-both-rcs-yuv-webrtc",
  "duration_s": 30,
  "warmup_frames": 60,
  "expected_after_warmup": 840,
  "stream": {
    "count": 820,
    "expected": 840,
    "frame_loss": 0.023809523809523836,
    "fps_effective": 30.00126905038399,
    "mean_ms": 9.665392834695883,
    "stddev_ms": 0.8400939068181785,
    "p50_ms": 9.440683329817832,
    "p95_ms": 11.83840867981783,
    "p99_ms": 12.743866159817829,
    "max_ms": 13.600652329817832,
    "p50_ms_raw": 10.080592,
    "p95_ms_raw": 12.478317349999998,
    "p99_ms_raw": 13.383774829999997,
    "mean_ms_raw": 10.30530150487805,
    "max_ms_raw": 14.240561,
    "producer_encode_mean_ms": 0.6399086701821669,
    "first_id": 223,
    "last_id": 1042,
    "gap_count": 0,
    "seen": 880,
    "decoded": 880,
    "decoded_ratio": 1.0
  },
  "ros_raw": {
    "count": 900,
    "expected": 840,
    "frame_loss": 0.0,
    "fps_effective": 30.001424813384023,
    "mean_ms": 6.608863237595611,
    "stddev_ms": 0.4263007311379235,
    "p50_ms": 6.533710829817833,
    "p95_ms": 6.985173029817833,
    "p99_ms": 8.63309109981783,
    "max_ms": 11.358945329817832,
    "p50_ms_raw": 7.1736195,
    "p95_ms_raw": 7.6250817,
    "p99_ms_raw": 9.272999769999998,
    "mean_ms_raw": 7.248771907777778,
    "max_ms_raw": 11.998854,
    "producer_encode_mean_ms": 0.6399086701821669,
    "first_id": 132,
    "last_id": 1031,
    "gap_count": 0,
    "seen": 960,
    "decoded": 960,
    "decoded_ratio": 1.0
  },
  "ros_jpeg": {
    "count": 0,
    "expected": 840,
    "frame_loss": null,
    "fps_effective": null,
    "mean_ms": null,
    "stddev_ms": null,
    "p50_ms": null,
    "p95_ms": null,
    "p99_ms": null,
    "max_ms": null,
    "p50_ms_raw": null,
    "p95_ms_raw": null,
    "p99_ms_raw": null,
    "mean_ms_raw": null,
    "max_ms_raw": null,
    "producer_encode_mean_ms": 0.6399086701821669,
    "first_id": null,
    "last_id": null,
    "gap_count": null,
    "seen": null,
    "decoded": null,
    "decoded_ratio": null
  },
  "cpu_stack": {
    "ros2": {
      "mean_pct": 0.0,
      "p95_pct": 0.0,
      "n": 56
    },
    "camera_server_s": {
      "mean_pct": 24.071428571428573,
      "p95_pct": 26.0,
      "n": 56
    },
    "_total": {
      "mean_pct": 24.071428571428573,
      "p95_pct": 26.0,
      "n": 56
    }
  },
  "producer": {
    "frames_produced": 1043,
    "underruns": 0,
    "underrun_total_late_ms": 0,
    "base_video_frames": 1440,
    "base_video_catch_up_reuses": 0,
    "encode_count": 1043,
    "encode_total_ns": 667424743,
    "encode_max_ns": 2533027
  }
}