{
  "scenario": "cam-both-rcs-yuv-webrtc",
  "duration_s": 15,
  "warmup_frames": 60,
  "expected_after_warmup": 390,
  "stream": {
    "count": 361,
    "expected": 390,
    "frame_loss": 0.07435897435897432,
    "fps_effective": 29.999091122536107,
    "mean_ms": 5.441274321789635,
    "stddev_ms": 0.4419720924347738,
    "p50_ms": 5.424304961678832,
    "p95_ms": 6.149715961678832,
    "p99_ms": 6.986819161678829,
    "max_ms": 7.5652199616788325,
    "p50_ms_raw": 5.683584,
    "p95_ms_raw": 6.408995,
    "p99_ms_raw": 7.246098199999997,
    "mean_ms_raw": 5.700553360110803,
    "max_ms_raw": 7.824499,
    "producer_encode_mean_ms": 0.2592790383211679,
    "first_id": 187,
    "last_id": 547,
    "gap_count": 0,
    "seen": 421,
    "decoded": 421,
    "decoded_ratio": 1.0
  },
  "ros_raw": {
    "count": 421,
    "expected": 390,
    "frame_loss": 0.0,
    "fps_effective": 29.996076918086153,
    "mean_ms": 3.1191729046717063,
    "stddev_ms": 0.3440315107016016,
    "p50_ms": 3.061641961678832,
    "p95_ms": 3.4891299616788323,
    "p99_ms": 4.896598761678834,
    "max_ms": 5.922800961678832,
    "p50_ms_raw": 3.320921,
    "p95_ms_raw": 3.748409,
    "p99_ms_raw": 5.155877800000002,
    "mean_ms_raw": 3.378451942992874,
    "max_ms_raw": 6.18208,
    "producer_encode_mean_ms": 0.2592790383211679,
    "first_id": 127,
    "last_id": 547,
    "gap_count": 0,
    "seen": 481,
    "decoded": 481,
    "decoded_ratio": 1.0
  },
  "ros_jpeg": {
    "count": 0,
    "expected": 390,
    "frame_loss": null,
    "fps_effective": null,
    "mean_ms": null,
    "stddev_ms": null,
    "p50_ms": null,
    "p95_ms": null,
    "p99_ms": null,
    "max_ms": null,
    "p50_ms_raw": null,
    "p95_ms_raw": null,
    "p99_ms_raw": null,
    "mean_ms_raw": null,
    "max_ms_raw": null,
    "producer_encode_mean_ms": 0.2592790383211679,
    "first_id": null,
    "last_id": null,
    "gap_count": null,
    "seen": null,
    "decoded": null,
    "decoded_ratio": null
  },
  "cpu_stack": {
    "ros2": {
      "mean_pct": 0.0,
      "p95_pct": 0.0,
      "n": 26
    },
    "camera_server_s": {
      "mean_pct": 12.23076923076923,
      "p95_pct": 14.0,
      "n": 26
    },
    "_total": {
      "mean_pct": 12.23076923076923,
      "p95_pct": 14.0,
      "n": 26
    }
  },
  "producer": {
    "frames_produced": 548,
    "underruns": 0,
    "underrun_total_late_ms": 0,
    "base_video_frames": 1100,
    "base_video_catch_up_reuses": 0,
    "encode_count": 548,
    "encode_total_ns": 142084913,
    "encode_max_ns": 731163
  }
}