{
  "scenario": "cam-both-usb_cam+rtsp_fkie-yuv-h264",
  "duration_s": 30,
  "warmup_frames": 60,
  "expected_after_warmup": 840,
  "stream": {
    "count": 835,
    "expected": 840,
    "frame_loss": 0.005952380952380931,
    "fps_effective": 30.002079225031157,
    "mean_ms": 16.085858266433767,
    "stddev_ms": 0.6834876690238014,
    "p50_ms": 16.0913673239188,
    "p95_ms": 17.296665523918797,
    "p99_ms": 18.038954623918798,
    "max_ms": 20.2958203239188,
    "p50_ms_raw": 16.724678,
    "p95_ms_raw": 17.9299762,
    "p99_ms_raw": 18.6722653,
    "mean_ms_raw": 16.71916894251497,
    "max_ms_raw": 20.929131,
    "producer_encode_mean_ms": 0.6333106760812004,
    "first_id": 297,
    "last_id": 1131,
    "gap_count": 0,
    "seen": 895,
    "decoded": 895,
    "decoded_ratio": 1.0
  },
  "ros_raw": {
    "count": 900,
    "expected": 840,
    "frame_loss": 0.0,
    "fps_effective": 29.999139680400955,
    "mean_ms": 7.707952319474354,
    "stddev_ms": 0.7730232586867084,
    "p50_ms": 7.5546543239187995,
    "p95_ms": 8.788721373918799,
    "p99_ms": 10.789820423918798,
    "max_ms": 16.7464933239188,
    "p50_ms_raw": 8.187965,
    "p95_ms_raw": 9.422032049999999,
    "p99_ms_raw": 11.423131099999997,
    "mean_ms_raw": 8.341262995555555,
    "max_ms_raw": 17.379804,
    "producer_encode_mean_ms": 0.6333106760812004,
    "first_id": 139,
    "last_id": 1038,
    "gap_count": 0,
    "seen": 960,
    "decoded": 960,
    "decoded_ratio": 1.0
  },
  "ros_jpeg": {
    "count": 0,
    "expected": 840,
    "frame_loss": null,
    "fps_effective": null,
    "mean_ms": null,
    "stddev_ms": null,
    "p50_ms": null,
    "p95_ms": null,
    "p99_ms": null,
    "max_ms": null,
    "p50_ms_raw": null,
    "p95_ms_raw": null,
    "p99_ms_raw": null,
    "mean_ms_raw": null,
    "max_ms_raw": null,
    "producer_encode_mean_ms": 0.6333106760812004,
    "first_id": null,
    "last_id": null,
    "gap_count": null,
    "seen": null,
    "decoded": null,
    "decoded_ratio": null
  },
  "cpu_stack": {
    "ros2": {
      "mean_pct": 0.0,
      "p95_pct": 0.0,
      "n": 56
    },
    "usb_cam_node_ex": {
      "mean_pct": 17.0,
      "p95_pct": 18.0,
      "n": 56
    },
    "republish": {
      "mean_pct": 13.928571428571429,
      "p95_pct": 16.0,
      "n": 56
    },
    "_total": {
      "mean_pct": 30.928571428571427,
      "p95_pct": 34.0,
      "n": 56
    }
  },
  "producer": {
    "frames_produced": 1133,
    "underruns": 0,
    "underrun_total_late_ms": 0,
    "base_video_frames": 1439,
    "base_video_catch_up_reuses": 0,
    "encode_count": 1133,
    "encode_total_ns": 717540996,
    "encode_max_ns": 2293661
  }
}