{
  "scenario": "cam-both-usb_cam+rtsp_fkie-yuv-h264",
  "duration_s": 30,
  "warmup_frames": 60,
  "expected_after_warmup": 840,
  "stream": {
    "count": 836,
    "expected": 840,
    "frame_loss": 0.004761904761904745,
    "fps_effective": 30.002092474920232,
    "mean_ms": 16.045104784642543,
    "stddev_ms": 0.7712320142355181,
    "p50_ms": 16.004535239187998,
    "p95_ms": 17.511750489187996,
    "p99_ms": 18.666496489187992,
    "max_ms": 21.247081239187995,
    "p50_ms_raw": 16.629387,
    "p95_ms_raw": 18.13660225,
    "p99_ms_raw": 19.291348249999995,
    "mean_ms_raw": 16.669956545454546,
    "max_ms_raw": 21.871933,
    "producer_encode_mean_ms": 0.6248517608120036,
    "first_id": 297,
    "last_id": 1132,
    "gap_count": 0,
    "seen": 896,
    "decoded": 896,
    "decoded_ratio": 1.0
  },
  "ros_raw": {
    "count": 900,
    "expected": 840,
    "frame_loss": 0.0,
    "fps_effective": 29.99905503944337,
    "mean_ms": 7.750662573632441,
    "stddev_ms": 0.7942331037584693,
    "p50_ms": 7.558653239187997,
    "p95_ms": 8.871429639187996,
    "p99_ms": 11.737014479187996,
    "max_ms": 15.404744239187998,
    "p50_ms_raw": 8.183505,
    "p95_ms_raw": 9.496281399999999,
    "p99_ms_raw": 12.36186624,
    "mean_ms_raw": 8.375514334444444,
    "max_ms_raw": 16.029596,
    "producer_encode_mean_ms": 0.6248517608120036,
    "first_id": 137,
    "last_id": 1036,
    "gap_count": 0,
    "seen": 960,
    "decoded": 960,
    "decoded_ratio": 1.0
  },
  "ros_jpeg": {
    "count": 0,
    "expected": 840,
    "frame_loss": null,
    "fps_effective": null,
    "mean_ms": null,
    "stddev_ms": null,
    "p50_ms": null,
    "p95_ms": null,
    "p99_ms": null,
    "max_ms": null,
    "p50_ms_raw": null,
    "p95_ms_raw": null,
    "p99_ms_raw": null,
    "mean_ms_raw": null,
    "max_ms_raw": null,
    "producer_encode_mean_ms": 0.6248517608120036,
    "first_id": null,
    "last_id": null,
    "gap_count": null,
    "seen": null,
    "decoded": null,
    "decoded_ratio": null
  },
  "cpu_stack": {
    "ros2": {
      "mean_pct": 0.0,
      "p95_pct": 0.0,
      "n": 56
    },
    "usb_cam_node_ex": {
      "mean_pct": 16.892857142857142,
      "p95_pct": 20.0,
      "n": 56
    },
    "republish": {
      "mean_pct": 13.928571428571429,
      "p95_pct": 16.0,
      "n": 56
    },
    "_total": {
      "mean_pct": 30.821428571428573,
      "p95_pct": 34.0,
      "n": 56
    }
  },
  "producer": {
    "frames_produced": 1133,
    "underruns": 0,
    "underrun_total_late_ms": 0,
    "base_video_frames": 1439,
    "base_video_catch_up_reuses": 0,
    "encode_count": 1133,
    "encode_total_ns": 707957045,
    "encode_max_ns": 2515013
  }
}