{
  "scenario": "cam-both-rcs-mjpeg-decoded-rtp",
  "duration_s": 30,
  "warmup_frames": 60,
  "expected_after_warmup": 840,
  "stream": {
    "count": 826,
    "expected": 840,
    "frame_loss": 0.01666666666666672,
    "fps_effective": 30.001421038581228,
    "mean_ms": 9.140067634186725,
    "stddev_ms": 0.5458199041709102,
    "p50_ms": 9.078514398109242,
    "p95_ms": 9.957517148109243,
    "p99_ms": 10.708227398109244,
    "max_ms": 12.913080398109244,
    "p50_ms_raw": 12.372862999999999,
    "p95_ms_raw": 13.251865749999999,
    "p99_ms_raw": 14.002576,
    "mean_ms_raw": 12.434416236077482,
    "max_ms_raw": 16.207429,
    "producer_encode_mean_ms": 3.294348601890756,
    "first_id": 126,
    "last_id": 951,
    "gap_count": 0,
    "seen": 886,
    "decoded": 886,
    "decoded_ratio": 1.0
  },
  "ros_raw": {
    "count": 826,
    "expected": 840,
    "frame_loss": 0.01666666666666672,
    "fps_effective": 30.013134999696444,
    "mean_ms": 8.980239143871955,
    "stddev_ms": 0.6467773048635482,
    "p50_ms": 8.896880898109245,
    "p95_ms": 9.497923898109246,
    "p99_ms": 10.732713648109243,
    "max_ms": 20.906712398109242,
    "p50_ms_raw": 12.1912295,
    "p95_ms_raw": 12.792272500000001,
    "p99_ms_raw": 14.02706225,
    "mean_ms_raw": 12.27458774576271,
    "max_ms_raw": 24.201061,
    "producer_encode_mean_ms": 3.294348601890756,
    "first_id": 126,
    "last_id": 951,
    "gap_count": 0,
    "seen": 886,
    "decoded": 886,
    "decoded_ratio": 1.0
  },
  "ros_jpeg": {
    "count": 0,
    "expected": 840,
    "frame_loss": null,
    "fps_effective": null,
    "mean_ms": null,
    "stddev_ms": null,
    "p50_ms": null,
    "p95_ms": null,
    "p99_ms": null,
    "max_ms": null,
    "p50_ms_raw": null,
    "p95_ms_raw": null,
    "p99_ms_raw": null,
    "mean_ms_raw": null,
    "max_ms_raw": null,
    "producer_encode_mean_ms": 3.294348601890756,
    "first_id": null,
    "last_id": null,
    "gap_count": null,
    "seen": null,
    "decoded": null,
    "decoded_ratio": null
  },
  "cpu_stack": {
    "ros2": {
      "mean_pct": 0.0,
      "p95_pct": 0.0,
      "n": 56
    },
    "camera_server_s": {
      "mean_pct": 21.464285714285715,
      "p95_pct": 22.5,
      "n": 56
    },
    "_total": {
      "mean_pct": 21.464285714285715,
      "p95_pct": 22.5,
      "n": 56
    }
  },
  "producer": {
    "frames_produced": 952,
    "underruns": 0,
    "underrun_total_late_ms": 0,
    "base_video_frames": 1440,
    "base_video_catch_up_reuses": 0,
    "encode_count": 952,
    "encode_total_ns": 3136219869,
    "encode_max_ns": 11290246
  }
}