{
  "scenario": "cam-both-rcs-mjpeg-decoded-rtp",
  "duration_s": 15,
  "warmup_frames": 60,
  "expected_after_warmup": 390,
  "stream": {
    "count": 329,
    "expected": 390,
    "frame_loss": 0.1564102564102564,
    "fps_effective": 29.998689924285614,
    "mean_ms": 5.795378253454294,
    "stddev_ms": 0.3608205931411125,
    "p50_ms": 5.819601438864629,
    "p95_ms": 6.284249238864629,
    "p99_ms": 6.938020318864619,
    "max_ms": 7.705347438864629,
    "p50_ms_raw": 7.481248,
    "p95_ms_raw": 7.945895800000001,
    "p99_ms_raw": 8.59966687999999,
    "mean_ms_raw": 7.457024814589666,
    "max_ms_raw": 9.366994,
    "producer_encode_mean_ms": 1.6616465611353712,
    "first_id": 129,
    "last_id": 457,
    "gap_count": 0,
    "seen": 389,
    "decoded": 389,
    "decoded_ratio": 1.0
  },
  "ros_raw": {
    "count": 329,
    "expected": 390,
    "frame_loss": 0.1564102564102564,
    "fps_effective": 30.0073463674325,
    "mean_ms": 4.778575247375266,
    "stddev_ms": 0.6185412187514374,
    "p50_ms": 4.638513438864629,
    "p95_ms": 5.797330438864626,
    "p99_ms": 7.489929638864624,
    "max_ms": 8.660709438864629,
    "p50_ms_raw": 6.30016,
    "p95_ms_raw": 7.458976999999997,
    "p99_ms_raw": 9.151576199999996,
    "mean_ms_raw": 6.440221808510637,
    "max_ms_raw": 10.322356,
    "producer_encode_mean_ms": 1.6616465611353712,
    "first_id": 129,
    "last_id": 457,
    "gap_count": 0,
    "seen": 389,
    "decoded": 389,
    "decoded_ratio": 1.0
  },
  "ros_jpeg": {
    "count": 0,
    "expected": 390,
    "frame_loss": null,
    "fps_effective": null,
    "mean_ms": null,
    "stddev_ms": null,
    "p50_ms": null,
    "p95_ms": null,
    "p99_ms": null,
    "max_ms": null,
    "p50_ms_raw": null,
    "p95_ms_raw": null,
    "p99_ms_raw": null,
    "mean_ms_raw": null,
    "max_ms_raw": null,
    "producer_encode_mean_ms": 1.6616465611353712,
    "first_id": null,
    "last_id": null,
    "gap_count": null,
    "seen": null,
    "decoded": null,
    "decoded_ratio": null
  },
  "cpu_stack": {
    "ros2": {
      "mean_pct": 0.0,
      "p95_pct": 0.0,
      "n": 26
    },
    "camera_server_s": {
      "mean_pct": 15.23076923076923,
      "p95_pct": 22.0,
      "n": 26
    },
    "_total": {
      "mean_pct": 15.23076923076923,
      "p95_pct": 22.0,
      "n": 26
    }
  },
  "producer": {
    "frames_produced": 458,
    "underruns": 0,
    "underrun_total_late_ms": 0,
    "base_video_frames": 1100,
    "base_video_catch_up_reuses": 0,
    "encode_count": 458,
    "encode_total_ns": 761034125,
    "encode_max_ns": 3188743
  }
}