{
  "scenario": "cam-both-rcs-mjpeg-rtp",
  "duration_s": 30,
  "warmup_frames": 60,
  "expected_after_warmup": 840,
  "stream": {
    "count": 821,
    "expected": 840,
    "frame_loss": 0.02261904761904765,
    "fps_effective": 29.999491541910484,
    "mean_ms": 8.74383834473098,
    "stddev_ms": 0.5308911260928334,
    "p50_ms": 8.708028143756557,
    "p95_ms": 9.497949143756559,
    "p99_ms": 10.739937943756557,
    "max_ms": 12.119509143756558,
    "p50_ms_raw": 12.033729,
    "p95_ms_raw": 12.82365,
    "p99_ms_raw": 14.065638799999999,
    "mean_ms_raw": 12.069539200974422,
    "max_ms_raw": 15.44521,
    "producer_encode_mean_ms": 3.325700856243442,
    "first_id": 132,
    "last_id": 952,
    "gap_count": 0,
    "seen": 881,
    "decoded": 881,
    "decoded_ratio": 1.0
  },
  "ros_raw": {
    "count": 0,
    "expected": 840,
    "frame_loss": null,
    "fps_effective": null,
    "mean_ms": null,
    "stddev_ms": null,
    "p50_ms": null,
    "p95_ms": null,
    "p99_ms": null,
    "max_ms": null,
    "p50_ms_raw": null,
    "p95_ms_raw": null,
    "p99_ms_raw": null,
    "mean_ms_raw": null,
    "max_ms_raw": null,
    "producer_encode_mean_ms": 3.325700856243442,
    "first_id": null,
    "last_id": null,
    "gap_count": null,
    "seen": null,
    "decoded": null,
    "decoded_ratio": null
  },
  "ros_jpeg": {
    "count": 821,
    "expected": 840,
    "frame_loss": 0.02261904761904765,
    "fps_effective": 29.999704073406917,
    "mean_ms": 2.6865719939392623,
    "stddev_ms": 0.4585753781544363,
    "p50_ms": 2.6125701437565585,
    "p95_ms": 3.428242143756558,
    "p99_ms": 4.492875743756556,
    "max_ms": 6.058103143756558,
    "p50_ms_raw": 5.938271,
    "p95_ms_raw": 6.753943,
    "p99_ms_raw": 7.818576599999997,
    "mean_ms_raw": 6.012272850182704,
    "max_ms_raw": 9.383804,
    "producer_encode_mean_ms": 3.325700856243442,
    "first_id": 132,
    "last_id": 952,
    "gap_count": 0,
    "seen": 881,
    "decoded": 881,
    "decoded_ratio": 1.0
  },
  "cpu_stack": {
    "ros2": {
      "mean_pct": 0.0,
      "p95_pct": 0.0,
      "n": 56
    },
    "camera_server_s": {
      "mean_pct": 3.7142857142857144,
      "p95_pct": 6.0,
      "n": 56
    },
    "_total": {
      "mean_pct": 3.7142857142857144,
      "p95_pct": 6.0,
      "n": 56
    }
  },
  "producer": {
    "frames_produced": 953,
    "underruns": 0,
    "underrun_total_late_ms": 0,
    "base_video_frames": 1439,
    "base_video_catch_up_reuses": 0,
    "encode_count": 953,
    "encode_total_ns": 3169392916,
    "encode_max_ns": 7571217
  }
}