{
  "scenario": "cam-both-rcs-mjpeg-rtp",
  "duration_s": 15,
  "warmup_frames": 60,
  "expected_after_warmup": 390,
  "stream": {
    "count": 328,
    "expected": 390,
    "frame_loss": 0.15897435897435896,
    "fps_effective": 30.001025316692658,
    "mean_ms": 5.6851954655335035,
    "stddev_ms": 0.4075681006265697,
    "p50_ms": 5.688490864923747,
    "p95_ms": 6.287836814923746,
    "p99_ms": 6.824639304923749,
    "max_ms": 8.163637864923748,
    "p50_ms_raw": 7.33266,
    "p95_ms_raw": 7.932005949999999,
    "p99_ms_raw": 8.468808440000002,
    "mean_ms_raw": 7.329364600609757,
    "max_ms_raw": 9.807807,
    "producer_encode_mean_ms": 1.6441691350762528,
    "first_id": 130,
    "last_id": 457,
    "gap_count": 0,
    "seen": 388,
    "decoded": 388,
    "decoded_ratio": 1.0
  },
  "ros_raw": {
    "count": 0,
    "expected": 390,
    "frame_loss": null,
    "fps_effective": null,
    "mean_ms": null,
    "stddev_ms": null,
    "p50_ms": null,
    "p95_ms": null,
    "p99_ms": null,
    "max_ms": null,
    "p50_ms_raw": null,
    "p95_ms_raw": null,
    "p99_ms_raw": null,
    "mean_ms_raw": null,
    "max_ms_raw": null,
    "producer_encode_mean_ms": 1.6441691350762528,
    "first_id": null,
    "last_id": null,
    "gap_count": null,
    "seen": null,
    "decoded": null,
    "decoded_ratio": null
  },
  "ros_jpeg": {
    "count": 330,
    "expected": 390,
    "frame_loss": 0.15384615384615385,
    "fps_effective": 30.000462929027833,
    "mean_ms": 1.98623066795405,
    "stddev_ms": 0.4036615165332257,
    "p50_ms": 1.9054488649237469,
    "p95_ms": 2.611132214923747,
    "p99_ms": 3.9575305449237446,
    "max_ms": 4.619950864923747,
    "p50_ms_raw": 3.5496179999999997,
    "p95_ms_raw": 4.25530135,
    "p99_ms_raw": 5.601699679999998,
    "mean_ms_raw": 3.630399803030303,
    "max_ms_raw": 6.26412,
    "producer_encode_mean_ms": 1.6441691350762528,
    "first_id": 129,
    "last_id": 458,
    "gap_count": 0,
    "seen": 390,
    "decoded": 390,
    "decoded_ratio": 1.0
  },
  "cpu_stack": {
    "ros2": {
      "mean_pct": 0.0,
      "p95_pct": 0.0,
      "n": 26
    },
    "camera_server_s": {
      "mean_pct": 6.538461538461538,
      "p95_pct": 14.0,
      "n": 26
    },
    "_total": {
      "mean_pct": 6.538461538461538,
      "p95_pct": 14.0,
      "n": 26
    }
  },
  "producer": {
    "frames_produced": 459,
    "underruns": 0,
    "underrun_total_late_ms": 0,
    "base_video_frames": 1100,
    "base_video_catch_up_reuses": 0,
    "encode_count": 459,
    "encode_total_ns": 754673633,
    "encode_max_ns": 4021698
  }
}