{
  "scenario": "cam-both-gscam+gst_bridge-yuv-rtp",
  "duration_s": 30,
  "warmup_frames": 60,
  "expected_after_warmup": 840,
  "stream": {
    "count": 837,
    "expected": 840,
    "frame_loss": 0.0035714285714285587,
    "fps_effective": 29.99898086177571,
    "mean_ms": 20.17640685219581,
    "stddev_ms": 0.5472619026786762,
    "p50_ms": 20.125300922685657,
    "p95_ms": 20.843920922685655,
    "p99_ms": 22.437863082685656,
    "max_ms": 24.363012922685655,
    "p50_ms_raw": 20.7586,
    "p95_ms_raw": 21.47722,
    "p99_ms_raw": 23.07116216,
    "mean_ms_raw": 20.809705929510155,
    "max_ms_raw": 24.996312,
    "producer_encode_mean_ms": 0.6332990773143439,
    "first_id": 145,
    "last_id": 981,
    "gap_count": 0,
    "seen": 897,
    "decoded": 897,
    "decoded_ratio": 1.0
  },
  "ros_raw": {
    "count": 853,
    "expected": 840,
    "frame_loss": 0.0,
    "fps_effective": 30.000222206575426,
    "mean_ms": 9.954442409203827,
    "stddev_ms": 0.29860003282792574,
    "p50_ms": 9.918347922685657,
    "p95_ms": 10.298171522685656,
    "p99_ms": 10.94617768268566,
    "max_ms": 12.803260922685656,
    "p50_ms_raw": 10.551647,
    "p95_ms_raw": 10.9314706,
    "p99_ms_raw": 11.579476760000004,
    "mean_ms_raw": 10.587741486518171,
    "max_ms_raw": 13.43656,
    "producer_encode_mean_ms": 0.6332990773143439,
    "first_id": 130,
    "last_id": 982,
    "gap_count": 0,
    "seen": 913,
    "decoded": 913,
    "decoded_ratio": 1.0
  },
  "ros_jpeg": {
    "count": 0,
    "expected": 840,
    "frame_loss": null,
    "fps_effective": null,
    "mean_ms": null,
    "stddev_ms": null,
    "p50_ms": null,
    "p95_ms": null,
    "p99_ms": null,
    "max_ms": null,
    "p50_ms_raw": null,
    "p95_ms_raw": null,
    "p99_ms_raw": null,
    "mean_ms_raw": null,
    "max_ms_raw": null,
    "producer_encode_mean_ms": 0.6332990773143439,
    "first_id": null,
    "last_id": null,
    "gap_count": null,
    "seen": null,
    "decoded": null,
    "decoded_ratio": null
  },
  "cpu_stack": {
    "ros2": {
      "mean_pct": 0.0,
      "p95_pct": 0.0,
      "n": 56
    },
    "gscam_node": {
      "mean_pct": 26.035714285714285,
      "p95_pct": 28.0,
      "n": 56
    },
    "gst-launch-1.0": {
      "mean_pct": 21.0,
      "p95_pct": 22.0,
      "n": 56
    },
    "_total": {
      "mean_pct": 47.035714285714285,
      "p95_pct": 50.0,
      "n": 56
    }
  },
  "producer": {
    "frames_produced": 983,
    "underruns": 0,
    "underrun_total_late_ms": 0,
    "base_video_frames": 1440,
    "base_video_catch_up_reuses": 0,
    "encode_count": 983,
    "encode_total_ns": 622532993,
    "encode_max_ns": 2793295
  }
}