{
  "scenario": "cam-both-gscam+gst_bridge-yuv-rtp",
  "duration_s": 15,
  "warmup_frames": 60,
  "expected_after_warmup": 390,
  "stream": {
    "count": 345,
    "expected": 390,
    "frame_loss": 0.11538461538461542,
    "fps_effective": 29.99518694614403,
    "mean_ms": 8.7579471795501,
    "stddev_ms": 0.4196829165362932,
    "p50_ms": 8.687538979550101,
    "p95_ms": 9.573941179550102,
    "p99_ms": 9.9319699395501,
    "max_ms": 11.667394979550101,
    "p50_ms_raw": 8.940626,
    "p95_ms_raw": 9.8270282,
    "p99_ms_raw": 10.185056959999999,
    "mean_ms_raw": 9.0110342,
    "max_ms_raw": 11.920482,
    "producer_encode_mean_ms": 0.2530870204498977,
    "first_id": 144,
    "last_id": 488,
    "gap_count": 0,
    "seen": 405,
    "decoded": 405,
    "decoded_ratio": 1.0
  },
  "ros_raw": {
    "count": 406,
    "expected": 390,
    "frame_loss": 0.0,
    "fps_effective": 29.999066886802023,
    "mean_ms": 3.4727834992545357,
    "stddev_ms": 0.28571965638524044,
    "p50_ms": 3.4360119795501025,
    "p95_ms": 3.8195239795501026,
    "p99_ms": 4.444341179550101,
    "max_ms": 6.287468979550102,
    "p50_ms_raw": 3.689099,
    "p95_ms_raw": 4.072611,
    "p99_ms_raw": 4.697428199999998,
    "mean_ms_raw": 3.7258705197044333,
    "max_ms_raw": 6.540556,
    "producer_encode_mean_ms": 0.2530870204498977,
    "first_id": 83,
    "last_id": 488,
    "gap_count": 0,
    "seen": 466,
    "decoded": 466,
    "decoded_ratio": 1.0
  },
  "ros_jpeg": {
    "count": 0,
    "expected": 390,
    "frame_loss": null,
    "fps_effective": null,
    "mean_ms": null,
    "stddev_ms": null,
    "p50_ms": null,
    "p95_ms": null,
    "p99_ms": null,
    "max_ms": null,
    "p50_ms_raw": null,
    "p95_ms_raw": null,
    "p99_ms_raw": null,
    "mean_ms_raw": null,
    "max_ms_raw": null,
    "producer_encode_mean_ms": 0.2530870204498977,
    "first_id": null,
    "last_id": null,
    "gap_count": null,
    "seen": null,
    "decoded": null,
    "decoded_ratio": null
  },
  "cpu_stack": {
    "ros2": {
      "mean_pct": 0.0,
      "p95_pct": 0.0,
      "n": 26
    },
    "gscam_node": {
      "mean_pct": 8.153846153846153,
      "p95_pct": 10.0,
      "n": 26
    },
    "gst-launch-1.0": {
      "mean_pct": 9.615384615384615,
      "p95_pct": 11.5,
      "n": 26
    },
    "_total": {
      "mean_pct": 17.76923076923077,
      "p95_pct": 20.0,
      "n": 26
    }
  },
  "producer": {
    "frames_produced": 489,
    "underruns": 0,
    "underrun_total_late_ms": 0,
    "base_video_frames": 1100,
    "base_video_catch_up_reuses": 0,
    "encode_count": 489,
    "encode_total_ns": 123759553,
    "encode_max_ns": 714971
  }
}