{
  "scenario": "cam-both-usb_cam+gst_bridge-yuv-rtp",
  "duration_s": 30,
  "warmup_frames": 60,
  "expected_after_warmup": 840,
  "stream": {
    "count": 837,
    "expected": 840,
    "frame_loss": 0.0035714285714285587,
    "fps_effective": 29.99814243177219,
    "mean_ms": 17.58476512452432,
    "stddev_ms": 0.6734350030907439,
    "p50_ms": 17.485906087487283,
    "p95_ms": 18.571240687487276,
    "p99_ms": 20.812564927487283,
    "max_ms": 22.034513087487284,
    "p50_ms_raw": 18.123962,
    "p95_ms_raw": 19.20929659999999,
    "p99_ms_raw": 21.45062084,
    "mean_ms_raw": 18.222821037037036,
    "max_ms_raw": 22.672569,
    "producer_encode_mean_ms": 0.6380559125127161,
    "first_id": 145,
    "last_id": 981,
    "gap_count": 0,
    "seen": 897,
    "decoded": 897,
    "decoded_ratio": 1.0
  },
  "ros_raw": {
    "count": 846,
    "expected": 840,
    "frame_loss": 0.0,
    "fps_effective": 29.999920676304416,
    "mean_ms": 7.494601087487284,
    "stddev_ms": 0.22074411471103886,
    "p50_ms": 7.469829087487284,
    "p95_ms": 7.844760337487283,
    "p99_ms": 8.141711187487283,
    "max_ms": 9.460817087487284,
    "p50_ms_raw": 8.107885,
    "p95_ms_raw": 8.482816249999999,
    "p99_ms_raw": 8.779767099999999,
    "mean_ms_raw": 8.132657,
    "max_ms_raw": 10.098873,
    "producer_encode_mean_ms": 0.6380559125127161,
    "first_id": 137,
    "last_id": 982,
    "gap_count": 0,
    "seen": 906,
    "decoded": 906,
    "decoded_ratio": 1.0
  },
  "ros_jpeg": {
    "count": 0,
    "expected": 840,
    "frame_loss": null,
    "fps_effective": null,
    "mean_ms": null,
    "stddev_ms": null,
    "p50_ms": null,
    "p95_ms": null,
    "p99_ms": null,
    "max_ms": null,
    "p50_ms_raw": null,
    "p95_ms_raw": null,
    "p99_ms_raw": null,
    "mean_ms_raw": null,
    "max_ms_raw": null,
    "producer_encode_mean_ms": 0.6380559125127161,
    "first_id": null,
    "last_id": null,
    "gap_count": null,
    "seen": null,
    "decoded": null,
    "decoded_ratio": null
  },
  "cpu_stack": {
    "ros2": {
      "mean_pct": 0.0,
      "p95_pct": 0.0,
      "n": 56
    },
    "usb_cam_node_ex": {
      "mean_pct": 17.142857142857142,
      "p95_pct": 18.0,
      "n": 56
    },
    "gst-launch-1.0": {
      "mean_pct": 20.785714285714285,
      "p95_pct": 22.0,
      "n": 56
    },
    "_total": {
      "mean_pct": 37.92857142857143,
      "p95_pct": 40.0,
      "n": 56
    }
  },
  "producer": {
    "frames_produced": 983,
    "underruns": 0,
    "underrun_total_late_ms": 0,
    "base_video_frames": 1439,
    "base_video_catch_up_reuses": 0,
    "encode_count": 983,
    "encode_total_ns": 627208962,
    "encode_max_ns": 2154212
  }
}