{
  "scenario": "cam-both-usb_cam+gst_bridge-yuv-rtp",
  "duration_s": 15,
  "warmup_frames": 60,
  "expected_after_warmup": 390,
  "stream": {
    "count": 344,
    "expected": 390,
    "frame_loss": 0.11794871794871797,
    "fps_effective": 29.9978825946469,
    "mean_ms": 8.810428428755243,
    "stddev_ms": 0.5777849356205899,
    "p50_ms": 8.663557329918033,
    "p95_ms": 9.975290029918028,
    "p99_ms": 10.945878889918033,
    "max_ms": 13.033481329918033,
    "p50_ms_raw": 8.929645,
    "p95_ms_raw": 10.241377699999996,
    "p99_ms_raw": 11.21196656,
    "mean_ms_raw": 9.07651609883721,
    "max_ms_raw": 13.299569,
    "producer_encode_mean_ms": 0.2660876700819672,
    "first_id": 144,
    "last_id": 487,
    "gap_count": 0,
    "seen": 404,
    "decoded": 404,
    "decoded_ratio": 1.0
  },
  "ros_raw": {
    "count": 403,
    "expected": 390,
    "frame_loss": 0.0,
    "fps_effective": 30.003021539367317,
    "mean_ms": 3.4234638485284545,
    "stddev_ms": 0.4076907429759163,
    "p50_ms": 3.317346329918033,
    "p95_ms": 4.041169829918032,
    "p99_ms": 5.3975726299180335,
    "max_ms": 6.3276303299180325,
    "p50_ms_raw": 3.583434,
    "p95_ms_raw": 4.3072574999999995,
    "p99_ms_raw": 5.663660300000001,
    "mean_ms_raw": 3.6895515186104215,
    "max_ms_raw": 6.593718,
    "producer_encode_mean_ms": 0.2660876700819672,
    "first_id": 85,
    "last_id": 487,
    "gap_count": 0,
    "seen": 463,
    "decoded": 463,
    "decoded_ratio": 1.0
  },
  "ros_jpeg": {
    "count": 0,
    "expected": 390,
    "frame_loss": null,
    "fps_effective": null,
    "mean_ms": null,
    "stddev_ms": null,
    "p50_ms": null,
    "p95_ms": null,
    "p99_ms": null,
    "max_ms": null,
    "p50_ms_raw": null,
    "p95_ms_raw": null,
    "p99_ms_raw": null,
    "mean_ms_raw": null,
    "max_ms_raw": null,
    "producer_encode_mean_ms": 0.2660876700819672,
    "first_id": null,
    "last_id": null,
    "gap_count": null,
    "seen": null,
    "decoded": null,
    "decoded_ratio": null
  },
  "cpu_stack": {
    "ros2": {
      "mean_pct": 0.0,
      "p95_pct": 0.0,
      "n": 26
    },
    "usb_cam_node_ex": {
      "mean_pct": 8.384615384615385,
      "p95_pct": 10.0,
      "n": 26
    },
    "gst-launch-1.0": {
      "mean_pct": 10.076923076923077,
      "p95_pct": 12.0,
      "n": 26
    },
    "_total": {
      "mean_pct": 18.46153846153846,
      "p95_pct": 22.0,
      "n": 26
    }
  },
  "producer": {
    "frames_produced": 488,
    "underruns": 0,
    "underrun_total_late_ms": 0,
    "base_video_frames": 1100,
    "base_video_catch_up_reuses": 0,
    "encode_count": 488,
    "encode_total_ns": 129850783,
    "encode_max_ns": 858615
  }
}