{
  "scenario": "cam-both-usb_cam+gst_bridge-yuv-rtp",
  "duration_s": 30,
  "warmup_frames": 60,
  "expected_after_warmup": 840,
  "stream": {
    "count": 838,
    "expected": 840,
    "frame_loss": 0.0023809523809523725,
    "fps_effective": 29.99877364798282,
    "mean_ms": 17.677093493947222,
    "stddev_ms": 0.5563775041989559,
    "p50_ms": 17.626052797049848,
    "p95_ms": 18.30029889704985,
    "p99_ms": 19.940152027049848,
    "max_ms": 21.85646229704985,
    "p50_ms_raw": 18.2699785,
    "p95_ms_raw": 18.944224600000002,
    "p99_ms_raw": 20.58407773,
    "mean_ms_raw": 18.321019196897375,
    "max_ms_raw": 22.500388,
    "producer_encode_mean_ms": 0.6439257029501526,
    "first_id": 145,
    "last_id": 982,
    "gap_count": 0,
    "seen": 898,
    "decoded": 898,
    "decoded_ratio": 1.0
  },
  "ros_raw": {
    "count": 852,
    "expected": 840,
    "frame_loss": 0.0,
    "fps_effective": 30.007117115188358,
    "mean_ms": 7.640570375688345,
    "stddev_ms": 0.6655058548254922,
    "p50_ms": 7.549174797049847,
    "p95_ms": 7.922705247049848,
    "p99_ms": 11.356705497049854,
    "max_ms": 15.014381297049848,
    "p50_ms_raw": 8.1931005,
    "p95_ms_raw": 8.56663095,
    "p99_ms_raw": 12.000631200000006,
    "mean_ms_raw": 8.284496078638497,
    "max_ms_raw": 15.658307,
    "producer_encode_mean_ms": 0.6439257029501526,
    "first_id": 131,
    "last_id": 982,
    "gap_count": 0,
    "seen": 912,
    "decoded": 912,
    "decoded_ratio": 1.0
  },
  "ros_jpeg": {
    "count": 0,
    "expected": 840,
    "frame_loss": null,
    "fps_effective": null,
    "mean_ms": null,
    "stddev_ms": null,
    "p50_ms": null,
    "p95_ms": null,
    "p99_ms": null,
    "max_ms": null,
    "p50_ms_raw": null,
    "p95_ms_raw": null,
    "p99_ms_raw": null,
    "mean_ms_raw": null,
    "max_ms_raw": null,
    "producer_encode_mean_ms": 0.6439257029501526,
    "first_id": null,
    "last_id": null,
    "gap_count": null,
    "seen": null,
    "decoded": null,
    "decoded_ratio": null
  },
  "cpu_stack": {
    "ros2": {
      "mean_pct": 0.0,
      "p95_pct": 0.0,
      "n": 56
    },
    "usb_cam_node_ex": {
      "mean_pct": 17.607142857142858,
      "p95_pct": 20.0,
      "n": 56
    },
    "gst-launch-1.0": {
      "mean_pct": 20.857142857142858,
      "p95_pct": 22.0,
      "n": 56
    },
    "_total": {
      "mean_pct": 38.464285714285715,
      "p95_pct": 42.0,
      "n": 56
    }
  },
  "producer": {
    "frames_produced": 983,
    "underruns": 0,
    "underrun_total_late_ms": 0,
    "base_video_frames": 1439,
    "base_video_catch_up_reuses": 0,
    "encode_count": 983,
    "encode_total_ns": 632978966,
    "encode_max_ns": 2819930
  }
}