{
  "scenario": "cam-both-gscam+gst_bridge-mjpeg-rtp",
  "duration_s": 30,
  "warmup_frames": 60,
  "expected_after_warmup": 840,
  "stream": {
    "count": 837,
    "expected": 840,
    "frame_loss": 0.0035714285714285587,
    "fps_effective": 29.998708188164205,
    "mean_ms": 18.18374237373947,
    "stddev_ms": 0.6127950219068256,
    "p50_ms": 18.1208841861648,
    "p95_ms": 19.0954251861648,
    "p99_ms": 20.440919186164802,
    "max_ms": 21.7361821861648,
    "p50_ms_raw": 21.40671,
    "p95_ms_raw": 22.381251,
    "p99_ms_raw": 23.726745,
    "mean_ms_raw": 21.46956818757467,
    "max_ms_raw": 25.022008,
    "producer_encode_mean_ms": 3.2858258138351983,
    "first_id": 145,
    "last_id": 981,
    "gap_count": 0,
    "seen": 897,
    "decoded": 897,
    "decoded_ratio": 1.0
  },
  "ros_raw": {
    "count": 849,
    "expected": 840,
    "frame_loss": 0.0,
    "fps_effective": 29.999285426219043,
    "mean_ms": 8.017591618438065,
    "stddev_ms": 0.34083791765302796,
    "p50_ms": 8.009769186164803,
    "p95_ms": 8.5878385861648,
    "p99_ms": 8.881076146164801,
    "max_ms": 9.7548521861648,
    "p50_ms_raw": 11.295595,
    "p95_ms_raw": 11.8736644,
    "p99_ms_raw": 12.16690196,
    "mean_ms_raw": 11.303417432273262,
    "max_ms_raw": 13.040678,
    "producer_encode_mean_ms": 3.2858258138351983,
    "first_id": 133,
    "last_id": 981,
    "gap_count": 0,
    "seen": 909,
    "decoded": 909,
    "decoded_ratio": 1.0
  },
  "ros_jpeg": {
    "count": 0,
    "expected": 840,
    "frame_loss": null,
    "fps_effective": null,
    "mean_ms": null,
    "stddev_ms": null,
    "p50_ms": null,
    "p95_ms": null,
    "p99_ms": null,
    "max_ms": null,
    "p50_ms_raw": null,
    "p95_ms_raw": null,
    "p99_ms_raw": null,
    "mean_ms_raw": null,
    "max_ms_raw": null,
    "producer_encode_mean_ms": 3.2858258138351983,
    "first_id": null,
    "last_id": null,
    "gap_count": null,
    "seen": null,
    "decoded": null,
    "decoded_ratio": null
  },
  "cpu_stack": {
    "ros2": {
      "mean_pct": 0.0,
      "p95_pct": 0.0,
      "n": 56
    },
    "gscam_node": {
      "mean_pct": 20.0,
      "p95_pct": 22.0,
      "n": 56
    },
    "gst-launch-1.0": {
      "mean_pct": 20.964285714285715,
      "p95_pct": 24.0,
      "n": 56
    },
    "_total": {
      "mean_pct": 40.964285714285715,
      "p95_pct": 44.0,
      "n": 56
    }
  },
  "producer": {
    "frames_produced": 983,
    "underruns": 0,
    "underrun_total_late_ms": 0,
    "base_video_frames": 1440,
    "base_video_catch_up_reuses": 0,
    "encode_count": 983,
    "encode_total_ns": 3229966775,
    "encode_max_ns": 13620889
  }
}