{
  "scenario": "cam-both-rcs-mjpeg-decoded-rtp",
  "duration_s": 15,
  "warmup_frames": 60,
  "expected_after_warmup": 390,
  "stream": {
    "count": 328,
    "expected": 390,
    "frame_loss": 0.15897435897435896,
    "fps_effective": 29.99885344382138,
    "mean_ms": 5.8324334312131345,
    "stddev_ms": 0.40224031922583636,
    "p50_ms": 5.8001450653594775,
    "p95_ms": 6.479578915359476,
    "p99_ms": 6.8661101053594775,
    "max_ms": 7.257059065359477,
    "p50_ms_raw": 7.4882670000000005,
    "p95_ms_raw": 8.16770085,
    "p99_ms_raw": 8.55423204,
    "mean_ms_raw": 7.5205553658536575,
    "max_ms_raw": 8.945181,
    "producer_encode_mean_ms": 1.6881219346405227,
    "first_id": 130,
    "last_id": 457,
    "gap_count": 0,
    "seen": 388,
    "decoded": 388,
    "decoded_ratio": 1.0
  },
  "ros_raw": {
    "count": 328,
    "expected": 390,
    "frame_loss": 0.15897435897435896,
    "fps_effective": 30.000218330029288,
    "mean_ms": 4.7181705074326485,
    "stddev_ms": 0.6232559478579272,
    "p50_ms": 4.579439565359476,
    "p95_ms": 5.912552515359474,
    "p99_ms": 7.382784025359478,
    "max_ms": 8.588174065359478,
    "p50_ms_raw": 6.267561499999999,
    "p95_ms_raw": 7.600674449999997,
    "p99_ms_raw": 9.070905960000001,
    "mean_ms_raw": 6.4062924420731715,
    "max_ms_raw": 10.276296,
    "producer_encode_mean_ms": 1.6881219346405227,
    "first_id": 130,
    "last_id": 457,
    "gap_count": 0,
    "seen": 388,
    "decoded": 388,
    "decoded_ratio": 1.0
  },
  "ros_jpeg": {
    "count": 0,
    "expected": 390,
    "frame_loss": null,
    "fps_effective": null,
    "mean_ms": null,
    "stddev_ms": null,
    "p50_ms": null,
    "p95_ms": null,
    "p99_ms": null,
    "max_ms": null,
    "p50_ms_raw": null,
    "p95_ms_raw": null,
    "p99_ms_raw": null,
    "mean_ms_raw": null,
    "max_ms_raw": null,
    "producer_encode_mean_ms": 1.6881219346405227,
    "first_id": null,
    "last_id": null,
    "gap_count": null,
    "seen": null,
    "decoded": null,
    "decoded_ratio": null
  },
  "cpu_stack": {
    "ros2": {
      "mean_pct": 0.07692307692307693,
      "p95_pct": 0.0,
      "n": 26
    },
    "camera_server_s": {
      "mean_pct": 15.153846153846153,
      "p95_pct": 24.0,
      "n": 26
    },
    "_total": {
      "mean_pct": 15.23076923076923,
      "p95_pct": 25.5,
      "n": 26
    }
  },
  "producer": {
    "frames_produced": 459,
    "underruns": 0,
    "underrun_total_late_ms": 0,
    "base_video_frames": 1100,
    "base_video_catch_up_reuses": 0,
    "encode_count": 459,
    "encode_total_ns": 774847968,
    "encode_max_ns": 3678370
  }
}