{
  "scenario": "cam-both-rcs-mjpeg-decoded-rtp",
  "duration_s": 30,
  "warmup_frames": 60,
  "expected_after_warmup": 840,
  "stream": {
    "count": 817,
    "expected": 840,
    "frame_loss": 0.027380952380952395,
    "fps_effective": 29.99863337034696,
    "mean_ms": 8.966722951642122,
    "stddev_ms": 0.556171723933872,
    "p50_ms": 8.928711711740043,
    "p95_ms": 9.888224311740043,
    "p99_ms": 10.525546711740041,
    "max_ms": 12.129340711740042,
    "p50_ms_raw": 12.184801,
    "p95_ms_raw": 13.1443136,
    "p99_ms_raw": 13.781635999999999,
    "mean_ms_raw": 12.22281223990208,
    "max_ms_raw": 15.38543,
    "producer_encode_mean_ms": 3.256089288259958,
    "first_id": 136,
    "last_id": 952,
    "gap_count": 0,
    "seen": 877,
    "decoded": 877,
    "decoded_ratio": 1.0
  },
  "ros_raw": {
    "count": 817,
    "expected": 840,
    "frame_loss": 0.027380952380952395,
    "fps_effective": 30.000599842140506,
    "mean_ms": 9.032767277223519,
    "stddev_ms": 0.7259545812045585,
    "p50_ms": 8.915468711740042,
    "p95_ms": 9.676842711740044,
    "p99_ms": 14.033411351740057,
    "max_ms": 14.981828711740043,
    "p50_ms_raw": 12.171558,
    "p95_ms_raw": 12.932932000000001,
    "p99_ms_raw": 17.289500640000014,
    "mean_ms_raw": 12.288856565483476,
    "max_ms_raw": 18.237918,
    "producer_encode_mean_ms": 3.256089288259958,
    "first_id": 136,
    "last_id": 952,
    "gap_count": 0,
    "seen": 877,
    "decoded": 877,
    "decoded_ratio": 1.0
  },
  "ros_jpeg": {
    "count": 0,
    "expected": 840,
    "frame_loss": null,
    "fps_effective": null,
    "mean_ms": null,
    "stddev_ms": null,
    "p50_ms": null,
    "p95_ms": null,
    "p99_ms": null,
    "max_ms": null,
    "p50_ms_raw": null,
    "p95_ms_raw": null,
    "p99_ms_raw": null,
    "mean_ms_raw": null,
    "max_ms_raw": null,
    "producer_encode_mean_ms": 3.256089288259958,
    "first_id": null,
    "last_id": null,
    "gap_count": null,
    "seen": null,
    "decoded": null,
    "decoded_ratio": null
  },
  "cpu_stack": {
    "ros2": {
      "mean_pct": 0.03571428571428571,
      "p95_pct": 0.0,
      "n": 56
    },
    "camera_server_s": {
      "mean_pct": 21.392857142857142,
      "p95_pct": 24.0,
      "n": 56
    },
    "_total": {
      "mean_pct": 21.428571428571427,
      "p95_pct": 24.0,
      "n": 56
    }
  },
  "producer": {
    "frames_produced": 954,
    "underruns": 0,
    "underrun_total_late_ms": 0,
    "base_video_frames": 1439,
    "base_video_catch_up_reuses": 0,
    "encode_count": 954,
    "encode_total_ns": 3106309181,
    "encode_max_ns": 10432494
  }
}