{
  "scenario": "cam-both-usb_cam+gst_bridge-mjpeg-rtp",
  "duration_s": 30,
  "warmup_frames": 60,
  "expected_after_warmup": 840,
  "stream": {
    "count": 838,
    "expected": 840,
    "frame_loss": 0.0023809523809523725,
    "fps_effective": 29.99956321388638,
    "mean_ms": 17.88924570059872,
    "stddev_ms": 0.5428319799808964,
    "p50_ms": 17.838107602746696,
    "p95_ms": 18.728503702746696,
    "p99_ms": 19.635450192746696,
    "max_ms": 20.702832102746694,
    "p50_ms_raw": 21.082075500000002,
    "p95_ms_raw": 21.972471600000002,
    "p99_ms_raw": 22.87941809,
    "mean_ms_raw": 21.133213597852027,
    "max_ms_raw": 23.9468,
    "producer_encode_mean_ms": 3.243967897253306,
    "first_id": 145,
    "last_id": 982,
    "gap_count": 0,
    "seen": 898,
    "decoded": 898,
    "decoded_ratio": 1.0
  },
  "ros_raw": {
    "count": 848,
    "expected": 840,
    "frame_loss": 0.0,
    "fps_effective": 29.999846483666335,
    "mean_ms": 7.912302871614617,
    "stddev_ms": 0.38647629718461274,
    "p50_ms": 7.874289602746694,
    "p95_ms": 8.539508952746694,
    "p99_ms": 8.883417202746692,
    "max_ms": 10.627723102746694,
    "p50_ms_raw": 11.1182575,
    "p95_ms_raw": 11.78347685,
    "p99_ms_raw": 12.127385099999998,
    "mean_ms_raw": 11.156270768867923,
    "max_ms_raw": 13.871691,
    "producer_encode_mean_ms": 3.243967897253306,
    "first_id": 135,
    "last_id": 982,
    "gap_count": 0,
    "seen": 908,
    "decoded": 908,
    "decoded_ratio": 1.0
  },
  "ros_jpeg": {
    "count": 0,
    "expected": 840,
    "frame_loss": null,
    "fps_effective": null,
    "mean_ms": null,
    "stddev_ms": null,
    "p50_ms": null,
    "p95_ms": null,
    "p99_ms": null,
    "max_ms": null,
    "p50_ms_raw": null,
    "p95_ms_raw": null,
    "p99_ms_raw": null,
    "mean_ms_raw": null,
    "max_ms_raw": null,
    "producer_encode_mean_ms": 3.243967897253306,
    "first_id": null,
    "last_id": null,
    "gap_count": null,
    "seen": null,
    "decoded": null,
    "decoded_ratio": null
  },
  "cpu_stack": {
    "ros2": {
      "mean_pct": 0.0,
      "p95_pct": 0.0,
      "n": 56
    },
    "usb_cam_node_ex": {
      "mean_pct": 19.75,
      "p95_pct": 22.0,
      "n": 56
    },
    "gst-launch-1.0": {
      "mean_pct": 20.75,
      "p95_pct": 22.0,
      "n": 56
    },
    "_total": {
      "mean_pct": 40.5,
      "p95_pct": 42.5,
      "n": 56
    }
  },
  "producer": {
    "frames_produced": 983,
    "underruns": 0,
    "underrun_total_late_ms": 0,
    "base_video_frames": 1439,
    "base_video_catch_up_reuses": 0,
    "encode_count": 983,
    "encode_total_ns": 3188820443,
    "encode_max_ns": 11962254
  }
}