{
  "scenario": "cam-both-gscam+gst_bridge-yuv-rtp",
  "duration_s": 30,
  "warmup_frames": 60,
  "expected_after_warmup": 840,
  "stream": {
    "count": 838,
    "expected": 840,
    "frame_loss": 0.0023809523809523725,
    "fps_effective": 29.997941246668216,
    "mean_ms": 17.8348614490746,
    "stddev_ms": 0.5127149904497887,
    "p50_ms": 17.79541089776195,
    "p95_ms": 18.667732447761953,
    "p99_ms": 19.91620416776195,
    "max_ms": 21.437300397761955,
    "p50_ms_raw": 18.418448499999997,
    "p95_ms_raw": 19.29077005,
    "p99_ms_raw": 20.539241769999997,
    "mean_ms_raw": 18.457899051312648,
    "max_ms_raw": 22.060338,
    "producer_encode_mean_ms": 0.6230376022380468,
    "first_id": 145,
    "last_id": 982,
    "gap_count": 0,
    "seen": 898,
    "decoded": 898,
    "decoded_ratio": 1.0
  },
  "ros_raw": {
    "count": 848,
    "expected": 840,
    "frame_loss": 0.0,
    "fps_effective": 30.00543523590567,
    "mean_ms": 7.761002388327991,
    "stddev_ms": 0.5653671946364688,
    "p50_ms": 7.692698397761952,
    "p95_ms": 8.109771647761955,
    "p99_ms": 9.207735437761954,
    "max_ms": 15.765530397761953,
    "p50_ms_raw": 8.315736,
    "p95_ms_raw": 8.73280925,
    "p99_ms_raw": 9.83077304,
    "mean_ms_raw": 8.384039990566038,
    "max_ms_raw": 16.388568,
    "producer_encode_mean_ms": 0.6230376022380468,
    "first_id": 135,
    "last_id": 982,
    "gap_count": 0,
    "seen": 908,
    "decoded": 908,
    "decoded_ratio": 1.0
  },
  "ros_jpeg": {
    "count": 0,
    "expected": 840,
    "frame_loss": null,
    "fps_effective": null,
    "mean_ms": null,
    "stddev_ms": null,
    "p50_ms": null,
    "p95_ms": null,
    "p99_ms": null,
    "max_ms": null,
    "p50_ms_raw": null,
    "p95_ms_raw": null,
    "p99_ms_raw": null,
    "mean_ms_raw": null,
    "max_ms_raw": null,
    "producer_encode_mean_ms": 0.6230376022380468,
    "first_id": null,
    "last_id": null,
    "gap_count": null,
    "seen": null,
    "decoded": null,
    "decoded_ratio": null
  },
  "cpu_stack": {
    "ros2": {
      "mean_pct": 0.0,
      "p95_pct": 0.0,
      "n": 56
    },
    "gscam_node": {
      "mean_pct": 17.678571428571427,
      "p95_pct": 20.0,
      "n": 56
    },
    "gst-launch-1.0": {
      "mean_pct": 20.892857142857142,
      "p95_pct": 22.0,
      "n": 56
    },
    "_total": {
      "mean_pct": 38.57142857142857,
      "p95_pct": 40.5,
      "n": 56
    }
  },
  "producer": {
    "frames_produced": 983,
    "underruns": 0,
    "underrun_total_late_ms": 0,
    "base_video_frames": 1439,
    "base_video_catch_up_reuses": 0,
    "encode_count": 983,
    "encode_total_ns": 612445963,
    "encode_max_ns": 2600078
  }
}