{
  "scenario": "cam-both-rcs-yuv-webrtc",
  "duration_s": 30,
  "warmup_frames": 60,
  "expected_after_warmup": 840,
  "stream": {
    "count": 824,
    "expected": 840,
    "frame_loss": 0.01904761904761909,
    "fps_effective": 29.998535220732975,
    "mean_ms": 9.570780083798429,
    "stddev_ms": 0.6813436852494158,
    "p50_ms": 9.45021103646833,
    "p95_ms": 10.53877048646833,
    "p99_ms": 12.41870163646833,
    "max_ms": 14.424201536468331,
    "p50_ms_raw": 10.0834195,
    "p95_ms_raw": 11.17197895,
    "p99_ms_raw": 13.051910099999999,
    "mean_ms_raw": 10.203988547330098,
    "max_ms_raw": 15.05741,
    "producer_encode_mean_ms": 0.6332084635316698,
    "first_id": 218,
    "last_id": 1041,
    "gap_count": 0,
    "seen": 884,
    "decoded": 884,
    "decoded_ratio": 1.0
  },
  "ros_raw": {
    "count": 900,
    "expected": 840,
    "frame_loss": 0.0,
    "fps_effective": 30.00604882459147,
    "mean_ms": 6.587134633134997,
    "stddev_ms": 0.47821899268190066,
    "p50_ms": 6.52653353646833,
    "p95_ms": 6.83484013646833,
    "p99_ms": 8.728133366468327,
    "max_ms": 13.24990053646833,
    "p50_ms_raw": 7.159742,
    "p95_ms_raw": 7.4680485999999995,
    "p99_ms_raw": 9.361341829999997,
    "mean_ms_raw": 7.220343096666666,
    "max_ms_raw": 13.883109,
    "producer_encode_mean_ms": 0.6332084635316698,
    "first_id": 127,
    "last_id": 1026,
    "gap_count": 0,
    "seen": 960,
    "decoded": 960,
    "decoded_ratio": 1.0
  },
  "ros_jpeg": {
    "count": 0,
    "expected": 840,
    "frame_loss": null,
    "fps_effective": null,
    "mean_ms": null,
    "stddev_ms": null,
    "p50_ms": null,
    "p95_ms": null,
    "p99_ms": null,
    "max_ms": null,
    "p50_ms_raw": null,
    "p95_ms_raw": null,
    "p99_ms_raw": null,
    "mean_ms_raw": null,
    "max_ms_raw": null,
    "producer_encode_mean_ms": 0.6332084635316698,
    "first_id": null,
    "last_id": null,
    "gap_count": null,
    "seen": null,
    "decoded": null,
    "decoded_ratio": null
  },
  "cpu_stack": {
    "ros2": {
      "mean_pct": 0.03571428571428571,
      "p95_pct": 0.0,
      "n": 56
    },
    "camera_server_s": {
      "mean_pct": 23.642857142857142,
      "p95_pct": 26.0,
      "n": 56
    },
    "_total": {
      "mean_pct": 23.678571428571427,
      "p95_pct": 26.0,
      "n": 56
    }
  },
  "producer": {
    "frames_produced": 1042,
    "underruns": 0,
    "underrun_total_late_ms": 0,
    "base_video_frames": 1440,
    "base_video_catch_up_reuses": 0,
    "encode_count": 1042,
    "encode_total_ns": 659803219,
    "encode_max_ns": 2476344
  }
}