{
  "scenario": "cam-both-rcs-yuv-webrtc",
  "duration_s": 15,
  "warmup_frames": 60,
  "expected_after_warmup": 390,
  "stream": {
    "count": 362,
    "expected": 390,
    "frame_loss": 0.07179487179487176,
    "fps_effective": 30.000341954867256,
    "mean_ms": 5.234156828583361,
    "stddev_ms": 0.39764917694757035,
    "p50_ms": 5.204373096539162,
    "p95_ms": 5.793131996539161,
    "p99_ms": 6.342664326539159,
    "max_ms": 8.21663509653916,
    "p50_ms_raw": 5.460595,
    "p95_ms_raw": 6.049353899999999,
    "p99_ms_raw": 6.598886229999997,
    "mean_ms_raw": 5.490378732044198,
    "max_ms_raw": 8.472857,
    "producer_encode_mean_ms": 0.2562219034608379,
    "first_id": 187,
    "last_id": 548,
    "gap_count": 0,
    "seen": 422,
    "decoded": 422,
    "decoded_ratio": 1.0
  },
  "ros_raw": {
    "count": 422,
    "expected": 390,
    "frame_loss": 0.0,
    "fps_effective": 29.999585313808243,
    "mean_ms": 3.110948632084186,
    "stddev_ms": 0.4432349120015548,
    "p50_ms": 3.0309290965391624,
    "p95_ms": 3.504683246539162,
    "p99_ms": 5.434199056539168,
    "max_ms": 6.4525660965391625,
    "p50_ms_raw": 3.287151,
    "p95_ms_raw": 3.7609051499999997,
    "p99_ms_raw": 5.690420960000005,
    "mean_ms_raw": 3.3671705355450237,
    "max_ms_raw": 6.708788,
    "producer_encode_mean_ms": 0.2562219034608379,
    "first_id": 127,
    "last_id": 548,
    "gap_count": 0,
    "seen": 482,
    "decoded": 482,
    "decoded_ratio": 1.0
  },
  "ros_jpeg": {
    "count": 0,
    "expected": 390,
    "frame_loss": null,
    "fps_effective": null,
    "mean_ms": null,
    "stddev_ms": null,
    "p50_ms": null,
    "p95_ms": null,
    "p99_ms": null,
    "max_ms": null,
    "p50_ms_raw": null,
    "p95_ms_raw": null,
    "p99_ms_raw": null,
    "mean_ms_raw": null,
    "max_ms_raw": null,
    "producer_encode_mean_ms": 0.2562219034608379,
    "first_id": null,
    "last_id": null,
    "gap_count": null,
    "seen": null,
    "decoded": null,
    "decoded_ratio": null
  },
  "cpu_stack": {
    "ros2": {
      "mean_pct": 0.0,
      "p95_pct": 0.0,
      "n": 26
    },
    "camera_server_s": {
      "mean_pct": 12.076923076923077,
      "p95_pct": 14.0,
      "n": 26
    },
    "_total": {
      "mean_pct": 12.076923076923077,
      "p95_pct": 14.0,
      "n": 26
    }
  },
  "producer": {
    "frames_produced": 549,
    "underruns": 0,
    "underrun_total_late_ms": 0,
    "base_video_frames": 1100,
    "base_video_catch_up_reuses": 0,
    "encode_count": 549,
    "encode_total_ns": 140665825,
    "encode_max_ns": 1253295
  }
}