{
  "scenario": "cam-both-rcs-yuv-webrtc",
  "duration_s": 15,
  "warmup_frames": 60,
  "expected_after_warmup": 390,
  "stream": {
    "count": 363,
    "expected": 390,
    "frame_loss": 0.0692307692307692,
    "fps_effective": 29.998055714966586,
    "mean_ms": 5.357688112932605,
    "stddev_ms": 0.3781187062312599,
    "p50_ms": 5.351082779599271,
    "p95_ms": 5.934819879599271,
    "p99_ms": 6.488006279599271,
    "max_ms": 7.107810779599271,
    "p50_ms_raw": 5.611218,
    "p95_ms_raw": 6.1949551,
    "p99_ms_raw": 6.7481415,
    "mean_ms_raw": 5.617823333333334,
    "max_ms_raw": 7.367946,
    "producer_encode_mean_ms": 0.2601352204007286,
    "first_id": 186,
    "last_id": 548,
    "gap_count": 0,
    "seen": 423,
    "decoded": 423,
    "decoded_ratio": 1.0
  },
  "ros_raw": {
    "count": 423,
    "expected": 390,
    "frame_loss": 0.0,
    "fps_effective": 30.000750741772418,
    "mean_ms": 3.180653313878231,
    "stddev_ms": 0.4673831181793251,
    "p50_ms": 3.086618779599271,
    "p95_ms": 3.7868502795992702,
    "p99_ms": 5.40230185959927,
    "max_ms": 5.8701277795992715,
    "p50_ms_raw": 3.346754,
    "p95_ms_raw": 4.046985499999999,
    "p99_ms_raw": 5.662437079999998,
    "mean_ms_raw": 3.4407885342789597,
    "max_ms_raw": 6.130263,
    "producer_encode_mean_ms": 0.2601352204007286,
    "first_id": 126,
    "last_id": 548,
    "gap_count": 0,
    "seen": 483,
    "decoded": 483,
    "decoded_ratio": 1.0
  },
  "ros_jpeg": {
    "count": 0,
    "expected": 390,
    "frame_loss": null,
    "fps_effective": null,
    "mean_ms": null,
    "stddev_ms": null,
    "p50_ms": null,
    "p95_ms": null,
    "p99_ms": null,
    "max_ms": null,
    "p50_ms_raw": null,
    "p95_ms_raw": null,
    "p99_ms_raw": null,
    "mean_ms_raw": null,
    "max_ms_raw": null,
    "producer_encode_mean_ms": 0.2601352204007286,
    "first_id": null,
    "last_id": null,
    "gap_count": null,
    "seen": null,
    "decoded": null,
    "decoded_ratio": null
  },
  "cpu_stack": {
    "ros2": {
      "mean_pct": 0.07692307692307693,
      "p95_pct": 0.0,
      "n": 26
    },
    "camera_server_s": {
      "mean_pct": 12.307692307692308,
      "p95_pct": 14.0,
      "n": 26
    },
    "_total": {
      "mean_pct": 12.384615384615385,
      "p95_pct": 15.5,
      "n": 26
    }
  },
  "producer": {
    "frames_produced": 549,
    "underruns": 0,
    "underrun_total_late_ms": 0,
    "base_video_frames": 1100,
    "base_video_catch_up_reuses": 0,
    "encode_count": 549,
    "encode_total_ns": 142814236,
    "encode_max_ns": 933361
  }
}