{
  "scenario": "cam-both-rcs-yuv-webrtc",
  "duration_s": 30,
  "warmup_frames": 60,
  "expected_after_warmup": 840,
  "stream": {
    "count": 817,
    "expected": 840,
    "frame_loss": 0.027380952380952395,
    "fps_effective": 29.99862877591334,
    "mean_ms": 9.593557457585746,
    "stddev_ms": 0.7332643907886499,
    "p50_ms": 9.438929146692233,
    "p95_ms": 10.842921546692223,
    "p99_ms": 12.706403586692236,
    "max_ms": 14.286018146692234,
    "p50_ms_raw": 10.074556,
    "p95_ms_raw": 11.478548399999989,
    "p99_ms_raw": 13.342030440000002,
    "mean_ms_raw": 10.229184310893512,
    "max_ms_raw": 14.921645,
    "producer_encode_mean_ms": 0.635626853307766,
    "first_id": 225,
    "last_id": 1041,
    "gap_count": 0,
    "seen": 877,
    "decoded": 877,
    "decoded_ratio": 1.0
  },
  "ros_raw": {
    "count": 900,
    "expected": 840,
    "frame_loss": 0.0,
    "fps_effective": 30.000338960114515,
    "mean_ms": 6.597977303358901,
    "stddev_ms": 0.3838930848950307,
    "p50_ms": 6.552864146692234,
    "p95_ms": 6.911481696692234,
    "p99_ms": 7.376847156692232,
    "max_ms": 11.513491146692234,
    "p50_ms_raw": 7.188491,
    "p95_ms_raw": 7.54710855,
    "p99_ms_raw": 8.012474009999998,
    "mean_ms_raw": 7.233604156666667,
    "max_ms_raw": 12.149118,
    "producer_encode_mean_ms": 0.635626853307766,
    "first_id": 134,
    "last_id": 1033,
    "gap_count": 0,
    "seen": 960,
    "decoded": 960,
    "decoded_ratio": 1.0
  },
  "ros_jpeg": {
    "count": 0,
    "expected": 840,
    "frame_loss": null,
    "fps_effective": null,
    "mean_ms": null,
    "stddev_ms": null,
    "p50_ms": null,
    "p95_ms": null,
    "p99_ms": null,
    "max_ms": null,
    "p50_ms_raw": null,
    "p95_ms_raw": null,
    "p99_ms_raw": null,
    "mean_ms_raw": null,
    "max_ms_raw": null,
    "producer_encode_mean_ms": 0.635626853307766,
    "first_id": null,
    "last_id": null,
    "gap_count": null,
    "seen": null,
    "decoded": null,
    "decoded_ratio": null
  },
  "cpu_stack": {
    "ros2": {
      "mean_pct": 0.0,
      "p95_pct": 0.0,
      "n": 56
    },
    "camera_server_s": {
      "mean_pct": 23.785714285714285,
      "p95_pct": 26.0,
      "n": 56
    },
    "_total": {
      "mean_pct": 23.785714285714285,
      "p95_pct": 26.0,
      "n": 56
    }
  },
  "producer": {
    "frames_produced": 1043,
    "underruns": 0,
    "underrun_total_late_ms": 0,
    "base_video_frames": 1439,
    "base_video_catch_up_reuses": 0,
    "encode_count": 1043,
    "encode_total_ns": 662958808,
    "encode_max_ns": 2657118
  }
}