{
  "scenario": "cam-both-usb_cam+rtsp_fkie-yuv-h264",
  "duration_s": 15,
  "warmup_frames": 60,
  "expected_after_warmup": 390,
  "stream": {
    "count": 385,
    "expected": 390,
    "frame_loss": 0.012820512820512775,
    "fps_effective": 30.000795867206676,
    "mean_ms": 7.430439003426621,
    "stddev_ms": 0.7717626836391178,
    "p50_ms": 7.200218699530517,
    "p95_ms": 8.804539699530512,
    "p99_ms": 10.092503059530495,
    "max_ms": 14.377677699530516,
    "p50_ms_raw": 7.462516,
    "p95_ms_raw": 9.066836999999996,
    "p99_ms_raw": 10.35480035999998,
    "mean_ms_raw": 7.692736303896104,
    "max_ms_raw": 14.639975,
    "producer_encode_mean_ms": 0.2622973004694835,
    "first_id": 254,
    "last_id": 638,
    "gap_count": 0,
    "seen": 445,
    "decoded": 445,
    "decoded_ratio": 1.0
  },
  "ros_raw": {
    "count": 552,
    "expected": 390,
    "frame_loss": 0.0,
    "fps_effective": 29.99962042476634,
    "mean_ms": 3.666280061849357,
    "stddev_ms": 0.7989222706724112,
    "p50_ms": 3.4454481995305164,
    "p95_ms": 5.013200849530516,
    "p99_ms": 7.6010488595305175,
    "max_ms": 9.354991699530515,
    "p50_ms_raw": 3.7077454999999997,
    "p95_ms_raw": 5.275498149999999,
    "p99_ms_raw": 7.863346160000001,
    "mean_ms_raw": 3.928577362318841,
    "max_ms_raw": 9.617289,
    "producer_encode_mean_ms": 0.2622973004694835,
    "first_id": 87,
    "last_id": 638,
    "gap_count": 0,
    "seen": 612,
    "decoded": 612,
    "decoded_ratio": 1.0
  },
  "ros_jpeg": {
    "count": 0,
    "expected": 390,
    "frame_loss": null,
    "fps_effective": null,
    "mean_ms": null,
    "stddev_ms": null,
    "p50_ms": null,
    "p95_ms": null,
    "p99_ms": null,
    "max_ms": null,
    "p50_ms_raw": null,
    "p95_ms_raw": null,
    "p99_ms_raw": null,
    "mean_ms_raw": null,
    "max_ms_raw": null,
    "producer_encode_mean_ms": 0.2622973004694835,
    "first_id": null,
    "last_id": null,
    "gap_count": null,
    "seen": null,
    "decoded": null,
    "decoded_ratio": null
  },
  "cpu_stack": {
    "ros2": {
      "mean_pct": 0.0,
      "p95_pct": 0.0,
      "n": 26
    },
    "usb_cam_node_ex": {
      "mean_pct": 8.23076923076923,
      "p95_pct": 10.0,
      "n": 26
    },
    "republish": {
      "mean_pct": 6.769230769230769,
      "p95_pct": 8.0,
      "n": 26
    },
    "_total": {
      "mean_pct": 15.0,
      "p95_pct": 18.0,
      "n": 26
    }
  },
  "producer": {
    "frames_produced": 639,
    "underruns": 0,
    "underrun_total_late_ms": 0,
    "base_video_frames": 1100,
    "base_video_catch_up_reuses": 0,
    "encode_count": 639,
    "encode_total_ns": 167607975,
    "encode_max_ns": 1006993
  }
}