{
  "scenario": "cam-both-usb_cam+rtsp_fkie-yuv-h264",
  "duration_s": 30,
  "warmup_frames": 60,
  "expected_after_warmup": 840,
  "stream": {
    "count": 836,
    "expected": 840,
    "frame_loss": 0.004761904761904745,
    "fps_effective": 30.00227952541028,
    "mean_ms": 15.97952584324337,
    "stddev_ms": 0.6545040390865106,
    "p50_ms": 15.954330594439542,
    "p95_ms": 17.03935309443954,
    "p99_ms": 18.23136089443954,
    "max_ms": 19.56659909443954,
    "p50_ms_raw": 16.5867395,
    "p95_ms_raw": 17.671762,
    "p99_ms_raw": 18.8637698,
    "mean_ms_raw": 16.61193474880383,
    "max_ms_raw": 20.199008,
    "producer_encode_mean_ms": 0.632408905560459,
    "first_id": 297,
    "last_id": 1132,
    "gap_count": 0,
    "seen": 896,
    "decoded": 896,
    "decoded_ratio": 1.0
  },
  "ros_raw": {
    "count": 900,
    "expected": 840,
    "frame_loss": 0.0,
    "fps_effective": 30.010454801225315,
    "mean_ms": 7.928735136661763,
    "stddev_ms": 1.4939280875319254,
    "p50_ms": 7.525943094439541,
    "p95_ms": 9.209373344439541,
    "p99_ms": 16.513488714439536,
    "max_ms": 17.91949509443954,
    "p50_ms_raw": 8.158352,
    "p95_ms_raw": 9.84178225,
    "p99_ms_raw": 17.145897619999996,
    "mean_ms_raw": 8.561144042222223,
    "max_ms_raw": 18.551904,
    "producer_encode_mean_ms": 0.632408905560459,
    "first_id": 136,
    "last_id": 1035,
    "gap_count": 0,
    "seen": 960,
    "decoded": 960,
    "decoded_ratio": 1.0
  },
  "ros_jpeg": {
    "count": 0,
    "expected": 840,
    "frame_loss": null,
    "fps_effective": null,
    "mean_ms": null,
    "stddev_ms": null,
    "p50_ms": null,
    "p95_ms": null,
    "p99_ms": null,
    "max_ms": null,
    "p50_ms_raw": null,
    "p95_ms_raw": null,
    "p99_ms_raw": null,
    "mean_ms_raw": null,
    "max_ms_raw": null,
    "producer_encode_mean_ms": 0.632408905560459,
    "first_id": null,
    "last_id": null,
    "gap_count": null,
    "seen": null,
    "decoded": null,
    "decoded_ratio": null
  },
  "cpu_stack": {
    "ros2": {
      "mean_pct": 0.0,
      "p95_pct": 0.0,
      "n": 56
    },
    "usb_cam_node_ex": {
      "mean_pct": 16.928571428571427,
      "p95_pct": 18.0,
      "n": 56
    },
    "republish": {
      "mean_pct": 13.785714285714286,
      "p95_pct": 16.0,
      "n": 56
    },
    "_total": {
      "mean_pct": 30.714285714285715,
      "p95_pct": 34.0,
      "n": 56
    }
  },
  "producer": {
    "frames_produced": 1133,
    "underruns": 0,
    "underrun_total_late_ms": 0,
    "base_video_frames": 1440,
    "base_video_catch_up_reuses": 0,
    "encode_count": 1133,
    "encode_total_ns": 716519290,
    "encode_max_ns": 2802258
  }
}