{
  "scenario": "cam-both-usb_cam+gst_bridge-yuv-rtp",
  "duration_s": 30,
  "warmup_frames": 60,
  "expected_after_warmup": 840,
  "stream": {
    "count": 837,
    "expected": 840,
    "frame_loss": 0.0035714285714285587,
    "fps_effective": 29.998677482108185,
    "mean_ms": 17.736327620715848,
    "stddev_ms": 0.675131700065063,
    "p50_ms": 17.642537544252292,
    "p95_ms": 18.81887334425228,
    "p99_ms": 20.915588704252286,
    "max_ms": 23.05549454425229,
    "p50_ms_raw": 18.281597,
    "p95_ms_raw": 19.457932799999995,
    "p99_ms_raw": 21.55464816,
    "mean_ms_raw": 18.37538707646356,
    "max_ms_raw": 23.694554,
    "producer_encode_mean_ms": 0.6390594557477112,
    "first_id": 145,
    "last_id": 981,
    "gap_count": 0,
    "seen": 897,
    "decoded": 897,
    "decoded_ratio": 1.0
  },
  "ros_raw": {
    "count": 846,
    "expected": 840,
    "frame_loss": 0.0,
    "fps_effective": 30.00653196640695,
    "mean_ms": 7.586629128176638,
    "stddev_ms": 0.647507025503034,
    "p50_ms": 7.482476044252289,
    "p95_ms": 7.931791794252289,
    "p99_ms": 11.618743594252281,
    "max_ms": 13.74757754425229,
    "p50_ms_raw": 8.1215355,
    "p95_ms_raw": 8.57085125,
    "p99_ms_raw": 12.257803049999993,
    "mean_ms_raw": 8.225688583924349,
    "max_ms_raw": 14.386637,
    "producer_encode_mean_ms": 0.6390594557477112,
    "first_id": 137,
    "last_id": 982,
    "gap_count": 0,
    "seen": 906,
    "decoded": 906,
    "decoded_ratio": 1.0
  },
  "ros_jpeg": {
    "count": 0,
    "expected": 840,
    "frame_loss": null,
    "fps_effective": null,
    "mean_ms": null,
    "stddev_ms": null,
    "p50_ms": null,
    "p95_ms": null,
    "p99_ms": null,
    "max_ms": null,
    "p50_ms_raw": null,
    "p95_ms_raw": null,
    "p99_ms_raw": null,
    "mean_ms_raw": null,
    "max_ms_raw": null,
    "producer_encode_mean_ms": 0.6390594557477112,
    "first_id": null,
    "last_id": null,
    "gap_count": null,
    "seen": null,
    "decoded": null,
    "decoded_ratio": null
  },
  "cpu_stack": {
    "ros2": {
      "mean_pct": 0.0,
      "p95_pct": 0.0,
      "n": 56
    },
    "usb_cam_node_ex": {
      "mean_pct": 17.357142857142858,
      "p95_pct": 18.5,
      "n": 56
    },
    "gst-launch-1.0": {
      "mean_pct": 20.964285714285715,
      "p95_pct": 24.0,
      "n": 56
    },
    "_total": {
      "mean_pct": 38.32142857142857,
      "p95_pct": 42.0,
      "n": 56
    }
  },
  "producer": {
    "frames_produced": 983,
    "underruns": 0,
    "underrun_total_late_ms": 0,
    "base_video_frames": 1440,
    "base_video_catch_up_reuses": 0,
    "encode_count": 983,
    "encode_total_ns": 628195445,
    "encode_max_ns": 2909337
  }
}