{
  "scenario": "cam-both-usb_cam+gst_bridge-yuv-rtp",
  "duration_s": 15,
  "warmup_frames": 60,
  "expected_after_warmup": 390,
  "stream": {
    "count": 343,
    "expected": 390,
    "frame_loss": 0.12051282051282053,
    "fps_effective": 29.997977641603466,
    "mean_ms": 8.826429237448023,
    "stddev_ms": 0.6774774353404416,
    "p50_ms": 8.69034881762295,
    "p95_ms": 9.653244317622951,
    "p99_ms": 12.490180517622948,
    "max_ms": 13.61089281762295,
    "p50_ms_raw": 8.945849,
    "p95_ms_raw": 9.908744500000001,
    "p99_ms_raw": 12.745680699999998,
    "mean_ms_raw": 9.081929419825073,
    "max_ms_raw": 13.866393,
    "producer_encode_mean_ms": 0.2555001823770492,
    "first_id": 145,
    "last_id": 487,
    "gap_count": 0,
    "seen": 403,
    "decoded": 403,
    "decoded_ratio": 1.0
  },
  "ros_raw": {
    "count": 403,
    "expected": 390,
    "frame_loss": 0.0,
    "fps_effective": 30.001516540838434,
    "mean_ms": 3.383078375935606,
    "stddev_ms": 0.4967510357024158,
    "p50_ms": 3.276807817622951,
    "p95_ms": 3.8388175176229504,
    "p99_ms": 6.596303637622954,
    "max_ms": 7.120329817622951,
    "p50_ms_raw": 3.532308,
    "p95_ms_raw": 4.0943176999999995,
    "p99_ms_raw": 6.851803820000003,
    "mean_ms_raw": 3.638578558312655,
    "max_ms_raw": 7.37583,
    "producer_encode_mean_ms": 0.2555001823770492,
    "first_id": 85,
    "last_id": 487,
    "gap_count": 0,
    "seen": 463,
    "decoded": 463,
    "decoded_ratio": 1.0
  },
  "ros_jpeg": {
    "count": 0,
    "expected": 390,
    "frame_loss": null,
    "fps_effective": null,
    "mean_ms": null,
    "stddev_ms": null,
    "p50_ms": null,
    "p95_ms": null,
    "p99_ms": null,
    "max_ms": null,
    "p50_ms_raw": null,
    "p95_ms_raw": null,
    "p99_ms_raw": null,
    "mean_ms_raw": null,
    "max_ms_raw": null,
    "producer_encode_mean_ms": 0.2555001823770492,
    "first_id": null,
    "last_id": null,
    "gap_count": null,
    "seen": null,
    "decoded": null,
    "decoded_ratio": null
  },
  "cpu_stack": {
    "ros2": {
      "mean_pct": 0.0,
      "p95_pct": 0.0,
      "n": 26
    },
    "usb_cam_node_ex": {
      "mean_pct": 8.076923076923077,
      "p95_pct": 10.0,
      "n": 26
    },
    "gst-launch-1.0": {
      "mean_pct": 10.461538461538462,
      "p95_pct": 12.0,
      "n": 26
    },
    "_total": {
      "mean_pct": 18.53846153846154,
      "p95_pct": 21.5,
      "n": 26
    }
  },
  "producer": {
    "frames_produced": 488,
    "underruns": 0,
    "underrun_total_late_ms": 0,
    "base_video_frames": 1100,
    "base_video_catch_up_reuses": 0,
    "encode_count": 488,
    "encode_total_ns": 124684089,
    "encode_max_ns": 1812053
  }
}