{
  "scenario": "cam-both-rcs-yuv-rtp",
  "duration_s": 30,
  "warmup_frames": 60,
  "expected_after_warmup": 840,
  "stream": {
    "count": 819,
    "expected": 840,
    "frame_loss": 0.025000000000000022,
    "fps_effective": 29.999012674915303,
    "mean_ms": 10.312044847647748,
    "stddev_ms": 0.6671445425398768,
    "p50_ms": 10.172207304302205,
    "p95_ms": 11.2606710043022,
    "p99_ms": 13.185274384302193,
    "max_ms": 15.619284304302202,
    "p50_ms_raw": 10.812675,
    "p95_ms_raw": 11.901138699999997,
    "p99_ms_raw": 13.825742079999989,
    "mean_ms_raw": 10.952512543345543,
    "max_ms_raw": 16.259752,
    "producer_encode_mean_ms": 0.6404676956977964,
    "first_id": 134,
    "last_id": 952,
    "gap_count": 0,
    "seen": 879,
    "decoded": 879,
    "decoded_ratio": 1.0
  },
  "ros_raw": {
    "count": 819,
    "expected": 840,
    "frame_loss": 0.025000000000000022,
    "fps_effective": 29.99990456362879,
    "mean_ms": 6.480209201738101,
    "stddev_ms": 0.3217000865483226,
    "p50_ms": 6.4324523043022035,
    "p95_ms": 6.776774804302203,
    "p99_ms": 7.797814944302201,
    "max_ms": 10.089265304302202,
    "p50_ms_raw": 7.07292,
    "p95_ms_raw": 7.4172424999999995,
    "p99_ms_raw": 8.438282639999997,
    "mean_ms_raw": 7.120676897435898,
    "max_ms_raw": 10.729733,
    "producer_encode_mean_ms": 0.6404676956977964,
    "first_id": 134,
    "last_id": 952,
    "gap_count": 0,
    "seen": 879,
    "decoded": 879,
    "decoded_ratio": 1.0
  },
  "ros_jpeg": {
    "count": 0,
    "expected": 840,
    "frame_loss": null,
    "fps_effective": null,
    "mean_ms": null,
    "stddev_ms": null,
    "p50_ms": null,
    "p95_ms": null,
    "p99_ms": null,
    "max_ms": null,
    "p50_ms_raw": null,
    "p95_ms_raw": null,
    "p99_ms_raw": null,
    "mean_ms_raw": null,
    "max_ms_raw": null,
    "producer_encode_mean_ms": 0.6404676956977964,
    "first_id": null,
    "last_id": null,
    "gap_count": null,
    "seen": null,
    "decoded": null,
    "decoded_ratio": null
  },
  "cpu_stack": {
    "ros2": {
      "mean_pct": 0.0,
      "p95_pct": 0.0,
      "n": 56
    },
    "camera_server_s": {
      "mean_pct": 24.0,
      "p95_pct": 26.5,
      "n": 56
    },
    "_total": {
      "mean_pct": 24.0,
      "p95_pct": 26.5,
      "n": 56
    }
  },
  "producer": {
    "frames_produced": 953,
    "underruns": 0,
    "underrun_total_late_ms": 0,
    "base_video_frames": 1439,
    "base_video_catch_up_reuses": 0,
    "encode_count": 953,
    "encode_total_ns": 610365714,
    "encode_max_ns": 2736224
  }
}