{
  "scenario": "cam-both-rcs-yuv-rtp",
  "duration_s": 15,
  "warmup_frames": 60,
  "expected_after_warmup": 390,
  "stream": {
    "count": 332,
    "expected": 390,
    "frame_loss": 0.14871794871794874,
    "fps_effective": 29.998215518538824,
    "mean_ms": 5.1937496792267535,
    "stddev_ms": 0.377118486253117,
    "p50_ms": 5.158222615973742,
    "p95_ms": 5.852178615973742,
    "p99_ms": 6.424799695973742,
    "max_ms": 6.789742115973741,
    "p50_ms_raw": 5.4091835,
    "p95_ms_raw": 6.1031395,
    "p99_ms_raw": 6.67576058,
    "mean_ms_raw": 5.444710563253012,
    "max_ms_raw": 7.040703,
    "producer_encode_mean_ms": 0.2509608840262582,
    "first_id": 125,
    "last_id": 456,
    "gap_count": 0,
    "seen": 392,
    "decoded": 392,
    "decoded_ratio": 1.0
  },
  "ros_raw": {
    "count": 332,
    "expected": 390,
    "frame_loss": 0.14871794871794874,
    "fps_effective": 30.000693438384683,
    "mean_ms": 3.051968646094224,
    "stddev_ms": 0.28996218085069103,
    "p50_ms": 2.994700115973742,
    "p95_ms": 3.4424738659737413,
    "p99_ms": 4.477807775973742,
    "max_ms": 4.919221115973741,
    "p50_ms_raw": 3.245661,
    "p95_ms_raw": 3.6934347499999993,
    "p99_ms_raw": 4.72876866,
    "mean_ms_raw": 3.302929530120482,
    "max_ms_raw": 5.170182,
    "producer_encode_mean_ms": 0.2509608840262582,
    "first_id": 125,
    "last_id": 456,
    "gap_count": 0,
    "seen": 392,
    "decoded": 392,
    "decoded_ratio": 1.0
  },
  "ros_jpeg": {
    "count": 0,
    "expected": 390,
    "frame_loss": null,
    "fps_effective": null,
    "mean_ms": null,
    "stddev_ms": null,
    "p50_ms": null,
    "p95_ms": null,
    "p99_ms": null,
    "max_ms": null,
    "p50_ms_raw": null,
    "p95_ms_raw": null,
    "p99_ms_raw": null,
    "mean_ms_raw": null,
    "max_ms_raw": null,
    "producer_encode_mean_ms": 0.2509608840262582,
    "first_id": null,
    "last_id": null,
    "gap_count": null,
    "seen": null,
    "decoded": null,
    "decoded_ratio": null
  },
  "cpu_stack": {
    "ros2": {
      "mean_pct": 0.07692307692307693,
      "p95_pct": 0.0,
      "n": 26
    },
    "camera_server_s": {
      "mean_pct": 12.692307692307692,
      "p95_pct": 14.0,
      "n": 26
    },
    "_total": {
      "mean_pct": 12.76923076923077,
      "p95_pct": 14.0,
      "n": 26
    }
  },
  "producer": {
    "frames_produced": 457,
    "underruns": 0,
    "underrun_total_late_ms": 0,
    "base_video_frames": 1100,
    "base_video_catch_up_reuses": 0,
    "encode_count": 457,
    "encode_total_ns": 114689124,
    "encode_max_ns": 789806
  }
}